# source: CodeWalker MetaTypes.cs / PsoTypes.cs (dexyfex), extracted by tools/extract_codewalker_schema.py
P 12b475a0 0 0 170688 100,c,0,0,b1f44fed d566f590,d,0,1,960000 100,c,0,0,7dd7579b 509c9878,d,39344,129,80002
P b1f44fed 0 0 1136 58dc0971,6,0,0,0 de5a4580,5,4,0,0 d853faeb,5,8,0,0 ff634cb6,5,12,0,0 78af9972,5,16,0,0 d337877c,7,20,0,0 1f85332,7,24,0,0 fd9df049,9,32,0,0 a146ae94,9,48,0,0 100,9,0,0,0 43faaa81,d,64,2,80009 100,c,0,0,3f0d0f0a 7bf6e742,d,192,2,10000b 100,c,0,0,2441dd4 39d61316,d,960,2,10000d 100,c,0,0,87e2b4df dbd6be2d,d,1088,2,8000f
P 3f0d0f0a 0 0 48 82f8ba6,9,0,0,0 5e3301b9,5,16,0,0 f64859d1,7,20,0,0 9f654edb,7,24,0,0 f20b03c,7,28,0,0 f9b0bc24,0,33,0,0 ecfb59,0,32,0,0 46efe168,0,34,0,0 1c89202e,5,36,0,0
P 2441dd4 0 0 8 75897761,7,0,0,0 db064419,7,4,0,0
P 87e2b4df 0 0 6 2898c3a7,3,0,0,0 5dde2e31,3,2,0,0 a83877d,3,4,0,0
P 7dd7579b 0 0 32 3760c51b,14,0,0,0 7041fd10,7,16,0,0 c6672c9e,7,20,0,0
P bdd20bcf 0 0 392 235d1478,c,8,0,1bc567f2 100,c,0,0,fb22670e 2b020ddd,d,48,0,1 100,c,0,0,7b9521b8 54fb4b4e,d,64,0,3 100,c,0,0,98a9e0ce 370d5711,d,80,0,5 100,c,0,0,99d7af68 aa246e0e,d,96,0,7 100,c,0,0,84eb9b0d 9af814f5,d,112,0,9 100,c,0,0,287ab4aa 593bc9c3,d,128,0,b 100,c,0,0,b0b09eb3 100,d,0,0,d d244fa73,d,144,4,d000e f8a65f1a,c,352,0,b6862dfa 100,c,0,0,a752e407 99d3b662,d,376,0,11
P 1bc567f2 0 0 40 100,c,0,0,b473fe0d 695f4fd7,d,8,0,0 b7a1336f,5,24,0,0 ff7488b5,2,28,0,0 3e9dae19,2,29,0,0 4e5a41f5,2,30,0,0 aefc30ed,2,31,0,0 d5eb6c2a,2,32,0,0
P b473fe0d 0 0 80 20265bdb,b,8,7,0 40ac92f1,b,12,7,0 a99e297e,b,16,7,0 3c152d7a,a,32,0,0 4a624f27,8,48,0,0 65c55be6,6,56,1,0 8e393a79,6,60,1,0 d72eb171,0,64,0,0 4a655433,8,68,0,0
P b6862dfa 0 0 24 fa3b44f7,6,8,1,0 f52a9a12,6,12,1,0 329e3010,7,16,0,0 bb80b9d5,7,20,0,0
P a752e407 0 0 24 4b1e0c9,6,8,1,0 d783c3ee,6,12,1,0 76229c8b,7,16,0,0 bc19a56a,7,20,0,0
P fb22670e 0 0 32 e953fd29,6,8,1,0 99b074f9,e,12,2,157c285e 69b6e89b,e,13,2,2070c98c 8d37e9f7,e,14,2,7b21d8f4 8a35ab87,6,16,0,0 130d0072,6,20,0,0 d8bc1c53,b,24,1,0
P 7b9521b8 0 0 24 22c6dc3d,7,8,0,0 fe22ed87,7,12,0,0 c4f11f00,7,16,0,0
P 98a9e0ce 0 0 16 e953fd29,6,8,1,0 e6e17f14,b,12,7,0
P 99d7af68 0 0 552 1b60404d,2,8,0,0 2fc096bc,c,16,0,4fd6dbbb 629e359,c,64,0,6ee10387 cc74aa25,c,120,0,6ee10387 4821a0a7,c,176,0,4fd6dbbb f49e1646,c,224,0,6ee10387 d557c3f4,c,280,0,6ee10387 41ec08fb,c,336,0,4fd6dbbb 6251fb95,c,384,0,6ee10387 e75aca2,c,440,0,4fd6dbbb ec16016f,c,488,0,6ee10387 e6e17f14,b,544,1,0
P 4fd6dbbb 0 0 48 efcd993d,7,8,0,0 9b35c6ec,7,12,0,0 2bb342ba,7,16,0,0 4a41f0b2,7,20,0,0 f918871f,7,24,0,0 652eec60,0,28,0,0 e953fd29,6,32,1,0 1a3aa17a,b,36,7,0 70d13811,0,40,0,0
P 6ee10387 0 0 56 c052dea7,7,8,0,0 17231b5b,7,12,0,0 efcd993d,7,16,0,0 d3287b7f,7,20,0,0 e953fd29,6,24,1,0 84a5fe17,2,28,0,0 74f9ae49,2,29,0,0 ddf7c07,2,30,0,0 2a7e0273,7,32,0,0 cb52392a,7,36,0,0 516f18fb,7,40,0,0 ee7cb97d,7,44,0,0 201842cc,0,48,0,0
P 84eb9b0d 0 0 2376 1b60404d,2,8,0,0 e6e17f14,b,16,1,0 699dd4d9,7,24,0,0 93687d9,7,28,0,0 625b7772,7,32,0,0 5dfc52a1,7,36,0,0 e255682b,7,40,0,0 6096ba62,7,44,0,0 1a3aa17a,b,48,7,0 4f96cc16,6,52,0,0 26b643d7,c,56,0,b412b73 525d67f6,c,72,0,b412b73 5c7c68fd,c,88,0,b412b73 b5cb1919,c,104,0,b412b73 caa68167,2,120,0,0 ce591d2b,2,121,0,0 fed1b89c,2,122,0,0 89bb3041,2,123,0,0 2fed553e,0,124,0,0 100,c,0,0,f3e23604 7a07c7f6,d,128,1,140013
P b412b73 0 0 16 c12a467c,6,8,0,0
P f3e23604 0 0 112 77dd4010,c,8,0,50de4353 e4447b12,c,40,0,50de4353 be35467d,c,72,0,1c2266c1 e953fd29,6,96,1,0 efcd993d,7,100,0,0 a04ea80f,2,104,0,0 e8a48e19,0,105,0,0 50032cdc,0,106,0,0 ec24b014,2,107,0,0 857b214f,0,108,0,0 42a53815,0,109,0,0 5d7fba48,0,110,0,0 d905375f,0,111,0,0
P 50de4353 0 0 32 429bda1a,7,8,0,0 84dc271f,7,12,0,0 f997622b,7,16,0,0 c12a467c,6,20,0,0 4e0fc6ca,2,24,0,0 34df9828,0,25,0,0 29dac1f,0,26,0,0
P 1c2266c1 0 0 24 efcd993d,7,8,0,0 c052dea7,7,12,0,0 14e85d1b,7,16,0,0 3b24b697,0,20,0,0
P 287ab4aa 0 0 120 5a3c3e43,b,8,7,0 1b60404d,4,12,0,0 b359729b,e,16,0,e665ca48 100,c,0,0,fc9f3124 204c7c0,d,24,0,3 100,c,0,0,a2c349b4 2dd85d31,d,40,0,5 100,c,0,0,e84e473 ce4a59b,d,56,0,7 100,c,0,0,197cc214 83079518,d,72,0,9 100,b,0,2,0 65970919,d,88,0,b 100,b,0,2,0 c38d3b2c,d,104,0,d
P e84e473 0 0 32 eeabe449,b,8,7,0 65484f47,6,12,0,0 25ee1d98,7,16,0,0 9c0e774c,2,20,0,0 3165b05d,e,24,0,8ce79df3
P fc9f3124 0 0 96 b939623,b,8,7,0 f64be75e,b,16,2,0 100,b,0,7,0 e365e0f7,d,24,0,2 100,e,0,0,d8b78c18 e05a6b59,d,40,0,4 3165b05d,e,56,0,8ce79df3 10d24723,e,60,0,d8b78c18 c0c3b6e5,e,64,0,d8b78c18 8b75a5a2,e,68,0,cb7ceff9 25ee1d98,7,72,0,0 9c0e774c,2,76,0,0 ac66d900,0,77,0,0 5d37d4bb,0,78,0,0 4d286e48,0,79,0,0 71fb9012,1,80,0,0 9e527dfa,1,81,0,0 1fa9543f,0,82,0,0 b51faf49,0,83,0,0 9a3b73f,5,84,0,0 1ce177b3,5,88,0,0
P 197cc214 0 0 24 37a6f9ef,e,8,0,8ce79df3 e6e17f14,b,16,2,0
P a2c349b4 0 0 24 b939623,b,8,7,0 10d24723,e,12,0,d8b78c18 ac66d900,0,16,0,0
P b0b09eb3 0 0 32 7407c061,b,8,7,0 ea7db3c6,b,12,7,0 f64be75e,b,16,2,0 639f5e8f,7,24,0,0 85b2ff7e,0,28,0,0
P aa5e7a9a 0 0 128 100,c,0,0,5608b839 83697767,d,8,0,0 100,c,0,0,5608b839 92891d6e,d,24,0,2 100,c,0,0,5608b839 744aa600,d,40,0,4 100,c,0,0,5608b839 a352ff99,d,56,0,6 100,c,0,0,5608b839 42725904,d,72,0,8 b87f8bfa,c,88,0,5248a481
P 5248a481 0 0 40 100,c,0,0,5608b839 9db4dfd4,d,8,0,0 100,c,0,0,5608b839 27b90e54,d,24,0,2
P 5608b839 0 0 24 e6e17f14,b,8,2,0 7c2387eb,2,16,0,0 7204a391,2,17,0,0
P 2c7c954b 0 0 24 100,c,0,0,18eafea9 ceae9967,d,8,0,0
P 18eafea9 0 0 96 b939623,b,8,1,0 100,c,0,0,99885dd2 8676a67,d,16,0,1 100,b,0,7,0 6ddf749b,d,32,0,3 100,b,0,7,0 aa0856bb,d,48,0,5 2d3fba3f,c,64,0,7f491294 8db32d08,2,88,0,0 84eb9b0d,2,89,0,0
P 99885dd2 0 0 44 100,2,0,0,0 e9bf9f2d,d,8,4,60000 100,0,0,0,0 a6648434,d,14,4,1e0002
P 7f491294 0 0 24 100,c,0,0,37f22dd2 fd703eae,d,8,0,0
P 37f22dd2 0 0 16 acec22be,b,8,7,0 f4e53011,6,12,0,0
P 771ae97c 0 0 24 100,c,0,0,6c22da9 65a83385,d,8,0,0
P 6c22da9 0 0 48 2759622b,e,8,0,6b07faef f9a4b087,b,16,3,0 ada6188b,b,32,3,0
P 6783faf6 0 0 120 100,b,0,3,0 b9670ade,d,8,0,0 100,c,0,0,b5787a88 c38f6db2,d,24,0,2 100,b,0,3,0 8c588f35,d,40,0,4 100,c,0,0,efebab2f f83ac9e3,d,56,0,6 100,c,0,0,b05daea6 24a382b4,d,72,0,8 100,b,0,3,0 d20e15a8,d,88,0,a 100,b,0,3,0 da7749a3,d,104,0,c
P efebab2f 0 0 176 40ca983a,b,8,0,800000 149281ce,e,136,0,e6565afb 5499f8a1,b,144,3,0 91ecdd31,0,160,0,0 2a85fb49,0,161,0,0 383bea5e,0,162,0,0 eb68f8d,0,163,0,0 994edfe1,0,164,0,0 f9555de7,0,165,0,0 eb66df66,0,166,0,0 2e85d584,e,168,0,27159db6 cf20534b,e,172,0,a0177817
P 47a1de0 0 0 24 100,c,0,0,fd33a573 61ef32b0,d,8,0,0
P fd33a573 0 0 72 7bcce6d3,b,8,3,0 31b69372,b,24,3,0 e01f1d17,b,40,3,0 ecacb34b,b,56,3,0
P 3efcbe5d 0 0 24 100,c,0,0,13346783 37b8d303,d,8,0,0
P 13346783 0 0 80 e6e17f14,b,8,7,0 1180f0b8,c,16,0,f377e8c8 100,6,0,0,0 efc0e923,d,48,0,2 5403564b,0,64,0,0
P f377e8c8 0 0 32 fe30e6f3,15,0,0,0 606068c4,15,16,0,0
P dd77771e 0 0 88 405bbe59,b,8,3,0 100,b,0,3,0 7a50c66e,d,24,0,1 100,c,0,0,eb66d086 5a24736f,d,40,0,3 100,c,0,0,d9826a6f 69adf93,d,56,0,5 100,c,0,0,4b2e7b4e d98e5646,d,72,0,7
P eb66d086 0 0 296 acec22be,b,8,2,0 46498ed4,b,16,2,0 994cf78f,b,24,7,0 201657fb,b,28,7,0 8c3e474c,b,32,7,0 68efe1b7,b,36,7,0 b3212586,b,40,7,0 b5ef3f22,b,44,7,0 c19d8347,b,48,7,0 100,b,0,7,0 b5fff3ab,d,56,0,9 5a42469f,b,72,7,0 f904503d,b,76,7,0 574af794,b,80,7,0 fc06e63b,b,84,7,0 4521457f,b,88,7,0 1142bbc6,b,92,7,0 6de6e30d,b,96,7,0 c2e07b31,b,100,7,0 4ad36856,b,104,7,0 184932e4,b,108,7,0 578626e0,b,112,7,0 66edd18c,b,116,7,0 3a8c80ca,b,120,7,0 4466638,b,124,7,0 4124025c,b,128,7,0 b175b7cc,b,132,7,0 d6ecda08,b,136,7,0 2a0220b5,b,140,7,0 c465f3bb,b,144,7,0 9fb729d8,b,148,7,0 32bac273,b,152,7,0 26f54d2f,b,156,7,0 c7dc3137,0,160,0,0 80611619,0,161,0,0 85f9aecd,0,162,0,0 819fc73c,0,163,0,0 2341e237,0,164,0,0 cb630405,0,165,0,0 f76512db,b,168,7,0 c39fa38f,b,172,7,0 bd3a7cde,b,176,7,0 27b17015,b,180,7,0 a6fd0c25,b,184,7,0 24f58fe0,b,188,7,0 355573b5,b,192,7,0 d240fc27,b,196,7,0 5935a723,b,200,7,0 cc75b61b,e,204,0,af653a9a bab31296,e,208,0,af653a9a f69e16e5,7,212,0,0 eb0beea8,7,216,0,0 93948834,7,220,0,0 50ac8005,7,224,0,0 3d9dbb07,7,228,0,0 a4de0b0d,7,232,0,0 fdc461bf,7,236,0,0 274173c,7,240,0,0 9c149b38,7,244,0,0 100,e,0,0,1656864b 33afe3cd,f,248,0,20003b 7d25b381,2,252,0,0 65052283,2,253,0,0 100,e,0,0,25faa988 f4c6d7db,f,254,2,5003f 772ec672,b,256,7,0 4374577e,b,260,7,0 db31bdd,e,264,0,77e96bb8 c1f3f299,e,268,0,c1f3f299 33c60b50,e,272,0,ef50abc9 cd109187,e,276,0,b497035a d07448ef,e,280,0,34f6c554 8720ee2d,7,284,0,0 ef90ce94,0,288,0,0
P 4b2e7b4e 0 0 40 a99c4651,b,8,3,0 100,b,0,3,0 e5c9a85,d,24,0,1
P a042ed3c 0 0 64 100,c,0,0,f5e8f50c 6208614e,d,8,0,0 938c294d,5,24,0,0 d34fd036,5,28,0,0 6e10a0fc,5,32,0,0 1b9fefaf,5,36,0,0 86a5ca2c,e,40,0,b636b7b6 c8c64c1a,7,44,0,0 c3e7a5a2,7,48,0,0 bc756765,7,52,0,0 809f9620,7,56,0,0
P f5e8f50c 0 0 48 db0b92d5,5,8,0,0 65ebeebb,5,12,0,0 1ab57d45,7,16,0,0 117c938,7,20,0,0 7aa5b7cc,7,24,0,0 d9bf345b,7,28,0,0 1e741a3e,7,32,0,0 727cee59,b,36,7,0 c7538fab,b,40,7,0 f05adc0f,b,44,7,0
P b05daea6 0 0 184 d7b2838b,b,8,3,0 100,c,0,0,27ba4bc3 30965039,d,24,0,1 100,b,0,3,0 e2d5e830,d,40,0,3 100,b,0,3,0 c65d92ae,d,56,0,5 100,b,0,3,0 9017afd6,d,72,0,7 100,b,0,7,0 1bc0ed1c,d,88,0,9 100,b,0,7,0 8d684c15,d,104,0,b 100,c,0,0,f3badcff 4e340f9,d,120,0,d 100,c,0,0,f3badcff 3642445b,d,136,0,f badd9405,0,152,0,0 12a39fb3,c,160,0,4754ac11
P 4754ac11 0 0 24 100,c,0,0,9761ac5e 24dc695c,d,8,0,0
P f0613e4b 0 0 128 100,b,0,7,0 100,c,0,3,0 8d0e43ee,10,8,1,1 100,b,0,7,0 100,c,0,0,13bccc13 b50f32bc,10,32,1,30004 100,b,0,7,0 100,c,0,0,79fa5b49 bf720cd0,10,56,1,60007 100,b,0,7,0 100,c,0,0,bfebf699 d28b3e12,10,80,1,9000a 100,b,0,7,0 100,c,0,3,0 4f7e0c6c,10,104,1,c000d
P 100 0 2 16 6098a50e,b,0,7,0 63fa3f2,c,8,3,0
P e06d721b 0 0 56 c95f5c9d,b,8,7,0 25de16df,b,12,7,0 100,b,0,7,0 100,c,0,3,0 c4622bba,10,16,1,20003 100,b,0,7,0 febdcfd9,d,40,0,5
P e776af37 0 0 32 100,e,0,0,d67b273 67d26872,f,8,0,200000 1470edc0,e,12,0,594efef5 2359684b,b,16,7,0 34df9828,7,24,0,0
P 24b75364 0 0 24 100,e,0,0,d67b273 67d26872,f,8,0,200000 1470edc0,e,12,0,594efef5 2359684b,b,16,7,0
P fbd4a2d1 0 0 8 
P ff6d2066 0 0 72 c95f5c9d,b,8,7,0 25de16df,b,12,7,0 100,b,0,7,0 100,c,0,3,0 c4622bba,10,16,1,20003 100,b,0,7,0 febdcfd9,d,40,0,5 73a2d676,b,56,7,0 fd97eb30,b,60,7,0 8814f3e9,0,64,0,0 5683ad16,b,68,7,0
P 13bccc13 0 0 24 100,e,0,0,61432155 3156187a,f,8,0,200000 4055a930,b,12,7,0 da29bfa5,e,16,0,2bb98246
P 79fa5b49 0 0 16 284ddb57,6,8,0,0 63013dec,6,12,0,0
P bfebf699 0 0 24 100,c,0,0,8c75a346 f739ee42,d,8,0,0
P 8c75a346 0 0 16 ff7f528d,b,8,7,0 28675d8,5,12,0,0
P 3bece916 0 0 24 100,b,0,7,0 67312be7,d,8,0,0
P fae1a86a 0 0 24 100,c,0,0,8a3c2709 c3b03152,d,8,0,0
P 8a3c2709 0 0 384 acec22be,b,8,7,0 6d0be3d3,c,16,0,9f79c322 9f581bdd,2,376,0,0
P 9f79c322 0 0 360 ec833e97,c,8,0,8d242161 100,c,0,0,bf0a2633 ef888d7e,d,48,1,60001 53c9cfa2,5,344,0,0 76ae4af2,6,348,0,0 f9736a90,6,352,0,0 8603dd0c,e,356,0,813b6c49
P 8d242161 0 0 40 ee180a59,b,8,7,0 e02c6e82,b,12,7,0 1199e54a,0,16,0,0 5a15a587,7,20,0,0 12a0245f,7,24,0,0 9840bdd0,7,28,0,0 7efbcb47,7,32,0,0
P bf0a2633 0 0 48 b0d7e6e9,b,8,7,0 7026e415,e,12,0,9395154f 399d3369,6,16,0,0 926e0b15,6,20,0,0 8d227152,6,24,0,0 d6252cea,6,28,0,0 1199e54a,0,32,0,0 bae96805,e,36,0,dc4fde9c 753786db,0,40,0,0
P 4d7f7488 0 0 24 100,c,0,0,2773ab89 bcbf2cf,d,8,0,0
P 2773ab89 0 0 64 e6e17f14,b,8,7,0 a3e1dc1b,e,12,0,c267ef1f 50032cdc,8,16,0,0 a13c79ef,8,24,0,0 fd95d964,6,32,1,0 d9394f28,7,36,0,0 9b017b20,e,40,0,1ecf3b6a 4a84ba30,8,44,0,0 775fd5a0,e,52,0,9ee5eca0 5b12990f,0,56,0,0 a011fe8a,5,60,0,0
P d68bfd46 0 0 24 100,c,0,3,0 1d6d321b,d,8,0,0
P eaa3b26c 0 0 16 964501b9,b,8,7,0 c31dcf6,b,12,7,0
P 61580f34 0 0 24 100,c,0,3,0 8856f48c,d,8,0,0
P 2d4bddbd 0 0 112 f67bb251,7,8,0,0 6966d74d,7,12,0,0 1166164,9,16,0,0 77dd4010,9,32,0,0 50032cdc,9,48,0,0 394697f0,2,64,0,0 a7e17530,2,65,0,0 b873c7e,2,66,0,0 f63111d2,2,67,0,0 10290ee9,7,68,0,0 13d14fa4,7,72,0,0 e51dc097,7,76,0,0 cc6806e8,7,80,0,0 23808d4e,20,88,0,0 8a561610,0,96,0,0 9f3ce745,e,100,0,9cb34eac
P f5fc6658 0 0 56 100,b,0,7,0 100,c,0,3,0 bb983391,10,8,1,1 100,b,0,7,0 100,c,0,3,0 e015090d,10,32,1,30004
P 7ae8bd8 0 0 40 be99cbd1,b,8,7,0 100,b,0,7,0 100,c,0,3,0 43770f4,10,16,1,10002
P 2ddfc025 0 0 16 be99cbd1,b,8,7,0
P 3b7d76bc 0 0 32 a65b765,0,8,0,0 841b5c14,b,12,7,0 6af9425c,7,16,0,0 4bc02c7e,0,20,0,0 f21b81f8,b,24,7,0 e9780296,7,28,0,0
P 9f9c8b64 0 0 224 100,b,0,7,0 100,c,0,3,0 61be3c05,10,8,1,1 100,b,0,7,0 100,c,0,3,0 b5d9356,10,32,1,30004 100,b,0,7,0 100,c,0,3,0 339e530d,10,56,1,60007 100,b,0,7,0 100,c,0,3,0 24ecc763,10,80,1,9000a 100,b,0,7,0 100,c,0,3,0 6681c613,10,104,1,c000d 100,b,0,7,0 100,c,0,3,0 91402e16,10,128,1,f0010 100,b,0,7,0 100,c,0,3,0 27fa0edf,10,152,1,120013 100,b,0,7,0 100,c,0,3,0 9a288a8,10,176,1,150016 100,b,0,7,0 100,c,0,3,0 72550972,10,200,1,180019
P df3eaeda 0 0 104 8ad055d8,5,8,0,0 ea20ae9b,5,12,0,0 6362bd81,5,16,0,0 ea88c329,5,20,0,0 a7953b20,5,24,0,0 cfc6c428,5,28,0,0 371c4e74,5,32,0,0 a3d551d2,5,36,0,0 a1f74215,5,40,0,0 16dd5dab,5,44,0,0 47a3fada,5,48,0,0 9ff0802a,5,52,0,0 e9113e2,5,56,0,0 d6c31b7a,5,60,0,0 5b4188f6,5,64,0,0 4723764c,5,68,0,0 5d19ce77,5,72,0,0 96a6e198,5,76,0,0 8eeebfad,7,80,0,0 49426688,7,84,0,0 5199e970,2,88,0,0 4799d538,2,89,0,0 5f2c845d,2,90,0,0 a5035101,2,91,0,0 6ca36042,2,92,0,0 8a309b58,2,93,0,0 5b9bde1,7,96,0,0
P 4d731f7d 0 0 24 25d52825,b,8,7,0 688e2872,b,12,7,0 ff0fd89d,7,16,0,0 5d68ba61,7,20,0,0
P 90989c26 0 0 16 df07882e,b,8,7,0 83817f5b,b,12,7,0
P 6bf1afa3 0 0 32 8d5f930d,5,8,0,0 e2e753e4,5,12,0,0 e9435b06,5,16,0,0 b5500556,7,20,0,0 9eeabc18,7,24,0,0 5199e970,2,28,0,0 4799d538,2,29,0,0 5f2c845d,2,30,0,0
P 5cf3de90 0 0 32 47b79aed,b,8,7,0 45d806ce,7,12,0,0 bdecedb6,7,16,0,0 e7855a7d,7,20,0,0 1316ba9b,7,24,0,0
P f9a480d0 0 0 16 df07882e,b,8,7,0 83817f5b,b,12,7,0
P 400303fc 0 0 24 6c2aabd1,7,8,0,0 579a84e6,7,12,0,0 581e5059,7,16,0,0 86c5a3b5,7,20,0,0
P 8433b49a 0 0 48 4a3d6923,7,8,0,0 39569c6,7,12,0,0 b23f0fcc,0,16,0,0 9914b5a8,0,17,0,0 fcdcdff,0,18,0,0 eb414566,0,19,0,0 5bcfa9dc,0,20,0,0 97b43f80,0,21,0,0 194ad6d8,7,24,0,0 7c4245a8,7,28,0,0 a6f5a93d,7,32,0,0 1d928347,7,36,0,0 444fd301,7,40,0,0
P c2e02701 0 0 512 100,c,0,0,dd205ef 117eb4aa,d,8,0,0 100,c,0,0,7180e947 eebea037,d,24,0,2 738ebb27,7,40,0,0 7da6fb75,0,44,0,0 35894699,7,48,0,0 309cc608,7,52,0,0 2b651735,0,56,0,0 4fdf324b,0,57,0,0 46ac7bbb,7,60,0,0 b6d4d3d3,0,64,0,0 ff742e7,7,68,0,0 1cb5722f,0,72,0,0 dc43af2a,0,73,0,0 74867b8c,7,76,0,0 4be3a3eb,7,80,0,0 5852e080,0,84,0,0 481f3029,7,88,0,0 c74aa0ed,0,92,0,0 11e4974d,7,96,0,0 8533f9a3,7,100,0,0 9dd88385,0,104,0,0 8279f7a8,7,108,0,0 5ba56867,7,112,0,0 7d927407,7,116,0,0 2511bdbe,7,120,0,0 73e1883a,7,124,0,0 2008be53,7,128,0,0 4d1b4ac9,7,132,0,0 6505e8ac,0,136,0,0 d524d910,7,140,0,0 193d51f9,b,144,7,0 f23501b1,0,148,0,0 100,c,0,0,6be7d583 52354e4d,d,152,0,22 775ca38c,7,168,0,0 2ac10156,7,172,0,0 24294430,0,176,0,0 88a87948,7,180,0,0 55afac1b,b,184,7,0 dfc20241,e,188,0,8cdfb5fc 3cdaba39,e,192,0,8cdfb5fc 9a84b96b,0,196,0,0 f1a99383,7,200,0,0 2c1d9899,b,204,7,0 6dbce406,7,208,0,0 34d06956,7,212,0,0 3eee7604,7,216,0,0 ada6b70b,7,220,0,0 ed0d6a32,7,224,0,0 baf08f0c,7,228,0,0 8144a698,0,232,0,0 a2551e1f,7,236,0,0 506f1e78,b,240,7,0 8d0e25bf,7,244,0,0 b9c2b4d,7,248,0,0 3eb9382d,7,252,0,0 a56032e5,7,256,0,0 19b73fbf,0,260,0,0 9a7a1749,7,264,0,0 9cdb8d53,b,268,7,0 ebfe1c83,7,272,0,0 a8298beb,7,276,0,0 ee27ce08,7,280,0,0 c7ddc9f3,7,284,0,0 1898111e,0,288,0,0 70a6f44a,7,292,0,0 ecc1b145,0,296,0,0 f6f587ef,b,300,7,0 1cd1657,7,304,0,0 405eb74c,7,308,0,0 fbc72e02,7,312,0,0 35bfd139,0,316,0,0 eb7df3aa,b,320,7,0 a03c7e,7,324,0,0 f63b37c0,7,328,0,0 4f1ca9c6,7,332,0,0 639a2da6,b,336,7,0 165511d8,7,340,0,0 4f94453c,7,344,0,0 fdce29d5,7,348,0,0 84d0a25a,b,352,7,0 efa93ac9,7,356,0,0 5a84b9ca,7,360,0,0 22279472,b,364,7,0 efb260be,7,368,0,0 801e64fc,7,372,0,0 ccea13b7,b,376,7,0 1bc1a082,7,380,0,0 4eb4282f,7,384,0,0 f42a961a,7,388,0,0 18c9d61c,7,392,0,0 e99cb2fd,b,396,7,0 ddf2c6c2,7,400,0,0 c472d2e1,0,404,0,0 62e7ef48,b,408,7,0 85727dc3,b,412,7,0 c7f63fc3,b,416,7,0 6b4e6f22,b,420,7,0 8bd31c28,b,424,7,0 a218a2cf,7,428,0,0 1b6f45ee,7,432,0,0 fbaefdc2,7,436,0,0 837a086b,0,440,0,0 979f1fd3,7,444,0,0 2f0fb84f,b,448,7,0 2465c2c8,e,452,0,8cdfb5fc 8a64db65,0,456,0,0 cf8fef68,7,460,0,0 cb82804e,b,464,7,0 ede5a245,e,468,0,8cdfb5fc d897163e,0,472,0,0 100,c,0,0,da63d205 6039f76b,d,480,0,71 80a4494a,0,496,0,0 a6f789de,7,500,0,0 6578a916,b,504,7,0
P dd205ef 0 0 24 d40ba4b,e,8,0,a5e44 d4063d75,b,12,7,0 d2b3f7ef,b,16,7,0
P 7180e947 0 0 32 8d14e938,e,8,0,8cdfb5fc 53e176d2,e,12,0,8cdfb5fc 39dc2c3e,e,16,0,2b545ab0 3f3e355e,b,20,7,0 b231c7d4,b,24,7,0
P 6be7d583 0 0 24 47b79aed,b,8,7,0 8d14e938,e,12,0,8cdfb5fc 53e176d2,e,16,0,8cdfb5fc 39dc2c3e,5,20,0,0
P da63d205 0 0 24 47b79aed,b,8,7,0 8d14e938,e,12,0,8cdfb5fc 53e176d2,e,16,0,8cdfb5fc
P d65d6396 0 0 32 100,b,0,7,0 100,c,0,3,0 f5d07307,10,8,1,1
P 11103841 0 0 64 e9037869,0,8,0,0 50adf644,b,12,7,0 100,c,0,0,cd0d0cd 95dae69,d,16,0,2 100,c,0,0,cd0d0cd b15c9a00,d,32,0,4 100,c,0,0,cd0d0cd df9f2f45,d,48,0,6
P cd0d0cd 0 0 48 f7e05281,0,8,0,0 1b62326,b,12,7,0 b8bbc09a,7,16,0,0 d7748371,7,20,0,0 914c47bf,7,24,0,0 69cfac66,5,28,0,0 47b15f2a,5,32,0,0 faa011ef,7,36,0,0 25cef2da,7,40,0,0 20ef093c,7,44,0,0
P c79a03 0 0 32 100,b,0,7,0 100,c,0,3,0 6d131a63,10,8,1,1
P 98fa9844 0 0 880 46d839b9,7,8,0,0 a54197dd,7,12,0,0 5238121e,7,16,0,0 edd929bc,7,20,0,0 b541b4d9,0,24,0,0 86ddf717,b,28,7,0 54283a90,7,32,0,0 377b69,7,36,0,0 eecc83e3,7,40,0,0 a61edb96,7,44,0,0 437b0e6d,7,48,0,0 80dfb874,7,52,0,0 827c8c71,7,56,0,0 4abea04e,0,60,0,0 a91c2b64,0,61,0,0 7c0cd837,b,64,7,0 d2af0f0b,7,68,0,0 a4860165,0,72,0,0 fe397202,b,76,7,0 eaaea0f3,7,80,0,0 d5ff99c0,0,84,0,0 13720bb7,b,88,7,0 7a4a2120,7,92,0,0 89f78f65,0,96,0,0 3063159f,0,97,0,0 37c62d89,0,98,0,0 7fb0f896,b,100,7,0 9a5e4ad6,b,104,7,0 a42fe97a,b,108,7,0 61637283,7,112,0,0 46f9d50a,7,116,0,0 f559bbff,7,120,0,0 615edcd9,0,124,0,0 75ef65a5,b,128,7,0 672c20c6,7,132,0,0 a313fa47,7,136,0,0 895b77d2,7,140,0,0 7e27445,7,144,0,0 3f71f2bb,0,148,0,0 2b7dd10f,b,152,7,0 d29967fe,b,156,7,0 ad749482,7,160,0,0 9988ee0d,7,164,0,0 65a50c5e,7,168,0,0 12efd936,5,172,0,0 282afea,5,176,0,0 b97e3d0d,7,180,0,0 e9e65e5f,0,184,0,0 619cb2a6,7,188,0,0 e69c1f02,7,192,0,0 c75fc831,7,196,0,0 71737126,7,200,0,0 ed900a5d,7,204,0,0 f3d0d68a,7,208,0,0 b8dce627,7,212,0,0 c513478b,b,216,7,0 3deddef9,7,220,0,0 890460c7,b,224,7,0 255f6c99,7,228,0,0 590c6f69,b,232,7,0 b190e4c3,7,236,0,0 5451938,7,240,0,0 7baa0edc,7,244,0,0 5baec814,0,248,0,0 fb89150a,b,252,7,0 5fe2039a,7,256,0,0 366068bf,7,260,0,0 3f6b670d,7,264,0,0 38274eec,0,268,0,0 9ee79b0c,b,272,7,0 37baf5c7,7,276,0,0 ebed6d3e,7,280,0,0 49fdf95b,7,284,0,0 3bf3483f,0,288,0,0 c8982319,9,304,0,0 56fba678,0,320,0,0 fb1ea57a,b,324,7,0 a59ca64b,7,328,0,0 c4358f9a,7,332,0,0 12c17e3,7,336,0,0 df4593c4,0,340,0,0 704cb0a7,9,352,0,0 80ebd9c9,b,368,7,0 9dd16dd,7,372,0,0 4c150865,7,376,0,0 81798fc9,7,380,0,0 92bc8043,7,384,0,0 b2094a73,0,388,0,0 d61f807b,7,392,0,0 bd75abf6,b,396,7,0 292f931d,7,400,0,0 a9af1d1e,7,404,0,0 a104406a,7,408,0,0 3670cb4c,0,412,0,0 cc4bca31,7,416,0,0 1076c709,b,420,7,0 1ddfe4d2,7,424,0,0 27eae6cc,7,428,0,0 adaf60a7,7,432,0,0 e5444f9a,0,436,0,0 3ab9460a,7,440,0,0 61b32595,b,444,7,0 20a5a8aa,b,448,7,0 8f3785a9,b,452,7,0 55023151,9,464,0,0 8582c745,7,480,0,0 628a89e1,7,484,0,0 db232290,7,488,0,0 e2c9b79,7,492,0,0 722b9729,7,496,0,0 e5f98131,7,500,0,0 40968325,0,504,0,0 cab5adc9,7,508,0,0 6a3bcc0f,b,512,7,0 cbe991bd,7,516,0,0 61d4c295,7,520,0,0 e0b28ae8,7,524,0,0 24ffbdb6,0,528,0,0 13e01027,7,532,0,0 8d6ab3e3,b,536,7,0 ebf4f515,7,540,0,0 f12aaa8c,7,544,0,0 dba83a5b,7,548,0,0 a859caef,7,552,0,0 e2f8e89e,7,556,0,0 69ad6d19,7,560,0,0 b0733662,7,564,0,0 5ff35e52,0,568,0,0 2768b357,7,572,0,0 a8fe3f84,7,576,0,0 f96c9beb,b,580,7,0 3c71a6ea,7,584,0,0 d5aad06a,7,588,0,0 de426077,7,592,0,0 bf8c4742,0,596,0,0 1a98bff5,b,600,7,0 185db30a,7,604,0,0 7fe53f9d,7,608,0,0 2595a6c7,0,612,0,0 4290382c,b,616,7,0 ad8b9271,7,620,0,0 19c7b987,7,624,0,0 70b6f060,7,628,0,0 cb80085e,0,632,0,0 4fc2b924,b,636,7,0 a93ad996,7,640,0,0 703dce1a,7,644,0,0 221796bf,7,648,0,0 e52dac8f,0,652,0,0 26a458a6,b,656,7,0 d24fdc04,b,660,7,0 506d1d83,b,664,7,0 f18dc24,b,668,7,0 cc3ff4b6,b,672,7,0 7e2feb03,7,676,0,0 fd7fc6e0,7,680,0,0 df8545b7,7,684,0,0 717fe099,7,688,0,0 82a06c6,0,692,0,0 149c21c8,b,696,7,0 8916e836,7,700,0,0 dd7285c7,7,704,0,0 6f25a11b,7,708,0,0 579a09c8,0,712,0,0 1b7ebcae,b,716,7,0 4eb9dd8a,b,720,7,0 a2ff366e,b,724,7,0 73524700,b,728,7,0 99617063,b,732,7,0 b7577b6,7,736,0,0 5696371b,7,740,0,0 f2c16aee,7,744,0,0 25b8c9bc,7,748,0,0 9914b5a8,0,752,0,0 194ad6d8,7,756,0,0 639a2da6,b,760,7,0 97c96143,7,764,0,0 aa9497fe,7,768,0,0 4663bbf0,7,772,0,0 2ac61f3d,7,776,0,0 4234c3ec,7,780,0,0 a21b76f8,7,784,0,0 fcdcdff,0,788,0,0 7c4245a8,7,792,0,0 84d0a25a,b,796,7,0 ae70d27e,7,800,0,0 3a365858,7,804,0,0 fe825e59,7,808,0,0 1447dedf,7,812,0,0 ab580355,7,816,0,0 eb414566,0,820,0,0 a6f5a93d,7,824,0,0 22279472,b,828,7,0 dbb104f,7,832,0,0 461f7a71,7,836,0,0 3dcbf23e,7,840,0,0 3ebdb099,7,844,0,0 c0f42c48,7,848,0,0 5bcfa9dc,0,852,0,0 1d928347,7,856,0,0 ccea13b7,b,860,7,0 7de521c6,7,864,0,0 1bc1a082,7,868,0,0 4eb4282f,7,872,0,0
P 252ddd9d 0 0 56 100,b,0,7,0 100,c,0,3,0 eabb51f6,10,8,1,1 100,b,0,7,0 100,c,0,3,0 2bd77314,10,32,1,30004
P 922ea309 0 0 24 118ac788,b,8,7,0 dc732774,7,12,0,0 50032cdc,7,16,0,0 2921b74a,6,20,1,0
P 6af8ffce 0 0 24 72169c52,b,8,7,0 dc732774,7,12,0,0 b82c8c41,7,16,0,0 9e72b30a,7,20,0,0
P ff50df45 0 0 4120 100,c,0,0,7fc06f64 fe16b7dd,d,8,0,0 100,c,0,0,7624f5a6 473c2e5f,d,24,0,2 100,c,0,0,c74a6405 8db5e364,d,40,4,ff0004
P c74a6405 0 0 16 100,e,0,0,5f56c3da 4b621302,f,8,2,80000
P 7fc06f64 0 0 56 8409764f,b,8,7,0 42b53006,b,12,7,0 fb5833a9,b,16,7,0 620c923d,1e,20,0,0 e236b69d,1e,22,0,0 273c306c,1e,24,0,0 91e6bcf0,1e,26,0,0 9b8b6acd,1e,28,0,0 95afb4ac,1e,30,0,0 b85fd5c0,1e,32,0,0 7e499c48,1e,34,0,0 fb38c455,1e,36,0,0 221fb8d9,1e,38,0,0 508bf01b,1e,40,0,0 77221ce6,1e,42,0,0 5d91d860,1e,44,0,0 4e7c93e0,1e,46,0,0 a5223073,1e,48,0,0 81e34224,2,50,0,0 d02840b5,2,51,0,0 100,e,0,0,38ffb219 4b621302,f,52,2,80014
P 7624f5a6 0 0 56 8409764f,b,8,7,0 4e036667,6,12,1,0 33429960,6,16,1,0 ba77545c,1e,20,0,0 2a728d38,1e,22,0,0 2cffd917,1e,24,0,0 9b212450,1e,26,0,0 fe590b10,1e,28,0,0 aee168d7,1e,30,0,0 96f75809,1e,32,0,0 89ec3de7,1e,34,0,0 cd213ff,1e,36,0,0 73ee627e,1e,38,0,0 9d4f20ee,1e,40,0,0 cc4b721b,1e,42,0,0 b084ea8d,1e,44,0,0 3d3377ec,1e,46,0,0 f78ac8e8,1e,48,0,0 8fa73965,2,50,0,0 d79ff410,2,51,0,0 100,e,0,0,4a55ce69 4b621302,f,52,1,100014 865447e,2,54,0,0 a7ae97fc,2,55,0,0
P 6172064b 0 0 40 100,c,0,3,0 f44c8c7f,d,8,0,0 100,c,0,3,0 4561227e,d,24,0,2
P d6d67ec5 0 0 96 acec22be,b,8,7,0 e6d4854d,8,16,0,0 303f1574,8,24,0,0 1d439a7f,7,32,0,0 d7ec2294,7,36,0,0 54e7489e,7,40,0,0 e32151c0,7,44,0,0 3fb513af,7,48,0,0 466f9dd9,7,52,0,0 af4db4d7,7,56,0,0 68efa213,7,60,0,0 e8fe261,7,64,0,0 a289dd57,7,68,0,0 15d98d0a,7,72,0,0 5e72d65a,7,76,0,0 f5195fb1,7,80,0,0 ef90de54,0,84,0,0 bcfb9251,0,85,0,0 15e673df,0,86,0,0 df674869,0,87,0,0 3a7c3408,0,88,0,0
P 239c2264 0 0 32 acec22be,b,8,7,0 5a1a83ab,b,16,7,0 cc1f61e1,b,20,7,0 b57d7888,b,24,7,0 753786db,0,28,0,0
P 6877fd3e 0 0 328 acec22be,b,8,7,0 5a1a83ab,b,16,7,0 cc1f61e1,b,20,7,0 b57d7888,b,24,7,0 753786db,0,28,0,0 b0981ee1,7,32,0,0 b32465c1,7,36,0,0 6d41225,0,40,0,0 5b7f0ca3,7,44,0,0 b084ea8d,7,48,0,0 9d84db6a,7,52,0,0 b437af70,7,56,0,0 326e3373,7,60,0,0 d2f315d2,6,64,0,0 daae024b,6,68,0,0 65514e96,7,72,0,0 4b67141e,7,76,0,0 4535531c,7,80,0,0 be2c8ead,6,84,0,0 abed3219,6,88,0,0 427e026,0,92,0,0 a257eae8,7,96,0,0 65775a51,7,100,0,0 be6aa37,7,104,0,0 2125fe82,b,108,7,0 97512980,b,112,7,0 fa62ff34,b,116,7,0 c52c78d3,b,120,7,0 4c46cd58,c,128,0,ff0f9cd 616dd02,7,256,0,0 2ceb9afd,7,260,0,0 32bf3a0a,7,264,0,0 3dbe7085,7,268,0,0 d1b13be3,0,272,0,0 21dc6ad2,7,276,0,0 2e90db58,7,280,0,0 9ac63598,0,284,0,0 578932df,7,288,0,0 2b61120b,7,292,0,0 bb34608f,7,296,0,0 be83dc3c,0,300,0,0 b68174d7,7,304,0,0 714548e6,7,308,0,0 f386e623,7,312,0,0 c1bd32bb,7,316,0,0 24d802c7,7,320,0,0 932bbb14,7,324,0,0
P ff0f9cd 0 0 128 4448643,c,8,0,63aeed0c 27d25fc2,c,88,0,a49616bc
P 63aeed0c 0 0 80 2ebcad0d,b,8,7,0 f3696056,b,12,7,0 f6a81e31,8,16,0,0 a683daea,8,24,0,0 9bab248d,8,32,0,0 e57b91a3,8,40,0,0 ad00c7e8,7,48,0,0 b316685a,7,52,0,0 2b9554b3,7,56,0,0 f172c470,7,60,0,0 87f057d5,7,64,0,0 37a2e536,7,68,0,0 c1f0a0c8,7,72,0,0
P a49616bc 0 0 40 5a1a83ab,b,8,7,0 67cacbac,8,12,0,0 7670856e,8,20,0,0 ad00c7e8,7,28,0,0 b316685a,7,32,0,0 2b9554b3,7,36,0,0
P 16f53758 0 0 392 acec22be,b,8,7,0 5a1a83ab,b,16,7,0 cc1f61e1,b,20,7,0 b57d7888,b,24,7,0 753786db,0,28,0,0 b9b2232d,6,32,0,0 e284ae4b,6,36,0,0 7780c4c1,6,40,0,0 185d24f2,6,44,0,0 6b966675,7,48,0,0 73025195,7,52,0,0 42966678,7,56,0,0 d73b62a1,7,60,0,0 abfdbed4,7,64,0,0 4545d958,7,68,0,0 7ee31765,7,72,0,0 d0dd9540,7,76,0,0 79a2d8b5,7,80,0,0 504016c6,7,84,0,0 1d88c585,7,88,0,0 de0eef9d,7,92,0,0 319c5ecf,7,96,0,0 38d11cd3,7,100,0,0 be6aa37,7,104,0,0 4ccde372,7,108,0,0 fb90caa2,7,112,0,0 24907acb,7,116,0,0 6536cb9,7,120,0,0 be2c8ead,6,124,0,0 abed3219,6,128,0,0 4b67141e,7,132,0,0 65514e96,7,136,0,0 4535531c,7,140,0,0 2e90db58,7,144,0,0 21dc6ad2,7,148,0,0 887e0f4f,7,152,0,0 da117552,7,156,0,0 cfa9975b,7,160,0,0 4f054b32,7,164,0,0 8432d327,0,168,0,0 6d41225,0,169,0,0 8261c567,0,170,0,0 443f3e73,0,171,0,0 f97e48e1,7,172,0,0 12d167d1,0,176,0,0 450e545e,8,180,0,0 2125fe82,b,188,7,0 97512980,b,192,7,0 fa62ff34,b,196,7,0 c52c78d3,b,200,7,0 4c46cd58,c,208,0,ff0f9cd 3a9f25ba,7,336,0,0 cdc05e66,7,340,0,0 8c39f4bd,7,344,0,0 24d802c7,7,348,0,0 932bbb14,7,352,0,0 f386e623,7,356,0,0 c1bd32bb,7,360,0,0 d507f72d,7,364,0,0 2d5ec2a6,7,368,0,0 561c7a1b,7,372,0,0 d0834d6,7,376,0,0 b68174d7,7,380,0,0 714548e6,7,384,0,0 3dbe7085,7,388,0,0
P fb75fb24 0 0 136 acec22be,b,8,7,0 5a1a83ab,b,16,7,0 cc1f61e1,b,20,7,0 b57d7888,b,24,7,0 753786db,0,28,0,0 de3297c4,8,32,0,0 450e545e,8,40,0,0 ff98892f,8,48,0,0 12c7a3a2,7,56,0,0 2bee85f2,7,60,0,0 215ceee3,7,64,0,0 b084ea8d,7,68,0,0 ed6af816,7,72,0,0 a4b81a30,7,76,0,0 9d84db6a,7,80,0,0 805ecb7e,7,84,0,0 2da26bb0,7,88,0,0 d934ff06,7,92,0,0 7d442b57,6,96,0,0 edee1305,6,100,0,0 100,c,0,0,b6a7e4d7 5bbd6e3f,d,104,0,14 616dd02,7,120,0,0 2ceb9afd,7,124,0,0 32bf3a0a,7,128,0,0
P b6a7e4d7 0 0 16 e8abc762,7,8,0,0 ac6056df,7,12,0,0
P 6423ed97 0 0 256 acec22be,b,8,7,0 5a1a83ab,b,16,7,0 cc1f61e1,b,20,7,0 b57d7888,b,24,7,0 753786db,0,28,0,0 de3297c4,8,32,0,0 450e545e,8,40,0,0 ff98892f,8,48,0,0 12c7a3a2,7,56,0,0 2bee85f2,7,60,0,0 796d7ce7,7,64,0,0 fb85bbf5,7,68,0,0 40e03dbc,7,72,0,0 b084ea8d,7,76,0,0 ed6af816,7,80,0,0 a4b81a30,7,84,0,0 9d84db6a,7,88,0,0 21b10f71,7,92,0,0 805ecb7e,7,96,0,0 2da26bb0,7,100,0,0 7d442b57,6,104,0,0 100,c,0,0,b6a7e4d7 5bbd6e3f,d,112,0,15 616dd02,7,128,0,0 2ceb9afd,7,132,0,0 32bf3a0a,7,136,0,0 74bf89de,7,140,0,0 fdfc7009,7,144,0,0 5124b8cd,7,148,0,0 a7d2e6f1,7,152,0,0 a97af16f,7,156,0,0 f4ee2c76,7,160,0,0 21b544bb,7,164,0,0 e7d0e327,7,168,0,0 e9ab8f23,7,172,0,0 be2339df,7,176,0,0 3d81f83a,7,180,0,0 848994c2,7,184,0,0 2cd74e57,7,188,0,0 601cfea6,c,192,0,bc8eb7cd c5dda588,c,224,0,bc8eb7cd
P bc8eb7cd 0 0 32 5a1a83ab,b,8,7,0 a3759c66,7,12,0,0 89788a0a,7,16,0,0 f82ed670,7,20,0,0 b84f15e1,7,24,0,0
P e397c62f 0 0 168 acec22be,b,8,7,0 5a1a83ab,b,16,7,0 cc1f61e1,b,20,7,0 b57d7888,b,24,7,0 753786db,0,28,0,0 4dd28014,6,32,0,0 26f6ea65,7,36,0,0 34e3a918,7,40,0,0 2c48493b,c,48,0,d0d49ffb b16b3c8f,c,72,0,d0d49ffb 78d06e53,c,96,0,d0d49ffb 91a016dc,8,120,0,0 de3297c4,8,128,0,0 b084ea8d,7,136,0,0 ed6af816,7,140,0,0 a4b81a30,7,144,0,0 2d73db5e,8,148,0,0 14c01f86,7,156,0,0 7d442b57,7,160,0,0
P d0d49ffb 0 0 24 450e545e,8,8,0,0 14048040,8,16,0,0
P d0a962bd 0 0 200 acec22be,b,8,7,0 5a1a83ab,b,16,7,0 cc1f61e1,b,20,7,0 b57d7888,b,24,7,0 753786db,0,28,0,0 7815da3a,7,32,0,0 7fea350a,7,36,0,0 1db656ee,7,40,0,0 2646e0d5,6,44,0,0 e481796c,6,48,0,0 5765bfc,6,52,0,0 cc138697,6,56,0,0 51619d94,6,60,0,0 6b4746ff,6,64,0,0 921dc79b,6,68,0,0 8efb3df4,6,72,0,0 ef39cf0e,6,76,0,0 f206fc5c,6,80,0,0 6f12b81f,6,84,0,0 aad02812,6,88,0,0 aef8257c,6,92,0,0 c2bdbd09,7,96,0,0 182b599,7,100,0,0 9235ef1c,7,104,0,0 13df26c0,7,108,0,0 cefba55e,7,112,0,0 d20acb3e,7,116,0,0 19e9cf8,7,120,0,0 9e5cdbc9,7,124,0,0 e3c5c523,7,128,0,0 bb04f10d,7,132,0,0 8023ea8d,7,136,0,0 509e44c5,7,140,0,0 21570ddb,7,144,0,0 1445769d,7,148,0,0 ee3db235,7,152,0,0 4f49c9a5,7,156,0,0 d81159cb,7,160,0,0 309f2454,7,164,0,0 9e21d815,7,168,0,0 dfc9dbf9,7,172,0,0 ce1333f,6,176,0,0 3058e5fc,6,180,0,0 5d12e8f3,7,184,0,0 8e2010e7,7,188,0,0 6b4c83d2,7,192,0,0
P bfaa5865 0 0 72 acec22be,b,8,7,0 5a1a83ab,b,16,7,0 cc1f61e1,b,20,7,0 b57d7888,b,24,7,0 753786db,0,28,0,0 ff98892f,8,32,0,0 dbbfea90,7,40,0,0 8b0605a5,8,44,0,0 be7de487,8,52,0,0 79309ebc,8,60,0,0
P 81f03dc8 0 0 96 acec22be,b,8,7,0 5a1a83ab,b,16,7,0 cc1f61e1,b,20,7,0 b57d7888,b,24,7,0 753786db,0,28,0,0 ff98892f,8,32,0,0 dbbfea90,7,40,0,0 f764c689,8,44,0,0 9d84db6a,7,52,0,0 b084ea8d,7,56,0,0 7d442b57,6,60,0,0 ccb6bfe8,7,64,0,0 8d7b1bcd,7,68,0,0 17db5878,7,72,0,0 3dbe7085,7,76,0,0 6eaa6388,7,80,0,0 616dd02,7,84,0,0 2ceb9afd,7,88,0,0 32bf3a0a,7,92,0,0
P 97455136 0 0 400 acec22be,b,8,7,0 5a1a83ab,b,16,7,0 cc1f61e1,b,20,7,0 b57d7888,b,24,7,0 753786db,0,28,0,0 b0981ee1,7,32,0,0 b32465c1,7,36,0,0 6d41225,0,40,0,0 5b7f0ca3,7,44,0,0 b084ea8d,7,48,0,0 9d84db6a,7,52,0,0 b437af70,7,56,0,0 326e3373,7,60,0,0 d2f315d2,6,64,0,0 daae024b,6,68,0,0 65514e96,7,72,0,0 4b67141e,7,76,0,0 4535531c,7,80,0,0 be2c8ead,6,84,0,0 abed3219,6,88,0,0 427e026,0,92,0,0 a257eae8,7,96,0,0 65775a51,7,100,0,0 be6aa37,7,104,0,0 2125fe82,b,108,7,0 97512980,b,112,7,0 fa62ff34,b,116,7,0 c52c78d3,b,120,7,0 4c46cd58,c,128,0,ff0f9cd 616dd02,7,256,0,0 2ceb9afd,7,260,0,0 32bf3a0a,7,264,0,0 3dbe7085,7,268,0,0 d1b13be3,0,272,0,0 21dc6ad2,7,276,0,0 2e90db58,7,280,0,0 9ac63598,0,284,0,0 578932df,7,288,0,0 2b61120b,7,292,0,0 bb34608f,7,296,0,0 be83dc3c,0,300,0,0 b68174d7,7,304,0,0 714548e6,7,308,0,0 f386e623,7,312,0,0 c1bd32bb,7,316,0,0 24d802c7,7,320,0,0 932bbb14,7,324,0,0 34d2e824,9,336,0,0 26bc2d9f,8,352,0,0 b5c8ae6e,8,360,0,0 3f915eea,8,368,0,0 e46d9313,8,376,0,0 1890e8e3,8,384,0,0
P 82410f6d 0 0 1344 acec22be,b,8,7,0 5a1a83ab,b,16,7,0 cc1f61e1,b,20,7,0 b57d7888,b,24,7,0 753786db,0,28,0,0 abf4e827,b,32,7,0 16746e39,b,36,7,0 ce8048fc,b,40,7,0 f393bab3,b,44,7,0 95cfc8ed,b,48,7,0 f2abf154,b,52,7,0 39fbfba9,b,56,7,0 325aa388,b,60,7,0 26a97cea,b,64,7,0 2b11183c,b,68,7,0 cab22bbe,b,72,7,0 34c371a0,b,76,7,0 efb8ed3b,b,80,7,0 6f3614cd,7,84,0,0 a436c00b,7,88,0,0 61664920,7,92,0,0 8a8329ef,9,96,0,0 6ad7e324,9,112,0,0 a96fb179,9,128,0,0 bc857185,9,144,0,0 b1afcef3,9,160,0,0 1bb26b72,9,176,0,0 8934132a,9,192,0,0 568e59d2,9,208,0,0 fa22e782,9,224,0,0 3bb22c47,9,240,0,0 6f09ec3c,9,256,0,0 47cf6c7d,8,272,0,0 1445c10c,8,280,0,0 c1a46779,8,288,0,0 473e496,8,296,0,0 f3ab024a,7,304,0,0 a5d75d3c,7,308,0,0 76e2a865,7,312,0,0 16de80c4,7,316,0,0 aeb95df1,0,320,0,0 726c7003,7,324,0,0 3861d0e2,7,328,0,0 20e61934,7,332,0,0 638f6f57,7,336,0,0 2c46fe76,7,340,0,0 a01dae11,8,344,0,0 57dac6ff,7,352,0,0 29f6918e,0,356,0,0 7f491c93,0,357,0,0 f99dc7fb,0,358,0,0 906ea67c,c,360,0,2c727aac c5dda588,c,376,0,bc8eb7cd 63ae05ed,c,408,0,bc8eb7cd f72a3f49,c,440,0,83cbb1ef 72147363,0,456,0,0 ce397bc8,0,457,0,0 34811cfb,0,458,0,0 92d55a2,c,464,0,5ca47384 60dd3ccf,c,504,0,5ca47384 a0ff15f4,c,544,0,5ca47384 3cd75ae5,c,584,0,f64b4987 c2b3b58a,c,608,0,8f2e895d faf91daf,0,656,0,0 adf76730,7,660,0,0 5ce9a4a3,7,664,0,0 10f26bb,7,668,0,0 924ffb0b,7,672,0,0 2f0cdc17,0,676,0,0 9e828758,0,677,0,0 9d56d88f,0,678,0,0 1442eb2f,0,679,0,0 1f3b998c,0,680,0,0 90c93b33,0,681,0,0 de09fec4,0,682,0,0 fc01963f,0,683,0,0 cc212cba,0,684,0,0 34ab610c,0,685,0,0 50294d1f,0,686,0,0 100,e,0,0,a5d84583 d21469bc,f,688,0,20004f 68ecc7ff,e,692,0,caec3ee2 23210e22,e,696,0,7f5c19ff 33e5090,9,704,0,0 97e2bb15,9,720,0,0 3904cd26,0,736,0,0 1737f371,5,740,0,0 e15e804f,c,744,0,1543cae8 83667041,c,808,0,38e57419 1e5cb5d3,7,856,0,0 fdfc7009,7,860,0,0 ea6a7211,7,864,0,0 64c268a2,7,868,0,0 1e070e99,8,872,0,0 bab1ab92,0,880,0,0 8e2f8d7e,0,881,0,0 5066c31d,0,882,0,0 69074df0,0,883,0,0 5bb13ee3,0,884,0,0 497231ff,0,885,0,0 a6df3d05,0,886,0,0 f8b22e64,0,887,0,0 ccdb9537,8,888,0,0 5b9d3940,8,896,0,0 c3360130,8,904,0,0 370ec3dc,8,912,0,0 db6680e5,8,920,0,0 a27a8e,8,928,0,0 8cd567e3,8,936,0,0 aeba2dab,8,944,0,0 ff9632b5,8,952,0,0 4475e619,8,960,0,0 30c393b2,8,968,0,0 be9b5f05,8,976,0,0 6e1c992b,8,984,0,0 409b4b21,8,992,0,0 f635f0fa,8,1000,0,0 6c6cde6,8,1008,0,0 427c0f5c,8,1016,0,0 ef2ecc01,0,1024,0,0 4d9a7482,0,1025,0,0 64dd08df,8,1028,0,0 2d490184,8,1036,0,0 1c467713,0,1044,0,0 7d442b57,6,1048,0,0 3fe85ff4,0,1052,0,0 67788151,6,1056,0,0 b084ea8d,7,1060,0,0 a4b81a30,7,1064,0,0 aad372a,0,1068,0,0 67901b72,7,1072,0,0 8bb872,0,1076,0,0 7d882910,0,1077,0,0 32bda364,6,1080,0,0 9d84db6a,7,1084,0,0 30a562a0,0,1088,0,0 1a36c723,0,1089,0,0 616dd02,7,1092,0,0 2ceb9afd,7,1096,0,0 3a328bc3,0,1100,0,0 32bf3a0a,7,1104,0,0 bef8aaa,0,1108,0,0 602a3b22,7,1112,0,0 806dd59e,0,1116,0,0 2125fe82,b,1120,7,0 97512980,b,1124,7,0 fa62ff34,b,1128,7,0 f4cebfe1,0,1132,0,0 3ea790c4,0,1133,0,0 b1f9ba74,7,1136,0,0 48622809,0,1140,0,0 8ab5c747,7,1144,0,0 4a487626,7,1148,0,0 fb55604d,7,1152,0,0 a2111642,c,1160,0,d1236e1d 2346368,7,1208,0,0 ccb9af0c,9,1216,0,0 da6c1451,7,1232,0,0 a74fb775,7,1236,0,0 649e0553,7,1240,0,0 5960bd42,7,1244,0,0 300872f3,7,1248,0,0 6ae1bfa3,7,1252,0,0 6a584943,7,1256,0,0 97fb1c40,7,1260,0,0 93ff7ba9,7,1264,0,0 cd0d18c3,7,1268,0,0 a39751bc,7,1272,0,0 52b4cc41,7,1276,0,0 498313f3,7,1280,0,0 dae91900,9,1296,0,0 7e596a1e,9,1312,0,0 b05bc76e,7,1328,0,0 7da49586,7,1332,0,0
P 2c727aac 0 0 16 6b728a11,0,8,0,0 bf85225,7,12,0,0
P 5ca47384 0 0 40 94180358,7,8,0,0 cca870e,7,12,0,0 a117c53c,7,16,0,0 afe4e6b9,7,20,0,0 a8aec876,7,24,0,0 b8efc6bb,7,28,0,0 1e582b77,7,32,0,0 bea8943a,7,36,0,0
P f64b4987 0 0 24 1b242c70,7,8,0,0 296470eb,7,12,0,0 777cfbad,7,16,0,0 a5de55cc,7,20,0,0
P 8f2e895d 0 0 48 20e3121d,0,8,0,0 3144ebf2,9,16,0,0 69d0e896,7,32,0,0 8188b97a,7,36,0,0 479ca7c,7,40,0,0
P 1543cae8 0 0 64 f82ed670,7,8,0,0 2b9554b3,7,12,0,0 574f46ea,7,16,0,0 c2a4ed,0,20,0,0 39adff2e,7,24,0,0 c752a03f,8,28,0,0 e88fa34,7,36,0,0 8f0b1686,8,40,0,0 7ad0698a,8,48,0,0 7d7d4d8,8,56,0,0
P 38e57419 0 0 48 399b5ef5,7,8,0,0 6a05d793,0,12,0,0 d20fa10b,7,16,0,0 f82ed670,7,20,0,0 2b9554b3,7,24,0,0 6aa02017,7,28,0,0 ec169f9e,7,32,0,0 ab3a0bd4,0,36,0,0 6759c76e,7,40,0,0
P d1236e1d 0 0 48 ece02820,0,8,0,0 7dd79ce9,7,12,0,0 9e0eaea,7,16,0,0 2b9554b3,7,20,0,0 c500203d,7,24,0,0 46bed0a7,7,28,0,0 6a05d793,0,32,0,0 c824b8d6,7,36,0,0 d039b07c,7,40,0,0 4b108d9b,7,44,0,0
P be5d1ccb 0 0 104 acec22be,b,8,7,0 5a1a83ab,b,16,7,0 cc1f61e1,b,20,7,0 b57d7888,b,24,7,0 753786db,0,28,0,0 450e545e,8,32,0,0 b084ea8d,7,40,0,0 ed6af816,7,44,0,0 9d84db6a,7,48,0,0 7d442b57,6,52,0,0 dd794bd7,7,56,0,0 ccb6bfe8,7,60,0,0 65514e96,7,64,0,0 8760daef,6,68,0,0 d722c048,7,72,0,0 6de38bed,6,76,0,0 616dd02,7,80,0,0 2ceb9afd,7,84,0,0 32bf3a0a,7,88,0,0 2125fe82,b,92,7,0 97512980,b,96,7,0 fa62ff34,b,100,7,0
P 3ee16d24 0 0 88 acec22be,b,8,7,0 5a1a83ab,b,16,7,0 cc1f61e1,b,20,7,0 b57d7888,b,24,7,0 753786db,0,28,0,0 450e545e,8,32,0,0 b084ea8d,7,40,0,0 b924b2e5,7,44,0,0 c1732b8a,7,48,0,0 1f921de7,7,52,0,0 e3d3df59,7,56,0,0 7815da3a,7,60,0,0 b0c7e213,7,64,0,0 7d442b57,6,68,0,0 562b8b71,6,72,0,0 ae0cb3e3,6,76,0,0 8e55168a,6,80,0,0
P 88e0f9b2 0 0 136 acec22be,b,8,7,0 5a1a83ab,b,16,7,0 cc1f61e1,b,20,7,0 b57d7888,b,24,7,0 753786db,0,28,0,0 6f3614cd,7,32,0,0 a436c00b,7,36,0,0 ed719cc8,7,40,0,0 b71cbb16,7,44,0,0 26fe940c,7,48,0,0 42739223,7,52,0,0 72d1367e,7,56,0,0 459dc365,7,60,0,0 271f3b1c,7,64,0,0 380bee66,7,68,0,0 f889ff2e,7,72,0,0 a2efe718,7,76,0,0 d4fa5865,5,80,0,0 8ffc2f,7,84,0,0 74776271,7,88,0,0 4aa1aa12,7,92,0,0 dfc9dbf9,7,96,0,0 616dd02,7,100,0,0 2ceb9afd,7,104,0,0 32bf3a0a,7,108,0,0 8e1646a3,7,112,0,0 6692839f,0,116,0,0 4297e134,7,120,0,0 b9ad8152,7,124,0,0 44332ee8,0,128,0,0 5678036e,7,132,0,0
P de77338f 0 0 192 acec22be,b,8,7,0 5a1a83ab,b,16,7,0 cc1f61e1,b,20,7,0 b57d7888,b,24,7,0 753786db,0,28,0,0 6f3614cd,7,32,0,0 a436c00b,7,36,0,0 224c6b8c,5,40,0,0 d9a38f13,9,48,0,0 418ab98a,0,64,0,0 d4fa5865,5,68,0,0 46f2989f,9,80,0,0 15e2d3fe,0,96,0,0 c98d63bf,6,100,0,0 bddf0e57,7,104,0,0 ff299066,7,108,0,0 19a7189c,7,112,0,0 8f7090f7,7,116,0,0 7e2a9da3,7,120,0,0 f24e9b3b,7,124,0,0 52eeed84,7,128,0,0 dc73e8ed,7,132,0,0 dfc9dbf9,7,136,0,0 8e1646a3,7,140,0,0 cb0fc87f,7,144,0,0 f8904ea3,7,148,0,0 cbc4b316,7,152,0,0 aee75726,7,156,0,0 a1d538f4,7,160,0,0 7d442b57,6,164,0,0 d722c048,7,168,0,0 616dd02,7,172,0,0 2ceb9afd,7,176,0,0 32bf3a0a,7,180,0,0
P 9a3d77a8 0 0 288 acec22be,b,8,7,0 7fb3214d,c,16,0,d8921d56 fe8b688e,c,128,0,21b4658d b1d33bd1,c,224,0,58a53d49 2006a12b,6,264,0,0 f53b32a2,0,268,0,0 881d4f75,0,269,0,0 112e6f3a,0,270,0,0 8c60e279,0,271,0,0 823c93d1,0,272,0,0 5bbe6c7a,8,276,0,0 5c8983c1,6,284,0,0
P d8921d56 0 0 112 1e5ad8ca,0,8,0,0 d6d923fe,0,9,0,0 9624a3b6,e,12,0,1ea25d4e 100,e,0,0,a11d7ca8 4b621302,f,16,2,50003 100,c,0,0,1edf7421 629635b3,d,24,4,50005 600219db,b,104,7,0
P 1edf7421 0 0 16 649f1986,8,8,0,0
P 21b4658d 0 0 96 c29e43cd,7,8,0,0 1b2a89a7,7,12,0,0 61005a68,7,16,0,0 5b2916f3,7,20,0,0 71e672fd,7,24,0,0 1907e665,7,28,0,0 a3128388,7,32,0,0 80c30462,7,36,0,0 41b532f3,7,40,0,0 accecca1,7,44,0,0 8c939e4a,7,48,0,0 fe64714f,7,52,0,0 30ebc24e,0,56,0,0 73418c35,b,60,7,0 9763621e,c,64,0,cd9c05b1
P cd9c05b1 0 0 32 1063a7dc,7,8,0,0 8f45d45,7,12,0,0 ec6f9f71,7,16,0,0 5414d401,7,20,0,0 c25f1503,7,24,0,0 f7f41b34,7,28,0,0
P 58a53d49 0 0 40 65b2b1b6,0,8,0,0 5762caae,0,9,0,0 30ebc24e,0,10,0,0 779e3a1a,7,12,0,0 70201d5b,7,16,0,0 d7809bb6,7,20,0,0 c29e43cd,7,24,0,0 1b2a89a7,7,28,0,0 61005a68,7,32,0,0 eccea901,7,36,0,0
P a91c7732 0 0 128 acec22be,b,8,7,0 5a1a83ab,b,16,7,0 cc1f61e1,b,20,7,0 b57d7888,b,24,7,0 753786db,0,28,0,0 46f2989f,9,32,0,0 d3c8ccb2,9,48,0,0 ea09e204,7,64,0,0 4d0b8730,8,68,0,0 d3ddee29,8,76,0,0 ef36ff4f,8,84,0,0 139b5bf2,8,92,0,0 b084ea8d,7,100,0,0 9d84db6a,7,104,0,0 8307aec0,7,108,0,0 441cc1ab,6,112,0,0 616dd02,7,116,0,0 2ceb9afd,7,120,0,0 32bf3a0a,7,124,0,0
P a24a8086 0 0 56 acec22be,b,8,7,0 eead9a5a,6,16,0,0 487153e,6,20,0,0 6cdd667c,6,24,0,0 6773bf6b,7,28,0,0 8d227152,5,32,0,0 f2665818,6,36,0,0 7816fe62,e,40,0,e9b5f3e5 3bdafb94,e,44,0,e9b5f3e5 587c08ae,0,48,0,0
P 208349ef 0 0 80 acec22be,b,8,7,0 a75cf7f3,9,16,0,0 f6e6ba46,9,32,0,0 88466d7c,9,48,0,0 4358893f,9,64,0,0
P 949dbbf0 0 0 32 acec22be,b,8,7,0 5a1a83ab,b,16,7,0 cc1f61e1,b,20,7,0 b57d7888,b,24,7,0 753786db,0,28,0,0
P 21f13603 0 0 112 acec22be,b,8,7,0 5a1a83ab,b,16,7,0 cc1f61e1,b,20,7,0 b57d7888,b,24,7,0 753786db,0,28,0,0 f29c03a4,9,32,0,0 1f3a2c8,7,48,0,0 514a6c2f,7,52,0,0 13ff6921,7,56,0,0 19abf108,7,60,0,0 19730845,7,64,0,0 f65fc808,7,68,0,0 2fcf0f56,7,72,0,0 3b1d1624,7,76,0,0 43d07feb,7,80,0,0 87afafdb,7,84,0,0 fdfc7009,7,88,0,0 5246dcf8,7,92,0,0 c508aef8,7,96,0,0 d8742de7,6,100,0,0
P b3610755 0 0 192 acec22be,b,8,7,0 5a1a83ab,b,16,7,0 cc1f61e1,b,20,7,0 b57d7888,b,24,7,0 753786db,0,28,0,0 f393bab3,b,32,7,0 efb8ed3b,b,36,7,0 6f3614cd,7,40,0,0 a436c00b,7,44,0,0 887389f4,e,48,0,caec3ee2 a6c0b43b,9,64,0,0 33e5090,9,80,0,0 47cf6c7d,8,96,0,0 1445c10c,8,104,0,0 adf76730,7,112,0,0 5ce9a4a3,7,116,0,0 c5dda588,c,120,0,bc8eb7cd bab1ab92,0,152,0,0 8e2f8d7e,0,153,0,0 5066c31d,0,154,0,0 69074df0,0,155,0,0 497231ff,0,156,0,0 7d442b57,6,160,0,0 b084ea8d,7,164,0,0 a4b81a30,7,168,0,0 7d882910,0,172,0,0 9d84db6a,7,176,0,0 616dd02,7,180,0,0 2ceb9afd,7,184,0,0 32bf3a0a,7,188,0,0
P e0151331 0 0 2288 acec22be,b,8,7,0 5a1a83ab,b,16,7,0 cc1f61e1,b,20,7,0 b57d7888,b,24,7,0 753786db,0,28,0,0 abf4e827,b,32,7,0 2b85dd1c,b,36,7,0 560b20f7,b,40,7,0 39d50a2,b,44,7,0 6f3614cd,7,48,0,0 a436c00b,7,52,0,0 c500a940,7,56,0,0 a9aedee5,0,60,0,0 b2f6858d,0,61,0,0 964c73ec,7,64,0,0 f269c0f5,7,68,0,0 8f6c2678,7,72,0,0 2b6283c4,7,76,0,0 b52bf478,7,80,0,0 65d0ec4e,7,84,0,0 46fca03e,7,88,0,0 357d87e2,6,92,0,0 8fd684e,7,96,0,0 f06992b9,0,100,0,0 7aabc20d,7,104,0,0 1d1999a7,7,108,0,0 53d38852,7,112,0,0 a7c0611e,b,116,7,0 16350c4c,0,120,0,0 2fada8fe,0,121,0,0 733d619e,0,122,0,0 3cea96f9,c,128,0,20563ea6 aa8add61,0,152,0,0 4474a641,7,156,0,0 1ff5cd2f,7,160,0,0 3f840bf9,c,176,0,98bd85b2 c21b4b3d,c,272,0,d3863565 231a522f,c,320,0,436dea3 781079e9,7,344,0,0 ed5ce258,7,348,0,0 9205bd18,7,352,0,0 2977ee0c,7,356,0,0 53474fdb,7,360,0,0 34904e4f,0,364,0,0 a958b0e,7,368,0,0 216b9e03,7,372,0,0 6d02aef1,8,376,0,0 a8a16257,7,384,0,0 40a70ca9,7,388,0,0 ed22548c,7,392,0,0 76af2bd2,c,400,0,ff291ad2 7438d45e,0,448,0,0 e64563c3,0,449,0,0 dc54b1e1,0,450,0,0 83e9a4aa,0,451,0,0 2b361a8c,0,452,0,0 a0bb6327,7,456,0,0 75d016cc,7,460,0,0 20e05e36,7,464,0,0 5cd9acd6,7,468,0,0 f7af3334,9,480,0,0 f9fdaf1d,9,496,0,0 a11aa88e,0,512,0,0 772195f1,0,513,0,0 853fa59d,0,514,0,0 cf6714c5,9,528,0,0 592ce832,7,544,0,0 1448c13e,c,552,0,aec1b94a ff17760b,7,592,0,0 31160503,0,596,0,0 d11713fa,7,600,0,0 ca7b0081,7,604,0,0 d94a7db,c,608,0,56daf6de da09f41e,7,632,0,0 62a076be,8,636,0,0 75b54651,8,644,0,0 6a07242a,7,652,0,0 97355a3,7,656,0,0 c4b48d0c,c,664,0,47d0bc1e a682aa17,0,688,0,0 7de217e1,8,692,0,0 b6e6ecfb,7,700,0,0 117c094d,7,704,0,0 d6ff08ce,7,708,0,0 f0c6625b,8,712,0,0 50dadfc4,8,720,0,0 d73a47f9,c,728,0,4dfe9f26 74116d07,c,752,0,8d6fd954 1d3a6eed,b,776,7,0 7e7e9c53,0,780,0,0 6aa5540b,b,784,7,0 849c7b2f,b,788,7,0 b0710322,b,792,7,0 8572dc60,b,796,7,0 2225be8a,b,800,7,0 4ae7c750,0,804,0,0 5319446e,c,808,0,ccde4b7a 3680937f,c,872,0,ccde4b7a f11d8552,0,936,0,0 e5eec3ed,0,937,0,0 83a434ea,0,938,0,0 cebd0246,0,939,0,0 d770d8e4,0,940,0,0 9f3a371e,0,941,0,0 7ec95705,7,944,0,0 7d1bcbac,0,948,0,0 3c7cc4f1,7,952,0,0 98c84b71,7,956,0,0 7222a09f,8,960,0,0 d640e2e6,7,968,0,0 7011f669,7,972,0,0 58a3d475,7,976,0,0 7856f988,7,980,0,0 4ca7fd0a,7,984,0,0 431f205,c,992,0,8cf5bbaf fb36652e,c,1024,0,69c0cc3b 7a738bbe,c,1064,0,18f157f2 705c17b8,0,1104,0,0 4852dbe0,0,1105,0,0 1c3cb00f,7,1108,0,0 95cfc8ed,b,1112,7,0 d524f18e,b,1116,7,0 889b0c09,6,1120,0,0 1b62f2cc,7,1124,0,0 f3f8fa0a,7,1128,0,0 3d48a56c,7,1132,0,0 99ac880f,8,1136,0,0 9020f726,b,1144,7,0 11e2c655,0,1148,0,0 100,c,0,0,98391dc7 5b0ad9d,d,1152,4,50081 100,c,0,0,98391dc7 2c3023a5,d,1272,4,50083 5cdb4256,0,1392,0,0 100,c,0,0,98391dc7 5fcd0641,d,1400,4,50086 100,c,0,0,98391dc7 1be0dd1b,d,1520,4,50088 fdfd8f76,b,1640,7,0 8ee74477,7,1644,0,0 34d317da,7,1648,0,0 e90d756c,7,1652,0,0 ff3ab73c,7,1656,0,0 544fc2ba,7,1660,0,0 dea1fea,7,1664,0,0 307f6416,7,1668,0,0 3341f1f3,7,1672,0,0 8a7547e4,c,1680,0,2153a71e 780f23a9,c,1768,0,387e479c fe2ed7d9,c,1952,0,43560c8f cde1435,0,1968,0,0 f8068978,c,1976,0,ccde4b7a a33bd505,8,2040,0,0 cb4a5556,8,2048,0,0 1f84e4e9,0,2056,0,0 e5f2f235,7,2060,0,0 a54b4ec2,7,2064,0,0 d6247e3f,0,2068,0,0 e8360a4d,8,2072,0,0 8bc35bd9,c,2080,0,55508975 b87e2d2e,7,2112,0,0 81569dd,7,2116,0,0 7b4b709c,7,2120,0,0 654d84a9,c,2128,0,7a69b64a 1db79bbd,c,2160,0,f28f93c5 8e320ef5,c,2192,0,82157869 824e384,c,2224,0,961f064e 277430f,c,2248,0,96cf912b
P 20563ea6 0 0 24 72745386,7,8,0,0 7c5aede2,7,12,0,0 d5a55373,7,16,0,0 cbe0db3b,7,20,0,0
P 98bd85b2 0 0 96 8798fa0d,0,8,0,0 7b6d76a2,7,12,0,0 ae406c87,7,16,0,0 df6d7a78,0,20,0,0 fb36652e,c,24,0,c95e5001 ff8eefe1,9,64,0,0 5e3d09c8,0,80,0,0
P c95e5001 0 0 40 ef2ecc01,0,8,0,0 a3759c66,7,12,0,0 89788a0a,7,16,0,0 452dd9e5,7,20,0,0 d0cbaecb,7,24,0,0 f82ed670,7,28,0,0 2b9554b3,7,32,0,0
P d3863565 0 0 48 3d8ddf47,7,8,0,0 42739223,7,12,0,0 87ae44a,7,16,0,0 a00da2db,7,20,0,0 4167ddd6,7,24,0,0 ee6fc0f7,7,28,0,0 b0ee6e8f,7,32,0,0 87d1f836,7,36,0,0 d9cf2a01,7,40,0,0 ac286cd7,7,44,0,0
P 436dea3 0 0 24 2871e1d,7,8,0,0 8f267e68,7,12,0,0 edb1553e,7,16,0,0
P ff291ad2 0 0 48 3929e99d,0,8,0,0 59a16394,6,12,0,0 da838586,6,16,0,0 98a4a5c1,6,20,0,0 b0eb1411,6,24,0,0 7b60bfed,7,28,0,0 653e9bc2,7,32,0,0 8e06afc6,7,36,0,0 1abff95b,0,40,0,0
P aec1b94a 0 0 40 7b6d76a2,7,8,0,0 11b3201e,7,12,0,0 eeb25ca0,7,16,0,0 1f69d33d,7,20,0,0 1e2e9f5,7,24,0,0 a1148a9c,0,28,0,0 1342909,0,29,0,0 df6d7a78,0,30,0,0 f82ed670,7,32,0,0 2b9554b3,7,36,0,0
P 56daf6de 0 0 24 26da36ad,0,8,0,0 95d8a4e4,6,12,0,0 cba59c09,7,16,0,0
P 47d0bc1e 0 0 24 47e72d7d,7,8,0,0 fee4d7e1,7,12,0,0 c7783daa,7,16,0,0 9b467368,7,20,0,0
P 4dfe9f26 0 0 24 26da36ad,0,8,0,0 c824b8d6,7,12,0,0 f82ed670,7,16,0,0 2b9554b3,7,20,0,0
P ccde4b7a 0 0 64 cf4fade3,0,8,0,0 4843a0a4,0,9,0,0 ee0a9759,0,10,0,0 b77e9c9e,7,12,0,0 c5ddaf69,7,16,0,0 57646e7f,7,20,0,0 4778dc05,7,24,0,0 4f6d5503,7,28,0,0 f1a95fa4,7,32,0,0 b1651682,7,36,0,0 19a6b124,7,40,0,0 25d81336,7,44,0,0 cbbe9005,7,48,0,0 31d10fb1,7,52,0,0 40e26a9a,7,56,0,0
P 8cf5bbaf 0 0 32 d0cbaecb,7,8,0,0 41ebd1d,7,12,0,0 8bb8e2f2,7,16,0,0 b3c47991,7,20,0,0 6f14c820,7,24,0,0
P 69c0cc3b 0 0 40 1a00a8e8,0,8,0,0 f9067c6,7,12,0,0 3bd53e60,7,16,0,0 a3759c66,7,20,0,0 89788a0a,7,24,0,0 85741baf,7,28,0,0 5124b8cd,7,32,0,0
P 18f157f2 0 0 32 fdb6c562,7,8,0,0 8cd52649,7,12,0,0 f82ed670,7,16,0,0 2b9554b3,7,20,0,0 2ed6c8e4,7,24,0,0
P 98391dc7 0 0 24 f006ecca,7,8,0,0 781079e9,7,12,0,0 ed5ce258,7,16,0,0 6a07242a,7,20,0,0
P 2153a71e 0 0 88 79311b01,0,8,0,0 978184b8,b,12,7,0 bb64228b,7,16,0,0 9b1c1553,7,20,0,0 5319446e,c,24,0,ccde4b7a
P 387e479c 0 0 184 79311b01,0,8,0,0 978184b8,b,12,7,0 62a076be,8,16,0,0 75b54651,8,24,0,0 f914ba7,7,32,0,0 d640e2e6,7,36,0,0 27b92ec2,7,40,0,0 f6414178,6,44,0,0 ed41e0f9,7,48,0,0 5319446e,c,56,0,ccde4b7a 2c07845d,c,120,0,ccde4b7a
P 43560c8f 0 0 16 79311b01,0,8,0,0 f914ba7,7,12,0,0
P 55508975 0 0 32 6811fa9a,8,8,0,0 f440a09,7,16,0,0 f82ed670,7,20,0,0 2b9554b3,7,24,0,0
P 7a69b64a 0 0 32 5a1a83ab,b,8,7,0 bd1b0cd6,7,12,0,0 104133f9,7,16,0,0 1d476472,7,20,0,0 a0fdccf7,7,24,0,0
P f28f93c5 0 0 32 5a1a83ab,b,8,7,0 bd1b0cd6,7,12,0,0 104133f9,7,16,0,0 1d476472,7,20,0,0 5610e4a3,7,24,0,0 782074af,7,28,0,0
P 82157869 0 0 32 5a1a83ab,b,8,7,0 47e72d7d,7,12,0,0 fee4d7e1,7,16,0,0 bd1b0cd6,7,20,0,0 104133f9,7,24,0,0
P 961f064e 0 0 24 5a1a83ab,b,8,7,0 66d16521,7,12,0,0 eccea901,7,16,0,0 104133f9,7,20,0,0
P 96cf912b 0 0 40 95d8a4e4,6,8,0,0 451c5feb,7,12,0,0 ada5b410,7,16,0,0 2cdf0b70,7,20,0,0 42798ee5,7,24,0,0 ff0343ef,7,28,0,0 cba59c09,7,32,0,0
P c098352 0 0 240 acec22be,b,8,7,0 728f2242,0,16,0,0 c63b5f69,0,17,0,0 5a0b0be4,0,18,0,0 68b1ff38,0,19,0,0 a4a375a5,0,20,0,0 50d480c6,0,21,0,0 9e5c4991,0,22,0,0 759dd97e,0,23,0,0 6fd6afff,0,24,0,0 47f877b8,c,32,0,4f589d40 178a3f92,c,72,0,37e0352b 7135fd99,c,88,0,6ba2753a 14194c5a,c,104,0,79dad600 b122776,c,136,0,e12ddbc9 76af2bd2,c,152,0,d789ca9f 87b49ed7,c,184,0,76604c89 13e48f4e,c,216,0,68dee293
P 4f589d40 0 0 40 7f2b8e30,6,8,0,0 21c9664,7,12,0,0 f6312d90,7,16,0,0 a9c4001c,7,20,0,0 5e5c3220,7,24,0,0 2ed8d2b2,7,28,0,0 4da93434,7,32,0,0
P 37e0352b 0 0 16 39534c4a,6,8,0,0
P 6ba2753a 0 0 16 f82ed670,7,8,0,0 2b9554b3,7,12,0,0
P 79dad600 0 0 32 ef2fc0ca,7,8,0,0 a858669b,7,12,0,0 f82ed670,7,16,0,0 2b9554b3,7,20,0,0 6c71d659,7,24,0,0
P e12ddbc9 0 0 16 c963eb63,6,8,0,0 1334f53f,7,12,0,0
P d789ca9f 0 0 32 3929e99d,0,8,0,0 8041ffc,0,9,0,0 863de42f,7,12,0,0 c1561f8d,7,16,0,0 93354e94,7,20,0,0 b978d152,7,24,0,0
P 76604c89 0 0 32 e8140ae7,7,8,0,0 a03bd82d,7,12,0,0 43116ce3,7,16,0,0 98b87c31,7,20,0,0 2b9554b3,7,24,0,0 24b00ebb,0,28,0,0 3725cc85,0,29,0,0 25ab8a8e,0,30,0,0
P 68dee293 0 0 24 7dd79ce9,7,8,0,0 9e0eaea,7,12,0,0 2b9554b3,7,16,0,0
P 38067dcc 0 0 88 acec22be,b,8,7,0 2896f504,7,16,0,0 63c847ea,7,20,0,0 6a07242a,7,24,0,0 75b54651,8,28,0,0 4035e2e,7,36,0,0 a41a3772,c,40,0,e6f1137 b5e62f4a,b,64,7,0 17cce7be,b,68,7,0 12d167d1,0,72,0,0 cbf3d6f1,0,73,0,0 8ffc2f,7,76,0,0 459d0fb0,0,80,0,0
P e6f1137 0 0 24 d1aa043a,7,8,0,0 816c8b98,7,12,0,0 e2b7c6ee,7,16,0,0 b28ce6f,7,20,0,0
P 231f950f 0 0 184 acec22be,b,8,7,0 a9013e00,7,16,0,0 d7809bb6,7,20,0,0 b779f71,c,24,0,97dbc764 bafb1464,c,64,0,b8972a6 e9ca7388,c,104,0,ee626554 d6d37c0d,c,144,0,9e40a2e1
P 97dbc764 0 0 40 43a0f766,0,8,0,0 3d1a6f9e,6,12,0,0 3afbc0c8,6,16,0,0 84b0a47a,6,20,0,0 9f00ade4,7,24,0,0 a7036825,7,32,0,0
P b8972a6 0 0 40 43a0f766,0,8,0,0 3d1a6f9e,6,12,0,0 3afbc0c8,6,16,0,0 84b0a47a,6,20,0,0 9f00ade4,7,24,0,0 5a3da545,7,32,0,0 19369808,7,36,0,0
P ee626554 0 0 40 43a0f766,0,8,0,0 3d1a6f9e,6,12,0,0 3afbc0c8,6,16,0,0 84b0a47a,6,20,0,0 9f00ade4,7,24,0,0 19529cbb,6,32,0,0
P 9e40a2e1 0 0 40 43a0f766,0,8,0,0 3d1a6f9e,6,12,0,0 3afbc0c8,6,16,0,0 84b0a47a,6,20,0,0 9f00ade4,7,24,0,0 7258d2db,6,32,0,0
P 400f722e 0 0 40 acec22be,b,8,7,0 1cbfef98,7,16,0,0 3e671ad9,7,20,0,0 8e55168a,5,24,0,0 e05f3a03,0,28,0,0 a912a85a,e,32,0,e9b5f3e5
P 9c44b36a 0 0 56 acec22be,b,8,7,0 d336cf47,7,16,0,0 a24639e6,7,20,0,0 b75c5830,7,24,0,0 cf8a46c2,7,28,0,0 65a1f372,7,32,0,0 256a3aff,7,36,0,0 bbec5101,7,40,0,0 e74c8b98,7,44,0,0 5d0c7186,7,48,0,0 44905b13,7,52,0,0
P 6129a2b4 0 0 64 acec22be,b,8,7,0 2d9da92d,7,16,0,0 3ae55f74,7,20,0,0 66d16521,7,24,0,0 ea540d09,7,28,0,0 60cace86,7,32,0,0 89788a0a,7,36,0,0 e0873c02,0,40,0,0 53fda21,7,44,0,0 6e16c1da,7,48,0,0 777b8b36,7,52,0,0 f82ed670,7,56,0,0 2b9554b3,7,60,0,0
P 1916933d 0 0 1376 acec22be,b,8,7,0 5a1a83ab,b,16,7,0 cc1f61e1,b,20,7,0 b57d7888,b,24,7,0 753786db,0,28,0,0 abf4e827,b,32,7,0 2b85dd1c,b,36,7,0 560b20f7,b,40,7,0 39d50a2,b,44,7,0 6f3614cd,7,48,0,0 a436c00b,7,52,0,0 c500a940,7,56,0,0 a9aedee5,0,60,0,0 b2f6858d,0,61,0,0 964c73ec,7,64,0,0 f269c0f5,7,68,0,0 8f6c2678,7,72,0,0 2b6283c4,7,76,0,0 b52bf478,7,80,0,0 65d0ec4e,7,84,0,0 46fca03e,7,88,0,0 357d87e2,6,92,0,0 8fd684e,7,96,0,0 f06992b9,0,100,0,0 7aabc20d,7,104,0,0 1d1999a7,7,108,0,0 53d38852,7,112,0,0 a7c0611e,b,116,7,0 16350c4c,0,120,0,0 2fada8fe,0,121,0,0 733d619e,0,122,0,0 3cea96f9,c,128,0,20563ea6 aa8add61,0,152,0,0 4474a641,7,156,0,0 1ff5cd2f,7,160,0,0 3f840bf9,c,176,0,98bd85b2 c21b4b3d,c,272,0,d3863565 231a522f,c,320,0,436dea3 781079e9,7,344,0,0 ed5ce258,7,348,0,0 9205bd18,7,352,0,0 2977ee0c,7,356,0,0 53474fdb,7,360,0,0 34904e4f,0,364,0,0 a958b0e,7,368,0,0 216b9e03,7,372,0,0 6d02aef1,8,376,0,0 a8a16257,7,384,0,0 40a70ca9,7,388,0,0 ed22548c,7,392,0,0 76af2bd2,c,400,0,ff291ad2 7438d45e,0,448,0,0 e64563c3,0,449,0,0 dc54b1e1,0,450,0,0 83e9a4aa,0,451,0,0 2b361a8c,0,452,0,0 a0bb6327,7,456,0,0 75d016cc,7,460,0,0 20e05e36,7,464,0,0 5cd9acd6,7,468,0,0 f7af3334,9,480,0,0 f9fdaf1d,9,496,0,0 a11aa88e,0,512,0,0 772195f1,0,513,0,0 853fa59d,0,514,0,0 cf6714c5,9,528,0,0 592ce832,7,544,0,0 1448c13e,c,552,0,aec1b94a ff17760b,7,592,0,0 31160503,0,596,0,0 d11713fa,7,600,0,0 ca7b0081,7,604,0,0 d94a7db,c,608,0,56daf6de da09f41e,7,632,0,0 62a076be,8,636,0,0 75b54651,8,644,0,0 6a07242a,7,652,0,0 97355a3,7,656,0,0 c4b48d0c,c,664,0,47d0bc1e a682aa17,0,688,0,0 7de217e1,8,692,0,0 b6e6ecfb,7,700,0,0 117c094d,7,704,0,0 d6ff08ce,7,708,0,0 f0c6625b,8,712,0,0 50dadfc4,8,720,0,0 d73a47f9,c,728,0,4dfe9f26 74116d07,c,752,0,8d6fd954 1d3a6eed,b,776,7,0 7e7e9c53,0,780,0,0 6aa5540b,b,784,7,0 849c7b2f,b,788,7,0 b0710322,b,792,7,0 8572dc60,b,796,7,0 2225be8a,b,800,7,0 4ae7c750,0,804,0,0 5319446e,c,808,0,ccde4b7a 3680937f,c,872,0,ccde4b7a f11d8552,0,936,0,0 e5eec3ed,0,937,0,0 83a434ea,0,938,0,0 cebd0246,0,939,0,0 d770d8e4,0,940,0,0 9f3a371e,0,941,0,0 7ec95705,7,944,0,0 7d1bcbac,0,948,0,0 3c7cc4f1,7,952,0,0 98c84b71,7,956,0,0 7222a09f,8,960,0,0 d640e2e6,7,968,0,0 7011f669,7,972,0,0 58a3d475,7,976,0,0 7856f988,7,980,0,0 4ca7fd0a,7,984,0,0 431f205,c,992,0,8cf5bbaf fb36652e,c,1024,0,69c0cc3b 7a738bbe,c,1064,0,18f157f2 dcba20d2,c,1104,0,a8b58888 af99eb40,c,1136,0,f527c225 9dbfff91,c,1192,0,8b67e715 c5dda588,c,1224,0,93a9d2ed c1c0446b,c,1248,0,c32def71 9ebcadbe,c,1280,0,3bcb359 eb76997f,c,1296,0,2927c05a 81569dd,7,1336,0,0 f147affb,7,1340,0,0 93b28b8b,7,1344,0,0 746de917,0,1348,0,0 394bba02,b,1352,7,0 f2e61275,0,1356,0,0 9c7b7565,b,1360,7,0 c78a2a89,8,1364,0,0
P a8b58888 0 0 32 4677310,b,8,7,0 f82ed670,7,12,0,0 f9d2e54f,7,16,0,0 d55a6875,7,20,0,0 7c42b349,7,24,0,0
P f527c225 0 0 56 6bfd1d1b,b,8,7,0 6e2e361e,0,12,0,0 b912b20b,7,16,0,0 b73933f6,7,20,0,0 f82ed670,7,24,0,0 a712969c,c,32,0,ddbb1a92
P ddbb1a92 0 0 24 1bc5106a,6,8,0,0 f679578f,7,12,0,0 cf64e26c,8,16,0,0
P 8b67e715 0 0 32 a3759c66,7,8,0,0 89788a0a,7,12,0,0 f82ed670,7,16,0,0 2ed6c8e4,7,20,0,0 2e503664,7,24,0,0 8d0d1546,7,28,0,0
P 93a9d2ed 0 0 24 5a1a83ab,b,8,7,0 a3759c66,7,12,0,0 89788a0a,7,16,0,0 f82ed670,7,20,0,0
P c32def71 0 0 32 5a1a83ab,b,8,7,0 8e79b34c,6,12,0,0 5de0b95d,8,16,0,0 8d5c8251,8,24,0,0
P 3bcb359 0 0 16 75b54651,8,8,0,0
P 2927c05a 0 0 40 da63762d,0,8,0,0 cc8fcf78,0,9,0,0 27e5cef0,0,10,0,0 4532d5ad,7,12,0,0 edf5ecc2,7,16,0,0 c89703b7,7,20,0,0 3ee276cb,7,24,0,0 911e654b,7,28,0,0 6faedf8e,7,32,0,0
P 2bdf1dc7 0 0 1136 acec22be,b,8,7,0 5a1a83ab,b,16,7,0 cc1f61e1,b,20,7,0 b57d7888,b,24,7,0 753786db,0,28,0,0 abf4e827,b,32,7,0 2b85dd1c,b,36,7,0 560b20f7,b,40,7,0 39d50a2,b,44,7,0 6f3614cd,7,48,0,0 a436c00b,7,52,0,0 c500a940,7,56,0,0 a9aedee5,0,60,0,0 b2f6858d,0,61,0,0 964c73ec,7,64,0,0 f269c0f5,7,68,0,0 8f6c2678,7,72,0,0 2b6283c4,7,76,0,0 b52bf478,7,80,0,0 65d0ec4e,7,84,0,0 46fca03e,7,88,0,0 357d87e2,6,92,0,0 8fd684e,7,96,0,0 f06992b9,0,100,0,0 7aabc20d,7,104,0,0 1d1999a7,7,108,0,0 53d38852,7,112,0,0 a7c0611e,b,116,7,0 16350c4c,0,120,0,0 2fada8fe,0,121,0,0 733d619e,0,122,0,0 3cea96f9,c,128,0,20563ea6 aa8add61,0,152,0,0 4474a641,7,156,0,0 1ff5cd2f,7,160,0,0 3f840bf9,c,176,0,98bd85b2 c21b4b3d,c,272,0,d3863565 231a522f,c,320,0,436dea3 781079e9,7,344,0,0 ed5ce258,7,348,0,0 9205bd18,7,352,0,0 2977ee0c,7,356,0,0 53474fdb,7,360,0,0 34904e4f,0,364,0,0 a958b0e,7,368,0,0 216b9e03,7,372,0,0 6d02aef1,8,376,0,0 a8a16257,7,384,0,0 40a70ca9,7,388,0,0 ed22548c,7,392,0,0 76af2bd2,c,400,0,ff291ad2 7438d45e,0,448,0,0 e64563c3,0,449,0,0 dc54b1e1,0,450,0,0 83e9a4aa,0,451,0,0 2b361a8c,0,452,0,0 a0bb6327,7,456,0,0 75d016cc,7,460,0,0 20e05e36,7,464,0,0 5cd9acd6,7,468,0,0 f7af3334,9,480,0,0 f9fdaf1d,9,496,0,0 a11aa88e,0,512,0,0 772195f1,0,513,0,0 853fa59d,0,514,0,0 cf6714c5,9,528,0,0 592ce832,7,544,0,0 1448c13e,c,552,0,aec1b94a ff17760b,7,592,0,0 31160503,0,596,0,0 d11713fa,7,600,0,0 ca7b0081,7,604,0,0 d94a7db,c,608,0,56daf6de da09f41e,7,632,0,0 62a076be,8,636,0,0 75b54651,8,644,0,0 6a07242a,7,652,0,0 97355a3,7,656,0,0 c4b48d0c,c,664,0,47d0bc1e a682aa17,0,688,0,0 7de217e1,8,692,0,0 b6e6ecfb,7,700,0,0 117c094d,7,704,0,0 d6ff08ce,7,708,0,0 f0c6625b,8,712,0,0 50dadfc4,8,720,0,0 d73a47f9,c,728,0,4dfe9f26 74116d07,c,752,0,8d6fd954 1d3a6eed,b,776,7,0 7e7e9c53,0,780,0,0 6aa5540b,b,784,7,0 849c7b2f,b,788,7,0 b0710322,b,792,7,0 8572dc60,b,796,7,0 2225be8a,b,800,7,0 4ae7c750,0,804,0,0 5319446e,c,808,0,ccde4b7a 3680937f,c,872,0,ccde4b7a f11d8552,0,936,0,0 e5eec3ed,0,937,0,0 83a434ea,0,938,0,0 cebd0246,0,939,0,0 d770d8e4,0,940,0,0 9f3a371e,0,941,0,0 7ec95705,7,944,0,0 7d1bcbac,0,948,0,0 3c7cc4f1,7,952,0,0 98c84b71,7,956,0,0 7222a09f,8,960,0,0 d640e2e6,7,968,0,0 7011f669,7,972,0,0 58a3d475,7,976,0,0 7856f988,7,980,0,0 4ca7fd0a,7,984,0,0 431f205,c,992,0,8cf5bbaf fb36652e,c,1024,0,69c0cc3b 7a738bbe,c,1064,0,18f157f2 a88163a9,c,1104,0,5dd82b1c
P 5dd82b1c 0 0 24 d0b59a77,b,8,7,0 5a4bb969,7,12,0,0 78e7a6b7,b,16,7,0
P 30f82cb7 0 0 208 acec22be,b,8,7,0 5a1a83ab,b,16,7,0 cc1f61e1,b,20,7,0 b57d7888,b,24,7,0 753786db,0,28,0,0 abf4e827,b,32,7,0 6f3614cd,7,36,0,0 a436c00b,7,40,0,0 3d218610,6,44,0,0 26e0e5f5,7,48,0,0 3ed2e358,7,52,0,0 b8d475b6,7,56,0,0 49d262f8,7,60,0,0 dda702f2,9,64,0,0 e2f517ea,0,80,0,0 1e5cb5d3,7,84,0,0 fdfc7009,7,88,0,0 bb02a9a0,7,92,0,0 d94b1642,7,96,0,0 5826b545,0,112,0,0 74cd3eaa,0,113,0,0 5066c31d,0,114,0,0 42c80f74,0,115,0,0 37e65d06,8,116,0,0 4484e4f7,8,124,0,0 a4666fd4,c,136,0,413ac20d 13ad17d9,7,160,0,0 224c6b8c,5,176,0,0 61664920,7,180,0,0 ab8b9b0c,7,184,0,0 c3001815,0,188,0,0 6e2437e9,0,189,0,0 45f84d8f,7,192,0,0 4ed49975,7,196,0,0 66b6c5d1,0,200,0,0
P 413ac20d 0 0 24 f82ed670,7,8,0,0 5936e83f,7,12,0,0 79201dd0,7,16,0,0
P e4be8ca5 0 0 1664 acec22be,b,8,7,0 5a1a83ab,b,16,7,0 cc1f61e1,b,20,7,0 b57d7888,b,24,7,0 753786db,0,28,0,0 abf4e827,b,32,7,0 6f3614cd,7,36,0,0 a436c00b,7,40,0,0 3d218610,6,44,0,0 26e0e5f5,7,48,0,0 3ed2e358,7,52,0,0 b8d475b6,7,56,0,0 49d262f8,7,60,0,0 dda702f2,9,64,0,0 e2f517ea,0,80,0,0 1e5cb5d3,7,84,0,0 fdfc7009,7,88,0,0 bb02a9a0,7,92,0,0 d94b1642,7,96,0,0 5826b545,0,112,0,0 74cd3eaa,0,113,0,0 5066c31d,0,114,0,0 42c80f74,0,115,0,0 37e65d06,8,116,0,0 4484e4f7,8,124,0,0 a4666fd4,c,136,0,413ac20d 13ad17d9,7,160,0,0 2b85dd1c,b,176,7,0 d0a10d24,9,192,0,0 5e61a8fb,9,208,0,0 c1e6f79d,9,224,0,0 fe169693,9,240,0,0 8bef6eed,9,256,0,0 cced513d,9,272,0,0 19546622,9,288,0,0 63a0353,9,304,0,0 f07ee6e5,9,320,0,0 a27a8e,8,336,0,0 8d6b02bb,8,344,0,0 39ea7341,8,352,0,0 9a8b59a,8,360,0,0 e1dc1b6f,8,368,0,0 d108a086,8,376,0,0 693e4792,b,384,7,0 2b11183c,b,388,7,0 a8dd65af,b,392,7,0 b8e9eb09,b,396,7,0 3dec08bc,b,400,7,0 dba1ced0,b,404,7,0 8db7fc85,b,408,7,0 da700a8d,b,412,7,0 b750bfa7,b,416,7,0 224c6b8c,5,420,0,0 ab8b9b0c,7,424,0,0 d42e44c9,c,432,0,3f7308d7 c3cbcc5c,7,544,0,0 2c46fe76,7,548,0,0 6b63e329,7,552,0,0 1f1d79ff,7,556,0,0 bc06ade5,7,560,0,0 a00a89f6,7,564,0,0 5c1e3ed4,7,568,0,0 2bab0a82,7,572,0,0 86ec780d,7,576,0,0 b4fb087,7,580,0,0 c2aeb3aa,7,584,0,0 b9912a42,7,588,0,0 12e56e4a,7,592,0,0 2efd92bb,7,596,0,0 70c7612a,7,600,0,0 89d70817,7,604,0,0 62650788,7,608,0,0 bb48caf5,7,612,0,0 64e6855b,7,616,0,0 5e602e9f,7,620,0,0 d26f74b7,7,624,0,0 5cfd1322,7,628,0,0 6451418a,7,632,0,0 461f21e2,7,636,0,0 e0334482,7,640,0,0 18acecc4,7,644,0,0 2b9b0027,7,648,0,0 d1a56a8e,7,652,0,0 8aae3101,7,656,0,0 4f79c8f,7,660,0,0 beeca3b4,7,664,0,0 2fe43d09,7,668,0,0 88c9c437,7,672,0,0 7e82c793,7,676,0,0 5a4e54df,7,680,0,0 5a55ae8d,7,684,0,0 d61a79f1,7,688,0,0 1abae02c,0,692,0,0 2080d157,7,696,0,0 75d016cc,7,700,0,0 5b725e89,7,704,0,0 101a701d,7,708,0,0 7d2c1c2f,7,712,0,0 d8271a0c,6,716,0,0 29be5a9a,6,720,0,0 7554a29d,6,724,0,0 a9e63c96,6,728,0,0 5fdf091c,6,732,0,0 8e48e844,6,736,0,0 a38da911,6,740,0,0 9228ebfe,6,744,0,0 e15e804f,c,752,0,fa333c98 18c6abd7,c,792,0,fa333c98 ca86779e,c,832,0,fa333c98 cd155e9d,c,872,0,54b79f15 9250c6ea,c,888,0,54b79f15 74f8c62c,c,904,0,54b79f15 694433c8,c,920,0,54b79f15 7a6296c7,c,936,0,54b79f15 b7c739d9,c,952,0,54b79f15 f20d773e,c,968,0,54b79f15 9149e8c8,c,984,0,54b79f15 ca1f1d5d,c,1000,0,54b79f15 a2a22303,c,1016,0,54b79f15 bb1ca103,c,1032,0,54b79f15 f3a6c085,c,1048,0,54b79f15 980b81ff,c,1064,0,54b79f15 1c579bc0,7,1080,0,0 48722455,8,1084,0,0 c3001815,0,1092,0,0 66b6c5d1,0,1093,0,0 15dbc14e,b,1096,7,0 fc7d665,b,1100,7,0 5bc52935,b,1104,7,0 5a9152c3,7,1108,0,0 c02f4897,7,1112,0,0 93b76a8b,7,1116,0,0 8a1c5a31,7,1120,0,0 e8b0f8d7,7,1124,0,0 8710b6e1,7,1128,0,0 dce5e0d3,7,1132,0,0 a2425d33,7,1136,0,0 5af37e7d,7,1140,0,0 993ae821,7,1144,0,0 5c3e1616,0,1148,0,0 ebe9a859,6,1152,0,0 6134e1b8,7,1156,0,0 ec640783,c,1160,0,a6d7df75 22e1a2dc,c,1272,0,a6d7df75 4d91c5d8,0,1384,0,0 6d7173d,0,1385,0,0 8ffc2f,7,1388,0,0 50854ba6,7,1392,0,0 4321501,7,1396,0,0 a5ee0f0c,7,1400,0,0 fac6d042,7,1404,0,0 665cfeb3,7,1408,0,0 b5b6aca6,6,1412,0,0 bab10af8,6,1416,0,0 ca7e4552,6,1420,0,0 6bb66a58,6,1424,0,0 4474a641,7,1428,0,0 1ff5cd2f,7,1432,0,0 91e78a82,7,1436,0,0 84aca96b,7,1440,0,0 1ce6fa,7,1444,0,0 2b34e10b,7,1448,0,0 8fe01736,8,1452,0,0 e1513bc2,c,1464,0,aaa9d9cd 100,c,0,0,c8f832cc 77e58df3,d,1584,1,200a4 1d3a6eed,b,1656,7,0
P 3f7308d7 0 0 112 de270733,7,8,0,0 b9fada98,7,12,0,0 8f8abef1,7,16,0,0 33da89b4,7,20,0,0 c7232e0f,7,24,0,0 82f4f80b,7,28,0,0 83087235,7,32,0,0 d6fad2f2,0,36,0,0 62395a58,7,40,0,0 1d431dd0,7,44,0,0 16a08d7d,7,48,0,0 55f019c0,7,52,0,0 e4e6aae4,7,56,0,0 c9a4e39f,7,60,0,0 6cc424d7,7,64,0,0 4b108d9b,7,68,0,0 b0b31936,9,80,0,0 916b5733,9,96,0,0
P fa333c98 0 0 40 89b49e3a,8,8,0,0 450e545e,8,16,0,0 f82ed670,7,24,0,0 2b9554b3,7,28,0,0 5ae57aca,7,32,0,0 4ce407ed,7,36,0,0
P 54b79f15 0 0 16 f82ed670,7,8,0,0 2b9554b3,7,12,0,0
P a6d7df75 0 0 112 37b018ae,7,8,0,0 70a89139,7,12,0,0 ad8f22a7,7,16,0,0 459f5084,7,20,0,0 383c0fe2,7,24,0,0 916f9515,7,28,0,0 d3617f2e,7,32,0,0 dcb63760,7,36,0,0 52e30477,7,40,0,0 745d7ab4,7,44,0,0 6ed422e2,7,48,0,0 d1250ba0,7,52,0,0 f2b07a27,7,56,0,0 b3927443,7,60,0,0 455dfd0c,7,64,0,0 bbad25e0,7,68,0,0 88c4b724,7,72,0,0 c2945e8b,7,76,0,0 19cb6842,7,80,0,0 b9e08def,7,84,0,0 78ab83da,7,88,0,0 6cbc2e41,7,92,0,0 2b072626,7,96,0,0 35d71999,7,100,0,0 b251f26c,7,104,0,0
P aaa9d9cd 0 0 120 b1149a68,7,8,0,0 f4d1cb4,7,12,0,0 a1ee1ebc,7,16,0,0 44bd8a50,7,20,0,0 ab66c4,7,24,0,0 642fa306,7,28,0,0 4d291ccd,7,32,0,0 d3850bd5,7,36,0,0 c4a75338,7,40,0,0 59404cee,7,44,0,0 2eb336b6,7,48,0,0 9bfc1647,7,52,0,0 1c2f284a,c,56,0,413ac20d 361643aa,5,80,0,0 f6f439da,5,84,0,0 649c066,5,88,0,0 7d195325,5,92,0,0 740009c2,5,96,0,0 d64dd06b,5,100,0,0 924414b,7,104,0,0 4bc4fe0b,7,108,0,0 2142a418,6,112,0,0
P c8f832cc 0 0 32 2c2c1321,7,8,0,0 533a9d1,7,12,0,0 f9c61bee,7,16,0,0 55b90048,7,20,0,0 6ca93fc7,7,24,0,0 7fd98ccf,7,28,0,0
P b7889d60 0 0 128 acec22be,b,8,7,0 5a1a83ab,b,16,7,0 cc1f61e1,b,20,7,0 b57d7888,b,24,7,0 753786db,0,28,0,0 abf4e827,b,32,7,0 6f3614cd,7,36,0,0 a436c00b,7,40,0,0 3d218610,6,44,0,0 26e0e5f5,7,48,0,0 3ed2e358,7,52,0,0 b8d475b6,7,56,0,0 49d262f8,7,60,0,0 dda702f2,9,64,0,0 e2f517ea,0,80,0,0 1e5cb5d3,7,84,0,0 fdfc7009,7,88,0,0 bb02a9a0,7,92,0,0 d94b1642,7,96,0,0 5066c31d,0,112,0,0 224c6b8c,5,116,0,0
P 674593d5 0 0 1040 acec22be,b,8,7,0 5a1a83ab,b,16,7,0 cc1f61e1,b,20,7,0 b57d7888,b,24,7,0 753786db,0,28,0,0 abf4e827,b,32,7,0 2b85dd1c,b,36,7,0 560b20f7,b,40,7,0 39d50a2,b,44,7,0 6f3614cd,7,48,0,0 a436c00b,7,52,0,0 c500a940,7,56,0,0 a9aedee5,0,60,0,0 b2f6858d,0,61,0,0 964c73ec,7,64,0,0 f269c0f5,7,68,0,0 8f6c2678,7,72,0,0 2b6283c4,7,76,0,0 b52bf478,7,80,0,0 65d0ec4e,7,84,0,0 46fca03e,7,88,0,0 357d87e2,6,92,0,0 8fd684e,7,96,0,0 f06992b9,0,100,0,0 7aabc20d,7,104,0,0 1d1999a7,7,108,0,0 53d38852,7,112,0,0 a7c0611e,b,116,7,0 16350c4c,0,120,0,0 2fada8fe,0,121,0,0 733d619e,0,122,0,0 3cea96f9,c,128,0,20563ea6 aa8add61,0,152,0,0 4474a641,7,156,0,0 1ff5cd2f,7,160,0,0 3f840bf9,c,176,0,98bd85b2 c21b4b3d,c,272,0,d3863565 231a522f,c,320,0,436dea3 781079e9,7,344,0,0 ed5ce258,7,348,0,0 9205bd18,7,352,0,0 2977ee0c,7,356,0,0 53474fdb,7,360,0,0 34904e4f,0,364,0,0 a958b0e,7,368,0,0 216b9e03,7,372,0,0 6d02aef1,8,376,0,0 a8a16257,7,384,0,0 40a70ca9,7,388,0,0 ed22548c,7,392,0,0 76af2bd2,c,400,0,ff291ad2 7438d45e,0,448,0,0 e64563c3,0,449,0,0 dc54b1e1,0,450,0,0 83e9a4aa,0,451,0,0 2b361a8c,0,452,0,0 a0bb6327,7,456,0,0 75d016cc,7,460,0,0 20e05e36,7,464,0,0 5cd9acd6,7,468,0,0 f7af3334,9,480,0,0 f9fdaf1d,9,496,0,0 a11aa88e,0,512,0,0 772195f1,0,513,0,0 853fa59d,0,514,0,0 cf6714c5,9,528,0,0 592ce832,7,544,0,0 1448c13e,c,552,0,aec1b94a ff17760b,7,592,0,0 31160503,0,596,0,0 d11713fa,7,600,0,0 ca7b0081,7,604,0,0 d94a7db,c,608,0,56daf6de da09f41e,7,632,0,0 62a076be,8,636,0,0 75b54651,8,644,0,0 6a07242a,7,652,0,0 97355a3,7,656,0,0 c4b48d0c,c,664,0,47d0bc1e a682aa17,0,688,0,0 7de217e1,8,692,0,0 b6e6ecfb,7,700,0,0 117c094d,7,704,0,0 d6ff08ce,7,708,0,0 f0c6625b,8,712,0,0 50dadfc4,8,720,0,0 d73a47f9,c,728,0,4dfe9f26 74116d07,c,752,0,8d6fd954 1d3a6eed,b,776,7,0 7e7e9c53,0,780,0,0 a8dd65af,b,784,7,0 5066c31d,0,788,0,0 33ddfe5e,0,789,0,0 fc9b9697,0,790,0,0 adec6d4b,0,791,0,0 4d91c5d8,0,792,0,0 5497750d,0,793,0,0 6d7173d,0,794,0,0 61664920,7,796,0,0 88c9c437,7,800,0,0 8ffc2f,7,804,0,0 50854ba6,7,808,0,0 4321501,7,812,0,0 a5ee0f0c,7,816,0,0 ca7e4552,6,820,0,0 6bb66a58,6,824,0,0 b5b6aca6,6,828,0,0 bab10af8,6,832,0,0 fac6d042,7,836,0,0 665cfeb3,7,840,0,0 1aa7bb5c,7,844,0,0 c783fae3,7,848,0,0 f6a0173f,0,852,0,0 e9ba3c8d,7,856,0,0 a94f0b84,7,860,0,0 9722b65f,7,864,0,0 491112c8,7,868,0,0 83b2fb88,b,880,7,0 6177b9d3,c,888,0,304ec1ea f84eb62b,c,928,0,a0479618 53683352,9,976,0,0 1a5a20a9,9,992,0,0 224c6b8c,5,1008,0,0 bd97e317,0,1012,0,0 aff194f,0,1013,0,0 3f062476,b,1016,7,0 1277d2a9,7,1020,0,0 e0ba5510,0,1024,0,0
P 304ec1ea 0 0 40 8b71408b,0,8,0,0 60e2153b,7,12,0,0 8fe54220,7,16,0,0 3e465370,7,20,0,0 751a176,7,24,0,0 17d40d85,7,28,0,0 144e43aa,7,32,0,0
P a0479618 0 0 40 50e8c2aa,0,8,0,0 ff1de00d,8,12,0,0 6f8bbdb1,8,20,0,0 b1d7eb2b,7,28,0,0 4d833333,7,32,0,0
P f2ea1c41 0 0 1584 acec22be,b,8,7,0 5a1a83ab,b,16,7,0 cc1f61e1,b,20,7,0 b57d7888,b,24,7,0 753786db,0,28,0,0 abf4e827,b,32,7,0 2b85dd1c,b,36,7,0 560b20f7,b,40,7,0 39d50a2,b,44,7,0 6f3614cd,7,48,0,0 a436c00b,7,52,0,0 c500a940,7,56,0,0 a9aedee5,0,60,0,0 b2f6858d,0,61,0,0 964c73ec,7,64,0,0 f269c0f5,7,68,0,0 8f6c2678,7,72,0,0 2b6283c4,7,76,0,0 b52bf478,7,80,0,0 65d0ec4e,7,84,0,0 46fca03e,7,88,0,0 357d87e2,6,92,0,0 8fd684e,7,96,0,0 f06992b9,0,100,0,0 7aabc20d,7,104,0,0 1d1999a7,7,108,0,0 53d38852,7,112,0,0 a7c0611e,b,116,7,0 16350c4c,0,120,0,0 2fada8fe,0,121,0,0 733d619e,0,122,0,0 3cea96f9,c,128,0,20563ea6 aa8add61,0,152,0,0 4474a641,7,156,0,0 1ff5cd2f,7,160,0,0 3f840bf9,c,176,0,98bd85b2 c21b4b3d,c,272,0,d3863565 231a522f,c,320,0,436dea3 781079e9,7,344,0,0 ed5ce258,7,348,0,0 9205bd18,7,352,0,0 2977ee0c,7,356,0,0 53474fdb,7,360,0,0 34904e4f,0,364,0,0 a958b0e,7,368,0,0 216b9e03,7,372,0,0 6d02aef1,8,376,0,0 a8a16257,7,384,0,0 40a70ca9,7,388,0,0 ed22548c,7,392,0,0 76af2bd2,c,400,0,ff291ad2 7438d45e,0,448,0,0 e64563c3,0,449,0,0 dc54b1e1,0,450,0,0 83e9a4aa,0,451,0,0 2b361a8c,0,452,0,0 a0bb6327,7,456,0,0 75d016cc,7,460,0,0 20e05e36,7,464,0,0 5cd9acd6,7,468,0,0 f7af3334,9,480,0,0 f9fdaf1d,9,496,0,0 a11aa88e,0,512,0,0 772195f1,0,513,0,0 853fa59d,0,514,0,0 cf6714c5,9,528,0,0 592ce832,7,544,0,0 1448c13e,c,552,0,aec1b94a ff17760b,7,592,0,0 31160503,0,596,0,0 d11713fa,7,600,0,0 ca7b0081,7,604,0,0 d94a7db,c,608,0,56daf6de da09f41e,7,632,0,0 62a076be,8,636,0,0 75b54651,8,644,0,0 6a07242a,7,652,0,0 97355a3,7,656,0,0 c4b48d0c,c,664,0,47d0bc1e a682aa17,0,688,0,0 7de217e1,8,692,0,0 b6e6ecfb,7,700,0,0 117c094d,7,704,0,0 d6ff08ce,7,708,0,0 f0c6625b,8,712,0,0 50dadfc4,8,720,0,0 d73a47f9,c,728,0,4dfe9f26 74116d07,c,752,0,8d6fd954 1d3a6eed,b,776,7,0 7e7e9c53,0,780,0,0 a8dd65af,b,784,7,0 5066c31d,0,788,0,0 33ddfe5e,0,789,0,0 fc9b9697,0,790,0,0 adec6d4b,0,791,0,0 4d91c5d8,0,792,0,0 5497750d,0,793,0,0 6d7173d,0,794,0,0 61664920,7,796,0,0 88c9c437,7,800,0,0 8ffc2f,7,804,0,0 50854ba6,7,808,0,0 4321501,7,812,0,0 a5ee0f0c,7,816,0,0 ca7e4552,6,820,0,0 6bb66a58,6,824,0,0 b5b6aca6,6,828,0,0 bab10af8,6,832,0,0 fac6d042,7,836,0,0 665cfeb3,7,840,0,0 1aa7bb5c,7,844,0,0 c783fae3,7,848,0,0 f6a0173f,0,852,0,0 e9ba3c8d,7,856,0,0 a94f0b84,7,860,0,0 9722b65f,7,864,0,0 491112c8,7,868,0,0 83b2fb88,b,880,7,0 6177b9d3,c,888,0,304ec1ea f84eb62b,c,928,0,a0479618 53683352,9,976,0,0 1a5a20a9,9,992,0,0 224c6b8c,5,1008,0,0 bd97e317,0,1012,0,0 aff194f,0,1013,0,0 3f062476,b,1016,7,0 1277d2a9,7,1020,0,0 e0ba5510,0,1024,0,0 9bb62106,0,1040,0,0 ce8048fc,b,1044,7,0 bcb2c3ec,7,1048,0,0 12b5c146,7,1052,0,0 ce0652d2,7,1056,0,0 c063b0a0,7,1060,0,0 9aafa35c,c,1064,0,d3a7c309 654d84a9,c,1088,0,5ff3ba93 95e7a27d,c,1112,0,5ff3ba93 ce362611,c,1136,0,2e281447 3df4912d,c,1192,0,efe940cf 8af622d4,c,1248,0,a6e080d2 ecf9fda9,c,1432,0,c81b0e22 99c5fa43,c,1464,0,82d22e93
P d3a7c309 0 0 24 ae020638,7,8,0,0 7dd79ce9,7,12,0,0 9e0eaea,7,16,0,0 2b9554b3,7,20,0,0
P 5ff3ba93 0 0 24 5a1a83ab,b,8,7,0 bd1b0cd6,7,12,0,0 104133f9,7,16,0,0 b7ce28c9,0,20,0,0 911a0eac,0,21,0,0 54e998b8,0,22,0,0
P 2e281447 0 0 56 f82ed670,7,8,0,0 c426aa5a,7,12,0,0 c824b8d6,7,16,0,0 49e2f46d,7,20,0,0 fe525de5,7,24,0,0 2b9554b3,7,28,0,0 946aed60,7,32,0,0 5e4d19c1,7,36,0,0 123837df,7,40,0,0 7e51424f,7,44,0,0 bde3a23d,7,48,0,0 a358298b,7,52,0,0
P efe940cf 0 0 56 69fff224,0,8,0,0 15046499,7,12,0,0 7dd79ce9,7,16,0,0 9e0eaea,7,20,0,0 2b9554b3,7,24,0,0 9534e50a,7,28,0,0 781079e9,7,32,0,0 ed5ce258,7,36,0,0 9205bd18,7,40,0,0 2977ee0c,7,44,0,0 c824b8d6,7,48,0,0
P a6e080d2 0 0 184 b982bfa6,7,8,0,0 c4a1195f,6,12,0,0 e9ea6d56,6,16,0,0 84121c76,7,20,0,0 36b0de51,7,24,0,0 65ac08f0,6,28,0,0 d05d1940,6,32,0,0 77e4b657,7,36,0,0 eb1ead01,6,40,0,0 c31f2a30,b,44,7,0 1aaaab19,7,48,0,0 4d20b663,7,52,0,0 ea87b8ac,c,56,0,a2cb526d faeea33b,7,112,0,0 c01a0c60,7,116,0,0 54204a10,c,120,0,3d2da758 781079e9,7,168,0,0 ed5ce258,7,172,0,0 9205bd18,7,176,0,0 2977ee0c,7,180,0,0
P a2cb526d 0 0 56 b57d7888,b,8,7,0 82a7d5f5,7,12,0,0 47fd2640,7,16,0,0 74776271,7,20,0,0 4aa1aa12,7,24,0,0 b6d98496,7,28,0,0 ea2a0bc3,7,32,0,0 f56cbd9f,7,36,0,0 d364a47f,7,40,0,0 911384ec,7,44,0,0 ac83ebcc,7,48,0,0
P 3d2da758 0 0 48 5a21c405,6,8,0,0 487153e,6,12,0,0 ffb14d0e,6,16,0,0 7259b542,7,20,0,0 7ce46066,7,24,0,0 b6d98496,7,28,0,0 ea2a0bc3,7,32,0,0 f56cbd9f,7,36,0,0 d97076f4,7,40,0,0
P c81b0e22 0 0 32 25b90cbd,0,8,0,0 d0ae64b7,7,12,0,0 6dc4b401,7,16,0,0 182bc63c,7,20,0,0 8996e7f1,7,24,0,0
P 82d22e93 0 0 112 f82ed670,7,8,0,0 2b9554b3,7,12,0,0 781079e9,7,16,0,0 ed5ce258,7,20,0,0 b5715fca,0,24,0,0 8ba742c0,7,28,0,0 8ce7341b,7,32,0,0 ee393f92,7,36,0,0 b14cd7fb,7,40,0,0 455e7c44,7,44,0,0 44be4812,7,48,0,0 34e9ffb7,7,52,0,0 d560dff6,7,56,0,0 b5168de5,7,60,0,0 2f640e5d,7,64,0,0 89670ad1,7,68,0,0 79c8da5f,7,72,0,0 4c7b18c8,7,76,0,0 e731e840,7,80,0,0 d8fe44a2,7,84,0,0 e00c9b09,7,88,0,0 6927ea45,7,92,0,0 bf9bbc52,7,96,0,0 423c7ed8,7,100,0,0 b5da39c7,7,104,0,0 46a6b96f,7,108,0,0
P d596aaf4 0 0 1248 acec22be,b,8,7,0 5a1a83ab,b,16,7,0 cc1f61e1,b,20,7,0 b57d7888,b,24,7,0 753786db,0,28,0,0 abf4e827,b,32,7,0 2b85dd1c,b,36,7,0 560b20f7,b,40,7,0 39d50a2,b,44,7,0 6f3614cd,7,48,0,0 a436c00b,7,52,0,0 c500a940,7,56,0,0 a9aedee5,0,60,0,0 b2f6858d,0,61,0,0 964c73ec,7,64,0,0 f269c0f5,7,68,0,0 8f6c2678,7,72,0,0 2b6283c4,7,76,0,0 b52bf478,7,80,0,0 65d0ec4e,7,84,0,0 46fca03e,7,88,0,0 357d87e2,6,92,0,0 8fd684e,7,96,0,0 f06992b9,0,100,0,0 7aabc20d,7,104,0,0 1d1999a7,7,108,0,0 53d38852,7,112,0,0 a7c0611e,b,116,7,0 16350c4c,0,120,0,0 2fada8fe,0,121,0,0 733d619e,0,122,0,0 3cea96f9,c,128,0,20563ea6 aa8add61,0,152,0,0 4474a641,7,156,0,0 1ff5cd2f,7,160,0,0 3f840bf9,c,176,0,98bd85b2 c21b4b3d,c,272,0,d3863565 231a522f,c,320,0,436dea3 781079e9,7,344,0,0 ed5ce258,7,348,0,0 9205bd18,7,352,0,0 2977ee0c,7,356,0,0 53474fdb,7,360,0,0 34904e4f,0,364,0,0 a958b0e,7,368,0,0 216b9e03,7,372,0,0 6d02aef1,8,376,0,0 a8a16257,7,384,0,0 40a70ca9,7,388,0,0 ed22548c,7,392,0,0 76af2bd2,c,400,0,ff291ad2 7438d45e,0,448,0,0 e64563c3,0,449,0,0 dc54b1e1,0,450,0,0 83e9a4aa,0,451,0,0 2b361a8c,0,452,0,0 a0bb6327,7,456,0,0 75d016cc,7,460,0,0 20e05e36,7,464,0,0 5cd9acd6,7,468,0,0 f7af3334,9,480,0,0 f9fdaf1d,9,496,0,0 a11aa88e,0,512,0,0 772195f1,0,513,0,0 853fa59d,0,514,0,0 cf6714c5,9,528,0,0 592ce832,7,544,0,0 1448c13e,c,552,0,aec1b94a ff17760b,7,592,0,0 31160503,0,596,0,0 d11713fa,7,600,0,0 ca7b0081,7,604,0,0 d94a7db,c,608,0,56daf6de da09f41e,7,632,0,0 62a076be,8,636,0,0 75b54651,8,644,0,0 6a07242a,7,652,0,0 97355a3,7,656,0,0 c4b48d0c,c,664,0,47d0bc1e a682aa17,0,688,0,0 7de217e1,8,692,0,0 b6e6ecfb,7,700,0,0 117c094d,7,704,0,0 d6ff08ce,7,708,0,0 f0c6625b,8,712,0,0 50dadfc4,8,720,0,0 d73a47f9,c,728,0,4dfe9f26 74116d07,c,752,0,8d6fd954 1d3a6eed,b,776,7,0 7e7e9c53,0,780,0,0 a8dd65af,b,784,7,0 5066c31d,0,788,0,0 33ddfe5e,0,789,0,0 fc9b9697,0,790,0,0 adec6d4b,0,791,0,0 4d91c5d8,0,792,0,0 5497750d,0,793,0,0 6d7173d,0,794,0,0 61664920,7,796,0,0 88c9c437,7,800,0,0 8ffc2f,7,804,0,0 50854ba6,7,808,0,0 4321501,7,812,0,0 a5ee0f0c,7,816,0,0 ca7e4552,6,820,0,0 6bb66a58,6,824,0,0 b5b6aca6,6,828,0,0 bab10af8,6,832,0,0 fac6d042,7,836,0,0 665cfeb3,7,840,0,0 1aa7bb5c,7,844,0,0 c783fae3,7,848,0,0 f6a0173f,0,852,0,0 e9ba3c8d,7,856,0,0 a94f0b84,7,860,0,0 9722b65f,7,864,0,0 491112c8,7,868,0,0 83b2fb88,b,880,7,0 6177b9d3,c,888,0,304ec1ea f84eb62b,c,928,0,a0479618 53683352,9,976,0,0 1a5a20a9,9,992,0,0 224c6b8c,5,1008,0,0 bd97e317,0,1012,0,0 aff194f,0,1013,0,0 3f062476,b,1016,7,0 1277d2a9,7,1020,0,0 e0ba5510,0,1024,0,0 76a5c05,7,1040,0,0 6e6b028c,7,1044,0,0 7223c1d4,7,1048,0,0 7eb64c20,7,1052,0,0 ce042099,7,1056,0,0 fcd3c845,7,1060,0,0 a65c2a20,7,1064,0,0 4fa7d326,0,1068,0,0 6e1f074c,7,1072,0,0 15b9298a,7,1076,0,0 ca8e411f,7,1080,0,0 a0e72642,7,1084,0,0 84141b5c,7,1088,0,0 7f96ee1e,7,1092,0,0 7fa27b62,7,1096,0,0 8b3cbe,7,1100,0,0 145c2c8f,7,1104,0,0 b82ffbe6,7,1108,0,0 d1b1fa49,7,1112,0,0 a1d34e27,7,1116,0,0 f13d3c05,7,1120,0,0 9efeb7,7,1124,0,0 30b873c8,8,1128,0,0 e219388b,0,1136,0,0 3524e544,7,1140,0,0 4f6dbdb4,7,1144,0,0 dd4456ea,7,1148,0,0 7ec320e7,7,1152,0,0 1bdff976,7,1156,0,0 e9b3e351,7,1160,0,0 53e10c3b,6,1164,0,0 507beaf6,c,1168,0,fecca8bd 51f4acb,c,1208,0,a19ae448
P fecca8bd 0 0 40 7dd79ce9,7,8,0,0 a7927aec,7,12,0,0 9e0eaea,7,16,0,0 17214a7d,7,20,0,0 f006ecca,7,24,0,0 b1315a6c,7,28,0,0 781079e9,7,32,0,0 ed5ce258,7,36,0,0
P a19ae448 0 0 40 26da36ad,0,8,0,0 b57d7888,b,12,7,0 e22e4fca,7,16,0,0 b4acc204,7,20,0,0 304a78bf,7,24,0,0 89443e3f,7,28,0,0 781079e9,7,32,0,0 ed5ce258,7,36,0,0
P c1970025 0 0 1088 acec22be,b,8,7,0 5a1a83ab,b,16,7,0 cc1f61e1,b,20,7,0 b57d7888,b,24,7,0 753786db,0,28,0,0 abf4e827,b,32,7,0 2b85dd1c,b,36,7,0 560b20f7,b,40,7,0 39d50a2,b,44,7,0 6f3614cd,7,48,0,0 a436c00b,7,52,0,0 c500a940,7,56,0,0 a9aedee5,0,60,0,0 b2f6858d,0,61,0,0 964c73ec,7,64,0,0 f269c0f5,7,68,0,0 8f6c2678,7,72,0,0 2b6283c4,7,76,0,0 b52bf478,7,80,0,0 65d0ec4e,7,84,0,0 46fca03e,7,88,0,0 357d87e2,6,92,0,0 8fd684e,7,96,0,0 f06992b9,0,100,0,0 7aabc20d,7,104,0,0 1d1999a7,7,108,0,0 53d38852,7,112,0,0 a7c0611e,b,116,7,0 16350c4c,0,120,0,0 2fada8fe,0,121,0,0 733d619e,0,122,0,0 3cea96f9,c,128,0,20563ea6 aa8add61,0,152,0,0 4474a641,7,156,0,0 1ff5cd2f,7,160,0,0 3f840bf9,c,176,0,98bd85b2 c21b4b3d,c,272,0,d3863565 231a522f,c,320,0,436dea3 781079e9,7,344,0,0 ed5ce258,7,348,0,0 9205bd18,7,352,0,0 2977ee0c,7,356,0,0 53474fdb,7,360,0,0 34904e4f,0,364,0,0 a958b0e,7,368,0,0 216b9e03,7,372,0,0 6d02aef1,8,376,0,0 a8a16257,7,384,0,0 40a70ca9,7,388,0,0 ed22548c,7,392,0,0 76af2bd2,c,400,0,ff291ad2 7438d45e,0,448,0,0 e64563c3,0,449,0,0 dc54b1e1,0,450,0,0 83e9a4aa,0,451,0,0 2b361a8c,0,452,0,0 a0bb6327,7,456,0,0 75d016cc,7,460,0,0 20e05e36,7,464,0,0 5cd9acd6,7,468,0,0 f7af3334,9,480,0,0 f9fdaf1d,9,496,0,0 a11aa88e,0,512,0,0 772195f1,0,513,0,0 853fa59d,0,514,0,0 cf6714c5,9,528,0,0 592ce832,7,544,0,0 1448c13e,c,552,0,aec1b94a ff17760b,7,592,0,0 31160503,0,596,0,0 d11713fa,7,600,0,0 ca7b0081,7,604,0,0 d94a7db,c,608,0,56daf6de da09f41e,7,632,0,0 62a076be,8,636,0,0 75b54651,8,644,0,0 6a07242a,7,652,0,0 97355a3,7,656,0,0 c4b48d0c,c,664,0,47d0bc1e a682aa17,0,688,0,0 7de217e1,8,692,0,0 b6e6ecfb,7,700,0,0 117c094d,7,704,0,0 d6ff08ce,7,708,0,0 f0c6625b,8,712,0,0 50dadfc4,8,720,0,0 d73a47f9,c,728,0,4dfe9f26 74116d07,c,752,0,8d6fd954 1d3a6eed,b,776,7,0 7e7e9c53,0,780,0,0 a8dd65af,b,784,7,0 5066c31d,0,788,0,0 33ddfe5e,0,789,0,0 fc9b9697,0,790,0,0 adec6d4b,0,791,0,0 4d91c5d8,0,792,0,0 5497750d,0,793,0,0 6d7173d,0,794,0,0 61664920,7,796,0,0 88c9c437,7,800,0,0 8ffc2f,7,804,0,0 50854ba6,7,808,0,0 4321501,7,812,0,0 a5ee0f0c,7,816,0,0 ca7e4552,6,820,0,0 6bb66a58,6,824,0,0 b5b6aca6,6,828,0,0 bab10af8,6,832,0,0 fac6d042,7,836,0,0 665cfeb3,7,840,0,0 1aa7bb5c,7,844,0,0 c783fae3,7,848,0,0 f6a0173f,0,852,0,0 e9ba3c8d,7,856,0,0 a94f0b84,7,860,0,0 9722b65f,7,864,0,0 491112c8,7,868,0,0 83b2fb88,b,880,7,0 6177b9d3,c,888,0,304ec1ea f84eb62b,c,928,0,a0479618 53683352,9,976,0,0 1a5a20a9,9,992,0,0 224c6b8c,5,1008,0,0 bd97e317,0,1012,0,0 aff194f,0,1013,0,0 3f062476,b,1016,7,0 1277d2a9,7,1020,0,0 e0ba5510,0,1024,0,0 be7afde3,7,1040,0,0 ac2a47e8,8,1044,0,0 9513ccf3,7,1052,0,0 ad126040,7,1056,0,0 796d7ce7,7,1060,0,0 fb85bbf5,7,1064,0,0 d38f103f,7,1068,0,0 3ba40144,7,1072,0,0 76bb124b,7,1076,0,0
P 6d7cbc6c 0 0 896 acec22be,b,8,7,0 5a1a83ab,b,16,7,0 cc1f61e1,b,20,7,0 b57d7888,b,24,7,0 753786db,0,28,0,0 abf4e827,b,32,7,0 2b85dd1c,b,36,7,0 560b20f7,b,40,7,0 39d50a2,b,44,7,0 6f3614cd,7,48,0,0 a436c00b,7,52,0,0 c500a940,7,56,0,0 a9aedee5,0,60,0,0 b2f6858d,0,61,0,0 964c73ec,7,64,0,0 f269c0f5,7,68,0,0 8f6c2678,7,72,0,0 2b6283c4,7,76,0,0 b52bf478,7,80,0,0 65d0ec4e,7,84,0,0 46fca03e,7,88,0,0 357d87e2,6,92,0,0 8fd684e,7,96,0,0 f06992b9,0,100,0,0 7aabc20d,7,104,0,0 1d1999a7,7,108,0,0 53d38852,7,112,0,0 a7c0611e,b,116,7,0 16350c4c,0,120,0,0 2fada8fe,0,121,0,0 733d619e,0,122,0,0 3cea96f9,c,128,0,20563ea6 aa8add61,0,152,0,0 4474a641,7,156,0,0 1ff5cd2f,7,160,0,0 3f840bf9,c,176,0,98bd85b2 c21b4b3d,c,272,0,d3863565 231a522f,c,320,0,436dea3 781079e9,7,344,0,0 ed5ce258,7,348,0,0 9205bd18,7,352,0,0 2977ee0c,7,356,0,0 53474fdb,7,360,0,0 34904e4f,0,364,0,0 a958b0e,7,368,0,0 216b9e03,7,372,0,0 6d02aef1,8,376,0,0 a8a16257,7,384,0,0 40a70ca9,7,388,0,0 ed22548c,7,392,0,0 76af2bd2,c,400,0,ff291ad2 7438d45e,0,448,0,0 e64563c3,0,449,0,0 dc54b1e1,0,450,0,0 83e9a4aa,0,451,0,0 2b361a8c,0,452,0,0 a0bb6327,7,456,0,0 75d016cc,7,460,0,0 20e05e36,7,464,0,0 5cd9acd6,7,468,0,0 f7af3334,9,480,0,0 f9fdaf1d,9,496,0,0 a11aa88e,0,512,0,0 772195f1,0,513,0,0 853fa59d,0,514,0,0 cf6714c5,9,528,0,0 592ce832,7,544,0,0 1448c13e,c,552,0,aec1b94a ff17760b,7,592,0,0 31160503,0,596,0,0 d11713fa,7,600,0,0 ca7b0081,7,604,0,0 d94a7db,c,608,0,56daf6de da09f41e,7,632,0,0 62a076be,8,636,0,0 75b54651,8,644,0,0 6a07242a,7,652,0,0 97355a3,7,656,0,0 c4b48d0c,c,664,0,47d0bc1e a682aa17,0,688,0,0 7de217e1,8,692,0,0 b6e6ecfb,7,700,0,0 117c094d,7,704,0,0 d6ff08ce,7,708,0,0 f0c6625b,8,712,0,0 50dadfc4,8,720,0,0 d73a47f9,c,728,0,4dfe9f26 74116d07,c,752,0,8d6fd954 1d3a6eed,b,776,7,0 7e7e9c53,0,780,0,0 a8dd65af,b,784,7,0 5066c31d,0,788,0,0 33ddfe5e,0,789,0,0 fc9b9697,0,790,0,0 adec6d4b,0,791,0,0 4d91c5d8,0,792,0,0 5497750d,0,793,0,0 6d7173d,0,794,0,0 61664920,7,796,0,0 88c9c437,7,800,0,0 8ffc2f,7,804,0,0 50854ba6,7,808,0,0 4321501,7,812,0,0 a5ee0f0c,7,816,0,0 ca7e4552,6,820,0,0 6bb66a58,6,824,0,0 b5b6aca6,6,828,0,0 bab10af8,6,832,0,0 fac6d042,7,836,0,0 665cfeb3,7,840,0,0 1aa7bb5c,7,844,0,0 c783fae3,7,848,0,0 f6a0173f,0,852,0,0 e9ba3c8d,7,856,0,0 a94f0b84,7,860,0,0 9722b65f,7,864,0,0 491112c8,7,868,0,0 2b0034f9,0,880,0,0 6c92030e,0,881,0,0 9b924e18,7,884,0,0 3249a769,7,888,0,0
P 4c9260b9 0 0 200 acec22be,b,8,7,0 5a1a83ab,b,16,7,0 cc1f61e1,b,20,7,0 b57d7888,b,24,7,0 753786db,0,28,0,0 e2fa2782,c,32,0,2539e9ed ae5da700,c,64,0,2539e9ed 1d9f496,c,96,0,2539e9ed c46b0d38,7,128,0,0 5ed51d13,7,132,0,0 317652a1,7,136,0,0 bd610410,c,144,0,2539e9ed bb4263c2,7,176,0,0 f7cb88b6,7,180,0,0 76926e96,7,184,0,0 fdfc7009,7,188,0,0 5124b8cd,7,192,0,0
P 2539e9ed 0 0 32 e5d0f39f,7,8,0,0 c29e43cd,7,12,0,0 1b2a89a7,7,16,0,0 61005a68,7,20,0,0 eccea901,7,24,0,0
P 92b4543c 0 0 216 acec22be,b,8,7,0 5a1a83ab,b,16,7,0 cc1f61e1,b,20,7,0 b57d7888,b,24,7,0 753786db,0,28,0,0 e2fa2782,c,32,0,2539e9ed ae5da700,c,64,0,2539e9ed 1d9f496,c,96,0,2539e9ed c46b0d38,7,128,0,0 5ed51d13,7,132,0,0 317652a1,7,136,0,0 bd610410,c,144,0,2539e9ed bb4263c2,7,176,0,0 f7cb88b6,7,180,0,0 76926e96,7,184,0,0 fdfc7009,7,188,0,0 5124b8cd,7,192,0,0 3e47bc53,b,200,7,0 445edd55,6,204,0,0 6cce75c8,6,208,0,0
P a124529b 0 0 48 acec22be,b,8,7,0 5a1a83ab,b,16,7,0 cc1f61e1,b,20,7,0 b57d7888,b,24,7,0 753786db,0,28,0,0 52f7e2e8,7,32,0,0 e67ef8bf,5,40,0,0
P 207f57bd 0 0 208 acec22be,b,8,7,0 5a1a83ab,b,16,7,0 cc1f61e1,b,20,7,0 b57d7888,b,24,7,0 753786db,0,28,0,0 e2fa2782,c,32,0,2539e9ed ae5da700,c,64,0,2539e9ed 1d9f496,c,96,0,2539e9ed c46b0d38,7,128,0,0 5ed51d13,7,132,0,0 317652a1,7,136,0,0 bd610410,c,144,0,2539e9ed bb4263c2,7,176,0,0 f7cb88b6,7,180,0,0 76926e96,7,184,0,0 fdfc7009,7,188,0,0 5124b8cd,7,192,0,0 8996e7f1,7,200,0,0 efb8ed3b,b,204,7,0
P 372b3c02 0 0 208 acec22be,b,8,7,0 5a1a83ab,b,16,7,0 cc1f61e1,b,20,7,0 b57d7888,b,24,7,0 753786db,0,28,0,0 e2fa2782,c,32,0,2539e9ed ae5da700,c,64,0,2539e9ed 1d9f496,c,96,0,2539e9ed c46b0d38,7,128,0,0 5ed51d13,7,132,0,0 317652a1,7,136,0,0 bd610410,c,144,0,2539e9ed bb4263c2,7,176,0,0 f7cb88b6,7,180,0,0 76926e96,7,184,0,0 fdfc7009,7,188,0,0 5124b8cd,7,192,0,0 8996e7f1,7,200,0,0 efb8ed3b,b,204,7,0
P 368d69ad 0 0 200 acec22be,b,8,7,0 5a1a83ab,b,16,7,0 cc1f61e1,b,20,7,0 b57d7888,b,24,7,0 753786db,0,28,0,0 e2fa2782,c,32,0,2539e9ed ae5da700,c,64,0,2539e9ed 1d9f496,c,96,0,2539e9ed c46b0d38,7,128,0,0 5ed51d13,7,132,0,0 317652a1,7,136,0,0 bd610410,c,144,0,2539e9ed bb4263c2,7,176,0,0 f7cb88b6,7,180,0,0 76926e96,7,184,0,0 fdfc7009,7,188,0,0 5124b8cd,7,192,0,0
P 86191be7 0 0 40 acec22be,b,8,7,0 5a1a83ab,b,16,7,0 cc1f61e1,b,20,7,0 b57d7888,b,24,7,0 753786db,0,28,0,0 52f7e2e8,7,32,0,0
P c04c3ee 0 0 120 acec22be,b,8,7,0 5a1a83ab,b,16,7,0 cc1f61e1,b,20,7,0 b57d7888,b,24,7,0 753786db,0,28,0,0 52f7e2e8,7,32,0,0 452bd6d8,c,40,0,ad965835 a7063b94,c,64,0,ad965835 871f9b31,7,88,0,0 46256223,7,92,0,0 a31b32ac,7,96,0,0 fee4d7e1,7,100,0,0 77076c63,7,104,0,0 32bf3a0a,7,108,0,0 a5a518aa,6,112,0,0
P ad965835 0 0 24 c29e43cd,7,8,0,0 a2daea7b,7,12,0,0 64b9918b,7,16,0,0 eccea901,7,20,0,0
P eefa9255 0 0 48 acec22be,b,8,7,0 5a1a83ab,b,16,7,0 cc1f61e1,b,20,7,0 b57d7888,b,24,7,0 753786db,0,28,0,0 52f7e2e8,7,32,0,0 e67ef8bf,5,40,0,0
P f70dfaa5 0 0 40 acec22be,b,8,7,0 5a1a83ab,b,16,7,0 cc1f61e1,b,20,7,0 b57d7888,b,24,7,0 753786db,0,28,0,0 52f7e2e8,7,32,0,0
P b25819f9 0 0 48 acec22be,b,8,7,0 5a1a83ab,b,16,7,0 cc1f61e1,b,20,7,0 b57d7888,b,24,7,0 753786db,0,28,0,0 52f7e2e8,7,32,0,0 e67ef8bf,5,40,0,0
P e135eb4c 0 0 144 acec22be,b,8,7,0 5a1a83ab,b,16,7,0 cc1f61e1,b,20,7,0 b57d7888,b,24,7,0 753786db,0,28,0,0 4a3968e0,b,32,7,0 7d78e383,9,48,0,0 ea09e204,7,64,0,0 4f054b32,7,68,0,0 6ed82774,7,72,0,0 3efd399f,7,76,0,0 145e0642,7,80,0,0 46256223,7,84,0,0 8952c941,7,88,0,0 3a4fa4ea,7,92,0,0 871f9b31,7,96,0,0 699ba172,7,100,0,0 4876f952,7,104,0,0 466c9825,7,108,0,0 988a165b,6,112,0,0 3e4c04d0,6,116,0,0 4d65ca58,6,120,0,0 ed002ca4,6,124,0,0 be55daf2,6,128,0,0 cea3b8f3,6,132,0,0
P 41b9f9d 0 0 40 acec22be,b,8,7,0 5a1a83ab,b,16,7,0 cc1f61e1,b,20,7,0 b57d7888,b,24,7,0 753786db,0,28,0,0 a0bb6327,7,32,0,0
P d1cc93be 0 0 256 acec22be,b,8,7,0 5a1a83ab,b,16,7,0 cc1f61e1,b,20,7,0 b57d7888,b,24,7,0 753786db,0,28,0,0 a0bb6327,7,32,0,0 c14ea605,9,48,0,0 33e5090,9,64,0,0 e6a429b3,c,80,0,c59a2c30 1d9f496,c,104,0,c59a2c30 bd610410,c,128,0,c59a2c30 779e3a1a,7,152,0,0 d7809bb6,7,156,0,0 52f7e2e8,7,160,0,0 2e5639d7,7,164,0,0 5cdaac76,7,168,0,0 40f0113c,0,172,0,0 93d7ddde,0,173,0,0 e048e7b4,c,176,0,7528b02e 20babd9b,7,224,0,0 ca4f4b14,6,228,0,0 a12d3306,6,232,0,0 64033bda,6,236,0,0 14807a68,6,240,0,0 28a5f467,6,244,0,0 a5dcf74d,6,248,0,0
P c59a2c30 0 0 24 c29e43cd,7,8,0,0 a2daea7b,7,12,0,0 64b9918b,7,16,0,0 eccea901,7,20,0,0
P 7528b02e 0 0 48 80e3a069,7,8,0,0 c1561f8d,7,12,0,0 75d016cc,7,16,0,0 26f8444a,7,20,0,0 c0a5061b,7,24,0,0 30db73ae,7,28,0,0 7477461,7,32,0,0 2140984e,7,36,0,0 2b361a8c,0,40,0,0
P e47f06ca 0 0 544 acec22be,b,8,7,0 5a1a83ab,b,16,7,0 cc1f61e1,b,20,7,0 b57d7888,b,24,7,0 753786db,0,28,0,0 a0bb6327,7,32,0,0 4f054b32,7,40,0,0 452bd6d8,c,48,0,c59a2c30 a7063b94,c,72,0,c59a2c30 88a3f3b2,c,96,0,c59a2c30 1d9f496,c,120,0,c59a2c30 bd610410,c,144,0,c59a2c30 461b3a1f,c,168,0,c59a2c30 f105da6b,c,192,0,c59a2c30 8e91f033,c,216,0,c59a2c30 5763e338,c,240,0,8de5a20f dc87ae55,c,280,0,8de5a20f 92b6756e,c,320,0,8de5a20f fdfc7009,7,360,0,0 779e3a1a,7,364,0,0 d7809bb6,7,368,0,0 52f7e2e8,7,372,0,0 77076c63,7,376,0,0 20071e14,7,380,0,0 33e6aec6,7,384,0,0 3fb3ad63,7,388,0,0 d853a54b,7,392,0,0 1c976399,7,396,0,0 7bd4bcc3,9,400,0,0 e048e7b4,c,416,0,7528b02e f52aa671,7,464,0,0 7d3c2565,7,468,0,0 7ca00b1c,7,472,0,0 689bd60,7,476,0,0 195d6cf3,7,480,0,0 88393ffe,6,484,0,0 bdeba43d,7,488,0,0 33331795,7,492,0,0 a0538c3,7,496,0,0 869080ea,7,500,0,0 f590582b,7,504,0,0 b0fa92de,6,508,0,0 ca4f4b14,6,512,0,0 a12d3306,6,516,0,0 64033bda,6,520,0,0 14807a68,6,524,0,0 28a5f467,6,528,0,0 a5dcf74d,6,532,0,0 b46525f7,7,536,0,0 4bda6931,7,540,0,0
P 9b9f115c 0 0 48 acec22be,b,8,7,0 4b26a279,b,16,7,0 5520aae0,0,20,0,0 cf6f3d4c,0,21,0,0 100,c,0,0,41205185 7d57e25f,d,24,0,4 bb5e31f3,7,40,0,0
P 41205185 0 0 24 c758e055,e,8,0,fab6f340 e67973fb,b,12,7,0 6bfd1d1b,b,16,7,0
P 6fe5d9e7 0 0 40 acec22be,b,8,7,0 228f6dbd,e,16,0,35c3d8a5 3870457b,7,20,0,0 9840bdd0,7,24,0,0 a27f482b,7,28,0,0 b1476162,7,32,0,0 17c1b6fb,7,36,0,0
P 3181ecb9 0 0 24 acec22be,b,8,7,0 4b26a279,b,16,7,0 5520aae0,0,20,0,0 cf6f3d4c,0,21,0,0
P e2425404 0 0 72 acec22be,b,8,7,0 3ee2ec4f,b,16,7,0 de3297c4,8,20,0,0 b2a7beeb,0,28,0,0 100,e,0,0,d261d19d 6125990,f,32,0,c0004 32229fe1,0,36,0,0 69901655,0,37,0,0 b14062f1,7,40,0,0 5838a4e3,0,44,0,0 92a9b69b,0,45,0,0 dc93a685,7,48,0,0 87a35da1,0,52,0,0 39aeed9,6,56,0,0 fa35b1d3,0,64,0,0
P 266ec826 0 0 104 acec22be,b,8,7,0 3ee2ec4f,b,16,7,0 de3297c4,8,20,0,0 b2a7beeb,0,28,0,0 100,e,0,0,d261d19d 6125990,f,32,0,c0004 32229fe1,0,36,0,0 69901655,0,37,0,0 b14062f1,7,40,0,0 5838a4e3,0,44,0,0 92a9b69b,0,45,0,0 dc93a685,7,48,0,0 87a35da1,0,52,0,0 39aeed9,6,56,0,0 fa35b1d3,0,64,0,0 37b2c980,0,65,0,0 84c47575,7,68,0,0 384054c3,0,72,0,0 5fc1dc07,6,76,0,0 d194ad49,7,80,0,0 c1aa7236,8,84,0,0 b210f27b,7,92,0,0 a257eae8,7,96,0,0
P 224bcb1 0 0 96 acec22be,b,8,7,0 3ee2ec4f,b,16,7,0 de3297c4,8,20,0,0 b2a7beeb,0,28,0,0 100,e,0,0,d261d19d 6125990,f,32,0,c0004 32229fe1,0,36,0,0 69901655,0,37,0,0 b14062f1,7,40,0,0 5838a4e3,0,44,0,0 92a9b69b,0,45,0,0 dc93a685,7,48,0,0 87a35da1,0,52,0,0 39aeed9,6,56,0,0 fa35b1d3,0,64,0,0 463e2af0,7,68,0,0 dab9ec8a,6,72,0,0 b8cc1b6a,6,76,0,0 7b9dfe2f,7,80,0,0 de625b4f,7,84,0,0 f762539e,6,88,0,0
P 88575a1f 0 0 72 acec22be,b,8,7,0 3ee2ec4f,b,16,7,0 de3297c4,8,20,0,0 b2a7beeb,0,28,0,0 100,e,0,0,d261d19d 6125990,f,32,0,c0004 32229fe1,0,36,0,0 69901655,0,37,0,0 b14062f1,7,40,0,0 5838a4e3,0,44,0,0 92a9b69b,0,45,0,0 dc93a685,7,48,0,0 87a35da1,0,52,0,0 39aeed9,6,56,0,0 def34bb,6,64,0,0
P 30a2ecb 0 0 72 acec22be,b,8,7,0 3ee2ec4f,b,16,7,0 de3297c4,8,20,0,0 b2a7beeb,0,28,0,0 100,e,0,0,d261d19d 6125990,f,32,0,c0004 32229fe1,0,36,0,0 69901655,0,37,0,0 b14062f1,7,40,0,0 5838a4e3,0,44,0,0 92a9b69b,0,45,0,0 dc93a685,7,48,0,0 87a35da1,0,52,0,0 39aeed9,6,56,0,0 fa35b1d3,0,64,0,0
P 2b1e73f2 0 0 64 acec22be,b,8,7,0 3ee2ec4f,b,16,7,0 de3297c4,8,20,0,0 b2a7beeb,0,28,0,0 100,e,0,0,d261d19d 6125990,f,32,0,c0004 32229fe1,0,36,0,0 69901655,0,37,0,0 b14062f1,7,40,0,0 5838a4e3,0,44,0,0 92a9b69b,0,45,0,0 dc93a685,7,48,0,0 87a35da1,0,52,0,0 39aeed9,6,56,0,0
P 1553c49e 0 0 64 acec22be,b,8,7,0 3ee2ec4f,b,16,7,0 de3297c4,8,20,0,0 b2a7beeb,0,28,0,0 100,e,0,0,d261d19d 6125990,f,32,0,c0004 32229fe1,0,36,0,0 69901655,0,37,0,0 b14062f1,7,40,0,0 5838a4e3,0,44,0,0 92a9b69b,0,45,0,0 dc93a685,7,48,0,0 87a35da1,0,52,0,0 39aeed9,6,56,0,0
P 51fb7e70 0 0 64 acec22be,b,8,7,0 3ee2ec4f,b,16,7,0 de3297c4,8,20,0,0 b2a7beeb,0,28,0,0 100,e,0,0,d261d19d 6125990,f,32,0,c0004 32229fe1,0,36,0,0 69901655,0,37,0,0 b14062f1,7,40,0,0 5838a4e3,0,44,0,0 92a9b69b,0,45,0,0 dc93a685,7,48,0,0 87a35da1,0,52,0,0 39aeed9,6,56,0,0
P fe0011a1 0 0 64 acec22be,b,8,7,0 3ee2ec4f,b,16,7,0 de3297c4,8,20,0,0 b2a7beeb,0,28,0,0 100,e,0,0,d261d19d 6125990,f,32,0,c0004 32229fe1,0,36,0,0 69901655,0,37,0,0 b14062f1,7,40,0,0 5838a4e3,0,44,0,0 92a9b69b,0,45,0,0 dc93a685,7,48,0,0 87a35da1,0,52,0,0 39aeed9,6,56,0,0
P 70b78928 0 0 64 acec22be,b,8,7,0 3ee2ec4f,b,16,7,0 de3297c4,8,20,0,0 b2a7beeb,0,28,0,0 100,e,0,0,d261d19d 6125990,f,32,0,c0004 32229fe1,0,36,0,0 69901655,0,37,0,0 b14062f1,7,40,0,0 5838a4e3,0,44,0,0 92a9b69b,0,45,0,0 dc93a685,7,48,0,0 87a35da1,0,52,0,0 39aeed9,6,56,0,0
P a20ec5c6 0 0 64 acec22be,b,8,7,0 3ee2ec4f,b,16,7,0 de3297c4,8,20,0,0 b2a7beeb,0,28,0,0 100,e,0,0,d261d19d 6125990,f,32,0,c0004 32229fe1,0,36,0,0 69901655,0,37,0,0 b14062f1,7,40,0,0 5838a4e3,0,44,0,0 92a9b69b,0,45,0,0 dc93a685,7,48,0,0 87a35da1,0,52,0,0 39aeed9,6,56,0,0
P 5ba2d910 0 0 112 acec22be,b,8,7,0 3ee2ec4f,b,16,7,0 de3297c4,8,20,0,0 b2a7beeb,0,28,0,0 100,e,0,0,d261d19d 6125990,f,32,0,c0004 32229fe1,0,36,0,0 69901655,0,37,0,0 b14062f1,7,40,0,0 5838a4e3,0,44,0,0 92a9b69b,0,45,0,0 dc93a685,7,48,0,0 87a35da1,0,52,0,0 39aeed9,6,56,0,0 a6df3d05,0,64,0,0 f8b22e64,0,65,0,0 ccdb9537,8,68,0,0 a27a8e,8,76,0,0 6c6cde6,8,84,0,0 427c0f5c,8,92,0,0 2125fe82,b,100,7,0 97512980,b,104,7,0 fa35b1d3,0,108,0,0
P ce2d158 0 0 72 acec22be,b,8,7,0 3ee2ec4f,b,16,7,0 de3297c4,8,20,0,0 b2a7beeb,0,28,0,0 100,e,0,0,d261d19d 6125990,f,32,0,c0004 32229fe1,0,36,0,0 69901655,0,37,0,0 b14062f1,7,40,0,0 5838a4e3,0,44,0,0 92a9b69b,0,45,0,0 dc93a685,7,48,0,0 87a35da1,0,52,0,0 39aeed9,6,56,0,0 fa35b1d3,0,64,0,0
P 39e8c648 0 0 72 acec22be,b,8,7,0 3ee2ec4f,b,16,7,0 de3297c4,8,20,0,0 b2a7beeb,0,28,0,0 100,e,0,0,d261d19d 6125990,f,32,0,c0004 32229fe1,0,36,0,0 69901655,0,37,0,0 b14062f1,7,40,0,0 5838a4e3,0,44,0,0 92a9b69b,0,45,0,0 dc93a685,7,48,0,0 87a35da1,0,52,0,0 39aeed9,6,56,0,0 fa35b1d3,0,64,0,0
P 63254740 0 0 80 acec22be,b,8,7,0 3ee2ec4f,b,16,7,0 de3297c4,8,20,0,0 b2a7beeb,0,28,0,0 100,e,0,0,d261d19d 6125990,f,32,0,c0004 32229fe1,0,36,0,0 69901655,0,37,0,0 b14062f1,7,40,0,0 5838a4e3,0,44,0,0 92a9b69b,0,45,0,0 dc93a685,7,48,0,0 87a35da1,0,52,0,0 39aeed9,6,56,0,0 343e4081,7,64,0,0 27767079,7,68,0,0 fa35b1d3,0,72,0,0
P c164a88c 0 0 72 acec22be,b,8,7,0 3ee2ec4f,b,16,7,0 de3297c4,8,20,0,0 b2a7beeb,0,28,0,0 100,e,0,0,d261d19d 6125990,f,32,0,c0004 32229fe1,0,36,0,0 69901655,0,37,0,0 b14062f1,7,40,0,0 5838a4e3,0,44,0,0 92a9b69b,0,45,0,0 dc93a685,7,48,0,0 87a35da1,0,52,0,0 39aeed9,6,56,0,0 fa35b1d3,0,64,0,0
P 5121c8e9 0 0 64 acec22be,b,8,7,0 3ee2ec4f,b,16,7,0 de3297c4,8,20,0,0 b2a7beeb,0,28,0,0 100,e,0,0,d261d19d 6125990,f,32,0,c0004 32229fe1,0,36,0,0 69901655,0,37,0,0 b14062f1,7,40,0,0 5838a4e3,0,44,0,0 92a9b69b,0,45,0,0 dc93a685,7,48,0,0 87a35da1,0,52,0,0 39aeed9,6,56,0,0
P 16238a05 0 0 80 acec22be,b,8,7,0 3ee2ec4f,b,16,7,0 de3297c4,8,20,0,0 b2a7beeb,0,28,0,0 100,e,0,0,d261d19d 6125990,f,32,0,c0004 32229fe1,0,36,0,0 69901655,0,37,0,0 b14062f1,7,40,0,0 5838a4e3,0,44,0,0 92a9b69b,0,45,0,0 dc93a685,7,48,0,0 87a35da1,0,52,0,0 39aeed9,6,56,0,0 100,b,0,7,0 4f59c580,d,64,0,e
P bd90afa8 0 0 64 acec22be,b,8,7,0 3ee2ec4f,b,16,7,0 de3297c4,8,20,0,0 b2a7beeb,0,28,0,0 100,e,0,0,d261d19d 6125990,f,32,0,c0004 32229fe1,0,36,0,0 69901655,0,37,0,0 b14062f1,7,40,0,0 5838a4e3,0,44,0,0 92a9b69b,0,45,0,0 dc93a685,7,48,0,0 87a35da1,0,52,0,0 39aeed9,6,56,0,0
P c7b85271 0 0 64 acec22be,b,8,7,0 3ee2ec4f,b,16,7,0 de3297c4,8,20,0,0 b2a7beeb,0,28,0,0 100,e,0,0,d261d19d 6125990,f,32,0,c0004 32229fe1,0,36,0,0 69901655,0,37,0,0 b14062f1,7,40,0,0 5838a4e3,0,44,0,0 92a9b69b,0,45,0,0 dc93a685,7,48,0,0 87a35da1,0,52,0,0 39aeed9,6,56,0,0
P f23b80fc 0 0 64 acec22be,b,8,7,0 3ee2ec4f,b,16,7,0 de3297c4,8,20,0,0 b2a7beeb,0,28,0,0 100,e,0,0,d261d19d 6125990,f,32,0,c0004 32229fe1,0,36,0,0 69901655,0,37,0,0 b14062f1,7,40,0,0 5838a4e3,0,44,0,0 92a9b69b,0,45,0,0 dc93a685,7,48,0,0 87a35da1,0,52,0,0 39aeed9,6,56,0,0
P 8630c21e 0 0 72 acec22be,b,8,7,0 3ee2ec4f,b,16,7,0 de3297c4,8,20,0,0 b2a7beeb,0,28,0,0 100,e,0,0,d261d19d 6125990,f,32,0,c0004 32229fe1,0,36,0,0 69901655,0,37,0,0 b14062f1,7,40,0,0 5838a4e3,0,44,0,0 92a9b69b,0,45,0,0 dc93a685,7,48,0,0 87a35da1,0,52,0,0 39aeed9,6,56,0,0 75270c47,6,64,0,0 1e997d6f,7,68,0,0
P 145c659f 0 0 64 acec22be,b,8,7,0 3ee2ec4f,b,16,7,0 de3297c4,8,20,0,0 b2a7beeb,0,28,0,0 100,e,0,0,d261d19d 6125990,f,32,0,c0004 32229fe1,0,36,0,0 69901655,0,37,0,0 b14062f1,7,40,0,0 5838a4e3,0,44,0,0 92a9b69b,0,45,0,0 dc93a685,7,48,0,0 87a35da1,0,52,0,0 39aeed9,6,56,0,0
P dbf1f841 0 0 80 acec22be,b,8,7,0 3ee2ec4f,b,16,7,0 de3297c4,8,20,0,0 b2a7beeb,0,28,0,0 100,e,0,0,d261d19d 6125990,f,32,0,c0004 32229fe1,0,36,0,0 69901655,0,37,0,0 b14062f1,7,40,0,0 5838a4e3,0,44,0,0 92a9b69b,0,45,0,0 dc93a685,7,48,0,0 87a35da1,0,52,0,0 39aeed9,6,56,0,0 4224f63b,6,64,0,0 f88f646e,6,68,0,0 9ea0bd88,b,72,7,0
P 2c30587 0 0 72 acec22be,b,8,7,0 3ee2ec4f,b,16,7,0 de3297c4,8,20,0,0 b2a7beeb,0,28,0,0 100,e,0,0,d261d19d 6125990,f,32,0,c0004 32229fe1,0,36,0,0 69901655,0,37,0,0 b14062f1,7,40,0,0 5838a4e3,0,44,0,0 92a9b69b,0,45,0,0 dc93a685,7,48,0,0 87a35da1,0,52,0,0 39aeed9,6,56,0,0 bd98fe81,7,64,0,0
P bfb37edf 0 0 80 acec22be,b,8,7,0 3ee2ec4f,b,16,7,0 de3297c4,8,20,0,0 b2a7beeb,0,28,0,0 100,e,0,0,d261d19d 6125990,f,32,0,c0004 32229fe1,0,36,0,0 69901655,0,37,0,0 b14062f1,7,40,0,0 5838a4e3,0,44,0,0 92a9b69b,0,45,0,0 dc93a685,7,48,0,0 87a35da1,0,52,0,0 39aeed9,6,56,0,0 b442395,7,64,0,0 d00ec272,7,68,0,0 1b3c1cc9,6,72,0,0
P 387e794c 0 0 64 acec22be,b,8,7,0 3ee2ec4f,b,16,7,0 de3297c4,8,20,0,0 b2a7beeb,0,28,0,0 100,e,0,0,d261d19d 6125990,f,32,0,c0004 32229fe1,0,36,0,0 69901655,0,37,0,0 b14062f1,7,40,0,0 5838a4e3,0,44,0,0 92a9b69b,0,45,0,0 dc93a685,7,48,0,0 87a35da1,0,52,0,0 39aeed9,6,56,0,0
P 9d673dcd 0 0 64 acec22be,b,8,7,0 3ee2ec4f,b,16,7,0 de3297c4,8,20,0,0 b2a7beeb,0,28,0,0 100,e,0,0,d261d19d 6125990,f,32,0,c0004 32229fe1,0,36,0,0 69901655,0,37,0,0 b14062f1,7,40,0,0 5838a4e3,0,44,0,0 92a9b69b,0,45,0,0 dc93a685,7,48,0,0 87a35da1,0,52,0,0 39aeed9,6,56,0,0
P ee7dc440 0 0 64 acec22be,b,8,7,0 3ee2ec4f,b,16,7,0 de3297c4,8,20,0,0 b2a7beeb,0,28,0,0 100,e,0,0,d261d19d 6125990,f,32,0,c0004 32229fe1,0,36,0,0 69901655,0,37,0,0 b14062f1,7,40,0,0 5838a4e3,0,44,0,0 92a9b69b,0,45,0,0 dc93a685,7,48,0,0 87a35da1,0,52,0,0 39aeed9,6,56,0,0
P fd87f644 0 0 64 acec22be,b,8,7,0 3ee2ec4f,b,16,7,0 de3297c4,8,20,0,0 b2a7beeb,0,28,0,0 100,e,0,0,d261d19d 6125990,f,32,0,c0004 32229fe1,0,36,0,0 69901655,0,37,0,0 b14062f1,7,40,0,0 5838a4e3,0,44,0,0 92a9b69b,0,45,0,0 dc93a685,7,48,0,0 87a35da1,0,52,0,0 39aeed9,6,56,0,0
P 4d930c2b 0 0 64 acec22be,b,8,7,0 3ee2ec4f,b,16,7,0 de3297c4,8,20,0,0 b2a7beeb,0,28,0,0 100,e,0,0,d261d19d 6125990,f,32,0,c0004 32229fe1,0,36,0,0 69901655,0,37,0,0 b14062f1,7,40,0,0 5838a4e3,0,44,0,0 92a9b69b,0,45,0,0 dc93a685,7,48,0,0 87a35da1,0,52,0,0 39aeed9,6,56,0,0
P c8ae430c 0 0 80 acec22be,b,8,7,0 82c3352e,6,16,0,0 99b04aa1,5,20,0,0 5fe740e9,e,24,0,e9b5f3e5 9b7fa0d1,7,28,0,0 8d26a649,0,32,0,0 e8b10108,0,33,0,0 5f13e758,0,34,0,0 58c73054,0,35,0,0 2f730a3f,7,40,0,0 18e15f2f,0,44,0,0 ebf30f56,6,48,0,0 af2fe724,e,52,0,e9b5f3e5 a163a857,7,56,0,0 193322c,7,60,0,0 13355da6,6,64,0,0 ab011797,e,68,0,e9b5f3e5 da1ce79e,7,72,0,0 31ab9be2,7,76,0,0
P d71605ce 0 0 80 acec22be,b,8,7,0 82c3352e,6,16,0,0 99b04aa1,5,20,0,0 5fe740e9,e,24,0,e9b5f3e5 9b7fa0d1,7,28,0,0 8d26a649,0,32,0,0 e8b10108,0,33,0,0 5f13e758,0,34,0,0 58c73054,0,35,0,0 338c4692,0,40,0,0 d4fa5865,5,44,0,0 6d8cacdf,9,48,0,0 8ecfbd62,7,64,0,0 f0ab22d1,7,68,0,0
P fb4e6a2e 0 0 48 acec22be,b,8,7,0 82c3352e,6,16,0,0 99b04aa1,5,20,0,0 5fe740e9,e,24,0,e9b5f3e5 9b7fa0d1,7,28,0,0 8d26a649,0,32,0,0 e8b10108,0,33,0,0 5f13e758,0,34,0,0 58c73054,0,35,0,0 8898d1df,7,40,0,0
P 61773672 0 0 48 acec22be,b,8,7,0 82c3352e,6,16,0,0 99b04aa1,5,20,0,0 5fe740e9,e,24,0,e9b5f3e5 9b7fa0d1,7,28,0,0 8d26a649,0,32,0,0 e8b10108,0,33,0,0 5f13e758,0,34,0,0 58c73054,0,35,0,0 d8a58751,7,40,0,0
P 6dfe2680 0 0 64 acec22be,b,8,7,0 82c3352e,6,16,0,0 99b04aa1,5,20,0,0 5fe740e9,e,24,0,e9b5f3e5 9b7fa0d1,7,28,0,0 8d26a649,0,32,0,0 e8b10108,0,33,0,0 5f13e758,0,34,0,0 58c73054,0,35,0,0 46f6eb92,7,40,0,0 20a20199,7,44,0,0 954df34d,7,48,0,0 193322c,7,52,0,0 f0ab22d1,7,56,0,0
P a50fe94d 0 0 80 acec22be,b,8,7,0 1d748f0c,7,16,0,0 66261e03,7,20,0,0 b335dc3d,7,24,0,0 598ee633,7,28,0,0 e45fe2ed,7,32,0,0 41c690c4,7,36,0,0 261e29bf,7,40,0,0 741bb44f,7,44,0,0 46256223,7,48,0,0 1f8d27f0,7,52,0,0 5582c132,7,56,0,0 ba9330a7,7,60,0,0 5aea2a24,7,64,0,0 122872d7,7,68,0,0 93a53ae7,7,72,0,0
P 88f38ca1 0 0 192 acec22be,b,8,7,0 eb76997f,c,16,0,2927c05a a2a5f416,c,56,0,a45268eb 21261304,c,72,0,2976585b 3a847e97,c,104,0,fcb531aa 38f7f865,c,136,0,941be976 e5055ea6,c,152,0,6ba1af58 c4a59764,0,184,0,0
P a45268eb 0 0 16 da63762d,0,8,0,0 97efc192,7,12,0,0
P 2976585b 0 0 32 da63762d,0,8,0,0 68b232f,b,12,7,0 100,6,0,0,0 8f0e278e,d,16,0,2
P fcb531aa 0 0 32 da63762d,0,8,0,0 100,b,0,7,0 d5548ac6,d,16,0,1
P 941be976 0 0 16 da63762d,0,8,0,0 72745386,7,12,0,0
P 6ba1af58 0 0 32 da63762d,0,8,0,0 100,c,0,0,bf2034a3 5a7546e2,d,16,0,1
P bf2034a3 0 0 48 9b3fe205,6,8,0,0 4b302ca8,b,12,7,0 ca151254,9,16,0,0 86608cfc,7,32,0,0 1051d9fb,0,36,0,0
P 6b554fa9 0 0 608 acec22be,b,8,7,0 753786db,0,16,0,0 7c8e2444,b,24,7,0 1ef9bfc3,b,28,7,0 f5aa52d3,b,32,7,0 c1f352c8,b,36,7,0 c762c0dd,b,40,7,0 8cf9ab10,b,44,7,0 394bba02,b,48,7,0 de9c6b6f,b,52,7,0 af0632a6,b,56,7,0 237d12ab,b,60,7,0 fe5493f3,b,64,7,0 3fcda78d,b,68,7,0 31f42bbc,b,72,7,0 4aa65879,b,76,7,0 930305ce,b,80,7,0 e53c1267,b,84,7,0 c64da51f,b,88,7,0 164b812c,b,92,7,0 333899a9,b,96,7,0 528b8ebf,b,100,7,0 17c877cd,b,104,7,0 ea3d9aa3,b,108,7,0 7be3f649,b,112,7,0 83d85c23,b,116,7,0 6da22cdb,b,120,7,0 45a3ddb1,b,124,7,0 c5ad968d,b,128,7,0 a5464bdd,b,132,7,0 2daadf5e,b,136,7,0 97215437,b,140,7,0 99790b7,b,144,7,0 1c82589b,b,148,7,0 b290977e,b,152,7,0 9be2acfd,b,156,7,0 2e166a96,6,160,0,0 3e18b4d8,7,164,0,0 7922e944,7,168,0,0 563ad63d,7,172,0,0 ed9fa606,7,176,0,0 1e482238,7,180,0,0 b1627a44,7,184,0,0 ca74a7e8,7,188,0,0 c047cb84,7,192,0,0 50962736,7,196,0,0 45efcb1,7,200,0,0 5456f923,7,204,0,0 d515fb36,7,208,0,0 3b246c70,7,212,0,0 800c09ad,7,216,0,0 7054da17,6,220,0,0 320609cc,8,224,0,0 e94d151b,8,232,0,0 73578c35,8,240,0,0 ce8ae1a4,8,248,0,0 a3a62695,6,256,0,0 12587f3,6,260,0,0 c98894ed,7,264,0,0 fec1ca4a,7,268,0,0 c88a1130,6,272,0,0 21bc2d3f,7,276,0,0 1bdf2559,7,280,0,0 bd8ff46e,6,284,0,0 3720adc5,6,288,0,0 6f768dd8,7,292,0,0 100,c,0,0,caef1cfa c3a765aa,d,296,0,42 d42fda76,7,312,0,0 f7604f3,7,316,0,0 5ad573ab,7,320,0,0 dcca3ec7,6,324,0,0 824a4bfd,6,328,0,0 a4e77069,6,332,0,0 f3b3f821,6,336,0,0 af490080,6,340,0,0 3732bfae,6,344,0,0 f2ac4070,6,348,0,0 f4368926,6,352,0,0 f9467fa5,6,356,0,0 ec1dac4e,7,360,0,0 5f308511,7,364,0,0 882b05aa,0,368,0,0 fb60c0f9,7,372,0,0 25f07f8e,b,376,7,0 3aac6f2d,6,380,0,0 90e51e88,6,384,0,0 46f68a6d,8,388,0,0 be5d75cc,8,396,0,0 d0726624,8,404,0,0 c1326bb,8,412,0,0 5f6058ff,8,420,0,0 12876a11,8,428,0,0 36423bd7,7,436,0,0 5a7f0041,7,440,0,0 abbccccd,7,444,0,0 4c79b9e0,7,448,0,0 3c6a1311,6,452,0,0 591a06f6,6,456,0,0 da700a8d,b,460,7,0 6f49f39c,7,464,0,0 1963bf62,7,468,0,0 7bf3fae1,7,472,0,0 d06070d2,7,476,0,0 c31fa4b9,7,480,0,0 e613d849,7,484,0,0 8362e561,7,488,0,0 6a61062,7,492,0,0 8a68dd0b,7,496,0,0 264c5710,7,500,0,0 799ec202,7,504,0,0 375a576e,7,508,0,0 bfb84fd4,6,512,0,0 ce952019,6,516,0,0 ca1a28db,6,520,0,0 9fed07c5,6,524,0,0 bcf2ad94,6,528,0,0 ff8b8345,6,532,0,0 6dba15a,6,536,0,0 6ddcae16,6,540,0,0 bad19832,b,544,7,0 5d424cd0,b,548,7,0 31b735c8,c,552,0,a8fabf9d
P a8fabf9d 0 0 56 5a1a83ab,b,8,7,0 14048040,8,12,0,0 7e45ae1a,6,20,0,0 4b80c2f,6,24,0,0 b6ff7d13,6,28,0,0 8b566755,7,32,0,0 309ecb41,7,36,0,0 7652927f,7,40,0,0 eabe7731,7,44,0,0 38b2cbfd,7,48,0,0
P caef1cfa 0 0 16 fb5833a9,b,8,7,0 373d7a25,b,12,7,0
P afb5fc4f 0 0 104 acec22be,b,8,7,0 753786db,0,16,0,0 9cc5ce0,6,24,0,0 5d698fc4,7,28,0,0 f010ec98,7,32,0,0 2b8d98b8,7,36,0,0 fa3fa5d9,b,40,7,0 d8fd5af5,7,44,0,0 b1ef12ef,7,48,0,0 bf4f3cf,7,52,0,0 9fed07c5,6,56,0,0 63f80ec1,b,60,7,0 7d4279ff,b,64,7,0 6f49f39c,7,68,0,0 1963bf62,7,72,0,0 7bf3fae1,7,76,0,0 100,c,0,3,0 152d52,d,80,0,10 1b1f82d,6,96,0,0
P a843609f 0 0 72 acec22be,b,8,7,0 100,c,0,0,cadc0d2f f02b39a1,d,16,0,1 100,c,0,0,93925829 992294b6,d,32,0,3 9143a55a,0,48,0,0 f53c6899,0,49,0,0 9122497f,0,50,0,0 a92f80db,0,51,0,0 9d54de10,0,52,0,0 dc7dab6d,0,53,0,0 c333573d,7,56,0,0 ec6a6af7,0,60,0,0 ad79549e,6,64,0,0
P cadc0d2f 0 0 24 83eb7e22,b,8,7,0 9f581bdd,6,12,0,0 312b64a,7,16,0,0
P 62ad3b34 0 0 72 acec22be,b,8,7,0 100,c,0,0,cadc0d2f f02b39a1,d,16,0,1 100,c,0,0,93925829 992294b6,d,32,0,3 9143a55a,0,48,0,0 f53c6899,0,49,0,0 9122497f,0,50,0,0 a92f80db,0,51,0,0 9d54de10,0,52,0,0 dc7dab6d,0,53,0,0 c333573d,7,56,0,0 ec6a6af7,0,60,0,0 ad79549e,6,64,0,0
P 518cebe5 0 0 72 acec22be,b,8,7,0 100,c,0,0,cadc0d2f f02b39a1,d,16,0,1 100,c,0,0,93925829 992294b6,d,32,0,3 9143a55a,0,48,0,0 f53c6899,0,49,0,0 9122497f,0,50,0,0 a92f80db,0,51,0,0 9d54de10,0,52,0,0 dc7dab6d,0,53,0,0 c333573d,7,56,0,0 ec6a6af7,0,60,0,0 ad79549e,6,64,0,0
P 33a925d3 0 0 72 acec22be,b,8,7,0 100,c,0,0,cadc0d2f f02b39a1,d,16,0,1 100,c,0,0,93925829 992294b6,d,32,0,3 9143a55a,0,48,0,0 f53c6899,0,49,0,0 9122497f,0,50,0,0 a92f80db,0,51,0,0 9d54de10,0,52,0,0 dc7dab6d,0,53,0,0 c333573d,7,56,0,0 ec6a6af7,0,60,0,0 ad79549e,6,64,0,0
P fa380ce0 0 0 80 acec22be,b,8,7,0 100,c,0,0,cadc0d2f f02b39a1,d,16,0,1 100,c,0,0,93925829 992294b6,d,32,0,3 9143a55a,0,48,0,0 f53c6899,0,49,0,0 9122497f,0,50,0,0 a92f80db,0,51,0,0 9d54de10,0,52,0,0 dc7dab6d,0,53,0,0 c333573d,7,56,0,0 ec6a6af7,0,60,0,0 ad79549e,6,64,0,0 625f5a7e,6,72,0,0
P 99f181e0 0 0 72 acec22be,b,8,7,0 100,c,0,0,cadc0d2f f02b39a1,d,16,0,1 100,c,0,0,93925829 992294b6,d,32,0,3 9143a55a,0,48,0,0 f53c6899,0,49,0,0 9122497f,0,50,0,0 a92f80db,0,51,0,0 9d54de10,0,52,0,0 dc7dab6d,0,53,0,0 c333573d,7,56,0,0 ec6a6af7,0,60,0,0 ad79549e,6,64,0,0
P bb41d549 0 0 72 acec22be,b,8,7,0 100,c,0,0,cadc0d2f f02b39a1,d,16,0,1 100,c,0,0,93925829 992294b6,d,32,0,3 9143a55a,0,48,0,0 f53c6899,0,49,0,0 9122497f,0,50,0,0 a92f80db,0,51,0,0 9d54de10,0,52,0,0 dc7dab6d,0,53,0,0 c333573d,7,56,0,0 ec6a6af7,0,60,0,0 ad79549e,6,64,0,0
P 6793dcee 0 0 72 acec22be,b,8,7,0 100,c,0,0,cadc0d2f f02b39a1,d,16,0,1 100,c,0,0,93925829 992294b6,d,32,0,3 9143a55a,0,48,0,0 f53c6899,0,49,0,0 9122497f,0,50,0,0 a92f80db,0,51,0,0 9d54de10,0,52,0,0 dc7dab6d,0,53,0,0 c333573d,7,56,0,0 ec6a6af7,0,60,0,0 ad79549e,6,64,0,0
P d9f3a035 0 0 72 acec22be,b,8,7,0 100,c,0,0,cadc0d2f f02b39a1,d,16,0,1 100,c,0,0,93925829 992294b6,d,32,0,3 9143a55a,0,48,0,0 f53c6899,0,49,0,0 9122497f,0,50,0,0 a92f80db,0,51,0,0 9d54de10,0,52,0,0 dc7dab6d,0,53,0,0 c333573d,7,56,0,0 ec6a6af7,0,60,0,0 ad79549e,6,64,0,0
P 93925829 0 0 16 83eb7e22,b,8,7,0 562e269e,e,12,0,e7d67d78
P 62fc119d 0 0 72 acec22be,b,8,7,0 100,c,0,0,cadc0d2f f02b39a1,d,16,0,1 100,c,0,0,93925829 992294b6,d,32,0,3 9143a55a,0,48,0,0 f53c6899,0,49,0,0 9122497f,0,50,0,0 a92f80db,0,51,0,0 9d54de10,0,52,0,0 dc7dab6d,0,53,0,0 c333573d,7,56,0,0 ec6a6af7,0,60,0,0 ad79549e,6,64,0,0
P b429cc69 0 0 80 acec22be,b,8,7,0 100,c,0,0,cadc0d2f f02b39a1,d,16,0,1 100,c,0,0,93925829 992294b6,d,32,0,3 9143a55a,0,48,0,0 f53c6899,0,49,0,0 9122497f,0,50,0,0 a92f80db,0,51,0,0 9d54de10,0,52,0,0 dc7dab6d,0,53,0,0 c333573d,7,56,0,0 ec6a6af7,0,60,0,0 ad79549e,6,64,0,0 841639af,6,72,0,0 b9ee6580,6,76,0,0
P c595e0a9 0 0 72 acec22be,b,8,7,0 100,c,0,0,cadc0d2f f02b39a1,d,16,0,1 100,c,0,0,93925829 992294b6,d,32,0,3 9143a55a,0,48,0,0 f53c6899,0,49,0,0 9122497f,0,50,0,0 a92f80db,0,51,0,0 9d54de10,0,52,0,0 dc7dab6d,0,53,0,0 c333573d,7,56,0,0 ec6a6af7,0,60,0,0 ad79549e,6,64,0,0
P f0339256 0 0 72 acec22be,b,8,7,0 100,c,0,0,cadc0d2f f02b39a1,d,16,0,1 100,c,0,0,93925829 992294b6,d,32,0,3 9143a55a,0,48,0,0 f53c6899,0,49,0,0 9122497f,0,50,0,0 a92f80db,0,51,0,0 9d54de10,0,52,0,0 dc7dab6d,0,53,0,0 c333573d,7,56,0,0 ec6a6af7,0,60,0,0 ad79549e,6,64,0,0
P d1fa53 0 0 72 acec22be,b,8,7,0 100,c,0,0,cadc0d2f f02b39a1,d,16,0,1 100,c,0,0,93925829 992294b6,d,32,0,3 9143a55a,0,48,0,0 f53c6899,0,49,0,0 9122497f,0,50,0,0 a92f80db,0,51,0,0 9d54de10,0,52,0,0 dc7dab6d,0,53,0,0 c333573d,7,56,0,0 ec6a6af7,0,60,0,0 ad79549e,6,64,0,0
P ccd948d2 0 0 72 acec22be,b,8,7,0 100,c,0,0,cadc0d2f f02b39a1,d,16,0,1 100,c,0,0,93925829 992294b6,d,32,0,3 9143a55a,0,48,0,0 f53c6899,0,49,0,0 9122497f,0,50,0,0 a92f80db,0,51,0,0 9d54de10,0,52,0,0 dc7dab6d,0,53,0,0 c333573d,7,56,0,0 ec6a6af7,0,60,0,0 ad79549e,6,64,0,0
P df7a5323 0 0 72 acec22be,b,8,7,0 100,c,0,0,cadc0d2f f02b39a1,d,16,0,1 100,c,0,0,93925829 992294b6,d,32,0,3 9143a55a,0,48,0,0 f53c6899,0,49,0,0 9122497f,0,50,0,0 a92f80db,0,51,0,0 9d54de10,0,52,0,0 dc7dab6d,0,53,0,0 c333573d,7,56,0,0 ec6a6af7,0,60,0,0 ad79549e,6,64,0,0
P f2a8adf 0 0 72 acec22be,b,8,7,0 100,c,0,0,cadc0d2f f02b39a1,d,16,0,1 100,c,0,0,93925829 992294b6,d,32,0,3 9143a55a,0,48,0,0 f53c6899,0,49,0,0 9122497f,0,50,0,0 a92f80db,0,51,0,0 9d54de10,0,52,0,0 dc7dab6d,0,53,0,0 c333573d,7,56,0,0 ec6a6af7,0,60,0,0 ad79549e,6,64,0,0
P 3a32d415 0 0 72 acec22be,b,8,7,0 100,c,0,0,cadc0d2f f02b39a1,d,16,0,1 100,c,0,0,93925829 992294b6,d,32,0,3 9143a55a,0,48,0,0 f53c6899,0,49,0,0 9122497f,0,50,0,0 a92f80db,0,51,0,0 9d54de10,0,52,0,0 dc7dab6d,0,53,0,0 c333573d,7,56,0,0 ec6a6af7,0,60,0,0 ad79549e,6,64,0,0
P ef8586d 0 0 80 acec22be,b,8,7,0 100,c,0,0,cadc0d2f f02b39a1,d,16,0,1 100,c,0,0,93925829 992294b6,d,32,0,3 9143a55a,0,48,0,0 f53c6899,0,49,0,0 9122497f,0,50,0,0 a92f80db,0,51,0,0 9d54de10,0,52,0,0 dc7dab6d,0,53,0,0 c333573d,7,56,0,0 ec6a6af7,0,60,0,0 ad79549e,6,64,0,0 700748e0,6,72,0,0 47aecbf8,7,76,0,0
P e503f9ad 0 0 32 acec22be,b,8,7,0 753786db,0,16,0,0 8f6f489a,b,24,7,0
P 302ba212 0 0 40 acec22be,b,8,7,0 753786db,0,16,0,0 c5354270,b,24,7,0 3e47bc53,b,28,7,0 2456add8,6,32,0,0
P 46bac72c 0 0 32 acec22be,b,8,7,0 753786db,0,16,0,0 ff590d57,b,24,7,0
P cb4264a1 0 0 32 acec22be,b,8,7,0 753786db,0,16,0,0 6c204ae8,b,24,7,0
P c1baacfb 0 0 160 acec22be,b,8,7,0 753786db,0,16,0,0 a238d92d,b,24,7,0 7f1e1d7a,b,28,7,0 1d4fc4e5,b,32,7,0 9ddb1627,b,36,7,0 f2ba2f1e,b,40,7,0 279b4142,b,44,7,0 e8aa3f4c,b,48,7,0 e1d97a3d,7,52,0,0 8a4472c6,7,56,0,0 5f22b4e0,7,60,0,0 49d6919e,9,64,0,0 512f79cb,b,80,7,0 9d6027d6,7,84,0,0 b6ec5b3a,7,88,0,0 4d46045,7,92,0,0 fd1e42c4,7,96,0,0 63d22ca7,7,100,0,0 d924913,b,104,7,0 762ffeb6,b,108,7,0 348d2550,b,112,7,0 9af628b1,b,116,7,0 bf20604c,b,120,7,0 64bd9234,7,124,0,0 f8a246ea,7,128,0,0 c9c51d26,7,132,0,0 38a98a64,7,136,0,0 37289bf9,7,140,0,0 e987f24f,7,144,0,0 523327d3,7,148,0,0 85da7fcc,7,152,0,0
P d09d35ba 0 0 32 acec22be,b,8,7,0 753786db,0,16,0,0 a3e9d158,b,24,7,0
P 54308096 0 0 40 acec22be,b,8,7,0 753786db,0,16,0,0 100,c,0,0,43be4aac 385c0873,d,24,0,2
P 43be4aac 0 0 32 3ee2ec4f,b,8,7,0 7a05524a,b,12,0,100000
P f271702 0 0 24 100,c,0,0,977d9a7f 82eca25b,d,8,0,0
P 977d9a7f 0 0 136 e6e17f14,b,8,3,0 2554a5b0,7,24,0,0 56cfc098,7,28,0,0 d54b2ed3,7,32,0,0 a85ac189,7,36,0,0 12422ba6,7,40,0,0 d8fcaf5a,7,44,0,0 8260fbf6,7,48,0,0 e02f914f,7,52,0,0 568014df,7,56,0,0 c2c1d670,7,60,0,0 37981288,7,64,0,0 7bb3c0f7,7,68,0,0 bc1c2609,b,72,7,0 a7a6e14f,7,76,0,0 3f12544c,7,80,0,0 8455e617,7,84,0,0 149887bf,7,88,0,0 b83415ec,0,92,0,0 73ee4024,b,96,7,0 9f8575e5,7,100,0,0 76de865e,0,104,0,0 4110cf8b,0,105,0,0 187e1174,0,106,0,0 b803cbb2,0,107,0,0 9797005d,0,108,0,0 2149cb9f,0,109,0,0 5ca5ceb8,0,110,0,0 a1b39efc,0,111,0,0 75b84570,0,112,0,0 dd2da203,0,113,0,0 3f359ab0,0,114,0,0 7302d15d,0,115,0,0 da6f603a,0,116,0,0 8f10ef12,0,117,0,0 89b1a4bb,0,118,0,0 c56da577,0,119,0,0 b8bd441a,7,120,0,0 b36e03f3,7,124,0,0 aaa9ab0,0,128,0,0 49af8d6c,0,129,0,0 59f716bf,0,130,0,0 4f894a66,0,131,0,0 ed76e87b,0,132,0,0
P 90ba59af 0 0 88 100,c,0,0,423f8f5c 1f3b0406,d,8,0,0 100,c,0,0,1bc51f6 a34910d5,d,24,0,2 100,c,0,0,f977ffb7 8bcdad93,d,40,0,4 100,c,0,0,35ff3822 58490c54,d,56,0,6 100,c,0,0,7b854238 61fb2e17,d,72,0,8
P 423f8f5c 0 0 32 acec22be,b,8,7,0 100,c,0,0,aeec8133 d1464693,d,16,0,1
P aeec8133 0 0 32 100,b,0,7,0 d8857eb0,d,8,0,0 20a438dd,b,24,7,0
P 1bc51f6 0 0 56 acec22be,b,8,7,0 100,c,0,0,66f38a07 100,d,0,0,1 a34910d5,d,16,4,20002 1033d838,7,48,0,0 7b073ffc,7,52,0,0
P 66f38a07 0 0 40 100,b,0,7,0 d8857eb0,d,8,0,0 100,c,0,0,cdf13be7 92a55d9a,d,24,0,2
P cdf13be7 0 0 56 20c5d2a9,b,8,7,0 8411b574,b,12,7,0 280af669,b,16,7,0 4b5bf5a3,0,20,0,0 78e36ce6,0,21,0,0 69d8c8d7,0,22,0,0 6d0e1569,0,23,0,0 3ad9ced,7,24,0,0 100,b,0,7,0 64984c6b,d,32,0,8 c3630c88,b,48,7,0 49a9ec61,b,52,7,0
P f977ffb7 0 0 184 fab435a8,b,8,7,0 a39168cf,b,12,7,0 95b51d2d,b,16,7,0 d09b3e26,b,20,7,0 e304c3a1,b,24,7,0 6e3f090a,b,28,7,0 163a3415,b,32,7,0 100,b,0,7,0 ef56ffb0,d,40,0,7 c2d0d095,b,56,7,0 59a7b157,b,60,7,0 b52b69f3,c,64,0,fccce05 30df834e,0,80,0,0 83e17984,0,81,0,0 55bc713,0,82,0,0 73f7dcf4,0,83,0,0 2514606a,0,84,0,0 3d1ac837,0,85,0,0 6f49e5f8,0,86,0,0 a82dafa7,0,87,0,0 8de2673a,0,88,0,0 c2524491,0,89,0,0 100,e,0,0,ae1269b3 6125990,f,92,0,80016 9523d1cd,7,96,0,0 e2db9ab7,7,100,0,0 6f09eb04,7,104,0,0 c67cc98f,7,108,0,0 a23517c2,7,112,0,0 96d1ce70,7,116,0,0 6fabac17,7,120,0,0 c872f69b,7,124,0,0 9f7c223,7,128,0,0 c8eac03c,7,132,0,0 74e1e456,7,136,0,0 fca106d7,6,140,0,0 9f6d4375,6,144,0,0 5d8a10da,2,148,0,0 33a236eb,2,149,0,0 449b47ed,2,150,0,0 1fdf09c2,2,151,0,0 ac939fcf,e,152,0,ac939fcf ecfbae0,e,156,0,ecfbae0 a34910d5,b,160,7,0 394c2006,b,164,7,0 af4943da,b,168,7,0 b80d3ae5,b,172,7,0 49305714,b,176,7,0
P fccce05 0 0 16 100,e,0,0,9f7a5650 4b621302,f,8,0,200000 516c83f4,7,12,0,0
P 35ff3822 0 0 256 acec22be,b,8,7,0 100,e,0,0,b79414f0 4b621302,f,12,0,200001 c0ca6079,7,16,0,0 518d0651,c,24,0,d8d70658 a5d921b8,c,96,0,d8d70658 6dce6dc9,c,168,0,d8d70658 6bfb6379,c,240,0,26cdbbd4
P d8d70658 0 0 72 65acff0b,c,8,0,cda948f2 8548fb09,c,32,0,11fbe1b2
P cda948f2 0 0 24 b453541a,c,8,0,ebb30ab4
P ebb30ab4 0 0 16 8548fb09,7,8,0,0 646e5c5d,7,12,0,0
P 11fbe1b2 0 0 40 b453541a,c,8,0,1036d182 69c08092,7,32,0,0
P 1036d182 0 0 24 489cecd6,7,8,0,0 78e504c1,7,12,0,0 395bfb4b,7,16,0,0
P 26cdbbd4 0 0 16 769b5cd3,0,8,0,0 31c6b81,7,12,0,0
P 7b854238 0 0 16 acec22be,b,8,7,0 100,e,0,0,61babf2f 4b621302,f,12,0,200001
P ce32c59b 0 0 72 3f6708e8,6,8,0,0 6b610cbd,6,12,0,0 67bc9214,6,16,0,0 2feb9f1e,7,20,0,0 7d257c4e,7,24,0,0 847f298c,7,28,0,0 da4602f6,7,32,0,0 892f60f2,7,36,0,0 b315c5b5,7,40,0,0 c0d8613a,7,44,0,0 ebf1a39b,c,48,0,27aa0b83
P dc716590 0 0 24 100,c,0,3,0 2fd9ec14,d,8,0,0
P f6bdf7c7 0 0 56 acec22be,b,8,7,0 e12e1da,3,12,0,0 d788d5a2,3,14,0,0 999b899c,3,16,0,0 199092d0,3,18,0,0 398c1e8a,7,20,0,0 91f96a7b,7,24,0,0 f66dce25,7,28,0,0 3c115fdb,7,32,0,0 631d24ca,7,36,0,0 366c5758,7,40,0,0 68fac916,7,44,0,0 6380a5,7,48,0,0 ae2add87,0,52,0,0
P a89b70f0 0 0 16 100,c,0,3,0 1e502f7b,d,0,0,0
P 5cb71ae1 0 0 24 acec22be,b,8,7,0 fa770bd9,7,16,0,0 100999ca,5,20,0,0
P 429bf331 0 0 24 acec22be,b,8,7,0 7156ffe2,7,16,0,0 e6233e36,0,20,0,0
P 37518625 0 0 48 acec22be,b,8,7,0 5ab4f2e1,5,16,0,0 e5e8d7bb,5,20,0,0 c1c3b27f,5,24,0,0 ba7a1522,5,28,0,0 5ab4e1cf,7,32,0,0 65d40d48,7,36,0,0 fe0661cd,7,40,0,0
P ff7c0e51 0 0 88 acec22be,b,8,7,0 866e61e2,5,16,0,0 6f96d6,7,20,0,0 66a00896,7,24,0,0 74c74dd6,7,28,0,0 23b7e867,7,32,0,0 a8a09e07,7,36,0,0 6682ad77,7,40,0,0 aeb05bb4,7,44,0,0 20a2edca,7,48,0,0 acd185c1,7,52,0,0 70e74d8e,7,56,0,0 9a36b0f8,7,60,0,0 e673ee4e,7,64,0,0 258ef560,7,68,0,0 3e0d7a58,7,72,0,0 28871672,7,76,0,0 ab9506f5,7,80,0,0
P cf6ddffe 0 0 48 acec22be,b,8,7,0 b3cbae4b,7,16,0,0 3aa27555,7,20,0,0 d5b32057,7,24,0,0 ac3db541,7,28,0,0 122d7755,7,32,0,0 950e1555,7,36,0,0 e49d97a9,7,40,0,0 70da676e,7,44,0,0
P e054f7b4 0 0 80 acec22be,b,8,7,0 78332b5c,5,16,0,0 78566d1f,5,20,0,0 cc86d680,7,24,0,0 81ab634a,7,28,0,0 c7529738,7,32,0,0 7e7a766d,7,36,0,0 fc0ef185,7,40,0,0 86117a81,7,44,0,0 ae074e10,7,48,0,0 fb026d51,7,52,0,0 b44f2a63,7,56,0,0 5a23ca8a,7,60,0,0 a484c94d,7,64,0,0 a043a7cc,7,68,0,0 ffa185da,7,72,0,0 f7c6ea6e,7,76,0,0
P 63c1aa21 0 0 24 acec22be,b,8,7,0 f666214,7,16,0,0 6a9988b,7,20,0,0
P 5d7edb69 0 0 64 acec22be,b,8,7,0 100,7,0,0,0 53fd617a,d,16,0,1 33f2ae,7,32,0,0 f7fb1a7f,7,36,0,0 3deae8b9,7,40,0,0 ff3b23eb,7,44,0,0 bb9156b1,7,48,0,0 d3f4140f,7,52,0,0 4524595c,6,56,0,0
P 9f7c7777 0 0 56 acec22be,b,8,7,0 5f5975c,7,16,0,0 17cc634f,7,20,0,0 a70e1c0d,7,24,0,0 448f1e8,7,28,0,0 614bb3a4,7,32,0,0 95b0e56a,7,36,0,0 5d21a7a1,7,40,0,0 1a92b562,7,44,0,0 f799f9dc,6,48,0,0 a8217d00,6,52,0,0
P 3309933a 0 0 24 acec22be,b,8,7,0 a9ad9d15,7,16,0,0
P 7e8084c8 0 0 40 acec22be,b,8,7,0 68609eea,5,16,0,0 cdf2efe3,7,20,0,0 c7d8a044,7,24,0,0 77c90dfb,7,28,0,0 1a9566e3,7,32,0,0
P 3db88b3b 0 0 704 acec22be,b,8,7,0 682b5f54,c,16,0,f708b22c aa4c2c69,c,48,0,1b1fbf0c d5f06afa,c,144,0,6c695f2b 247a92c3,c,168,0,deb9edc2 b81a8c3f,c,240,0,5b384a44 825fe6f7,7,288,0,0 809e1426,7,292,0,0 b12062e5,7,296,0,0 9520b8f5,7,300,0,0 7fdc9a39,7,304,0,0 d9aea75a,7,308,0,0 34bb798e,7,312,0,0 23631d07,7,316,0,0 c31ddaaa,7,320,0,0 74111f4d,7,324,0,0 1ac73bf9,7,328,0,0 d57da31b,7,332,0,0 75bc502b,7,336,0,0 4710b05b,7,340,0,0 f55be413,7,344,0,0 36cf5ad5,7,348,0,0 a61b4f65,7,352,0,0 8495069b,7,356,0,0 39de4654,7,360,0,0 9f5cf4c5,7,364,0,0 f6e1d8bd,7,368,0,0 16a134cb,7,372,0,0 46cbd76d,7,376,0,0 84b41a6b,7,380,0,0 4af5c0b1,7,384,0,0 298f8990,7,388,0,0 2464ae0e,7,392,0,0 c71c68c0,7,396,0,0 c14de91e,7,400,0,0 ba72ab6f,7,404,0,0 28fd1d2c,7,408,0,0 db8edb46,7,412,0,0 87cebe2f,7,416,0,0 a44b12e1,7,420,0,0 ca0ad528,7,424,0,0 447b380c,7,428,0,0 32e00b9e,7,432,0,0 21801431,7,436,0,0 4a80817d,7,440,0,0 baf3eba8,7,444,0,0 57da841e,7,448,0,0 8564aa6c,7,452,0,0 fdd89af3,7,456,0,0 64165140,7,460,0,0 fd1f9d2e,7,464,0,0 5e12b6a7,7,468,0,0 3d91ac31,7,472,0,0 400a6a9c,7,476,0,0 e954d39e,7,480,0,0 47a2c9cf,7,484,0,0 9076fedd,7,488,0,0 6e315e3e,7,492,0,0 ca1a0f7c,7,496,0,0 bec5eac3,7,500,0,0 f8382cc2,7,504,0,0 72e3af81,7,508,0,0 f951dda0,7,512,0,0 e41a5f00,7,516,0,0 4fac6a2b,7,520,0,0 3cef69c0,7,524,0,0 b460f6a,7,528,0,0 806a0f24,7,532,0,0 e6fc6e76,7,536,0,0 8d84b5be,7,540,0,0 e7b0f7d4,7,544,0,0 35066db1,2,548,0,0 f56263cf,6,552,0,0 cb013bfc,6,556,0,0 5a1ac02e,7,560,0,0 97726d9e,2,564,0,0 5e243300,7,568,0,0 f2a1bc1,7,572,0,0 b77d4187,7,576,0,0 1c52ed81,7,580,0,0 43b2a785,7,584,0,0 71d6fd9d,7,588,0,0 271412b0,7,592,0,0 f7476ea,7,596,0,0 4f01235b,7,600,0,0 24a9e033,6,604,0,0 ef311122,0,608,0,0 559225c8,7,612,0,0 42c662cb,7,616,0,0 5d18ad2a,7,620,0,0 43955caa,7,624,0,0 49735d2d,7,628,0,0 6dfd2e99,7,632,0,0 7e35ac26,7,636,0,0 307858c1,7,640,0,0 ba8fd82c,7,644,0,0 fe7b0ab3,7,648,0,0 41512d8f,7,652,0,0 69fa1ce4,6,656,0,0 bfd2a88e,6,660,0,0 7fd63739,0,664,0,0 ab559a65,7,668,0,0 f4be89ab,6,672,0,0 71f238dc,6,676,0,0 97b39a80,7,680,0,0 80934d7a,6,684,0,0 33f4483e,7,688,0,0 6e21264,7,692,0,0 825a76bb,7,696,0,0
P f708b22c 0 0 32 769b5cd3,0,8,0,0 bdb95792,7,12,0,0 be5a2556,7,16,0,0 c4d9412e,7,20,0,0 a5223073,7,24,0,0
P 1b1fbf0c 0 0 96 900d7303,c,8,0,a9606439 626597b4,c,24,0,a9606439 7397ba18,c,40,0,a9606439 45d8de9b,c,56,0,a9606439 4745e175,c,72,0,a9606439 942f0202,7,88,0,0
P a9606439 0 0 16 769b5cd3,0,8,0,0 67c1ebfa,7,12,0,0
P 6c695f2b 0 0 24 827eaea8,5,8,0,0 34ea00b4,7,12,0,0 20eb3eb1,7,16,0,0
P deb9edc2 0 0 72 b50df4b1,0,8,0,0 641193a8,2,9,0,0 299b49f2,6,12,0,0 a1467ac8,6,16,0,0 36f3f380,6,20,0,0 68317390,6,24,0,0 bc5f05d,7,28,0,0 a5edaebf,7,32,0,0 25392579,7,36,0,0 c3bd6cd1,7,40,0,0 c19e5cfc,7,44,0,0 53ee0cde,7,48,0,0 51da781f,7,52,0,0 c6390cc2,7,56,0,0 7e61a67e,7,60,0,0 775cb910,7,64,0,0
P 5b384a44 0 0 48 77ad0c0a,0,8,0,0 ab182559,2,9,0,0 339d9583,6,12,0,0 fcbc31c7,6,16,0,0 83a3549a,6,20,0,0 6197a5c4,6,24,0,0 a5edaebf,7,28,0,0 25392579,7,32,0,0 3ecb4763,7,36,0,0 82e706ef,7,40,0,0
P cc8b4703 0 0 680 acec22be,b,8,7,0 9f55a10b,c,16,0,c6408a81 377ef605,c,344,0,c6408a81 b206100e,7,672,0,0 782c9af1,7,676,0,0
P c6408a81 0 0 328 2d95f435,c,8,0,98cf5a90 2b909a91,c,88,0,98cf5a90 bec49972,c,168,0,98cf5a90 61c24651,c,248,0,98cf5a90
P 98cf5a90 0 0 80 3009cf25,c,8,0,ecc05a2c bdfb2416,c,32,0,ecc05a2c 647426a7,c,56,0,ecc05a2c
P ecc05a2c 0 0 24 6976a80a,b,8,7,0 b206100e,7,12,0,0 dc699b9a,0,16,0,0 d8755221,0,17,0,0 73e1d696,0,18,0,0
P 824dae70 0 0 32 acec22be,b,8,7,0 d801860f,7,16,0,0 2e637527,7,20,0,0 b0287caf,7,24,0,0 ac9bf380,7,28,0,0
P d3c3930e 0 0 24 acec22be,b,8,7,0 d7aab2e3,5,16,0,0 bfc87af0,5,20,0,0
P e262049a 0 0 24 acec22be,b,8,7,0 359576b8,7,16,0,0 ceca80c8,7,20,0,0
P 8fc2bb8c 0 0 112 acec22be,b,8,7,0 80045735,7,16,0,0 9cc1ace7,7,20,0,0 9536936b,7,24,0,0 f9c5c158,7,28,0,0 19cea1aa,7,32,0,0 c22baf46,7,36,0,0 e36ac422,7,40,0,0 fa8da7b5,7,44,0,0 d0296a26,7,48,0,0 26173811,7,52,0,0 ca3259ca,7,56,0,0 a50a9ba8,5,60,0,0 10f40c74,5,64,0,0 249fbbc4,7,68,0,0 a352d7ac,7,72,0,0 e184d702,7,76,0,0 5e80206e,7,80,0,0 b1b5261f,7,84,0,0 8269bac7,7,88,0,0 71021415,7,92,0,0 269f5522,7,96,0,0 837be00f,7,100,0,0 1271749c,7,104,0,0 bba1ab4e,7,108,0,0
P cdcda5fa 0 0 192 acec22be,b,8,7,0 dc6bb76b,7,16,0,0 6efc9515,7,20,0,0 6488e076,7,24,0,0 bd03d44f,7,28,0,0 6a9c3e56,7,32,0,0 499e89e0,7,36,0,0 4f93374d,7,40,0,0 a62639dc,7,44,0,0 4d0d0a03,7,48,0,0 554f058e,7,52,0,0 cacefe5f,7,56,0,0 4a002e1a,7,60,0,0 269b8e06,7,64,0,0 93584fbb,7,68,0,0 5a149511,7,72,0,0 e03cc8f,7,76,0,0 acab12ad,7,80,0,0 81adf323,7,84,0,0 f0438bbe,7,88,0,0 5b787eb9,7,92,0,0 a49cdb39,7,96,0,0 9f8e560f,7,100,0,0 a39a9dbf,7,104,0,0 1ad19ff3,7,108,0,0 3b72150e,7,112,0,0 84068224,7,116,0,0 487d1703,7,120,0,0 ac6e80bd,7,124,0,0 3edd5e00,7,128,0,0 f2fb19ee,7,132,0,0 81472640,7,136,0,0 fa23ece5,7,140,0,0 e9aec523,7,144,0,0 1357508d,7,148,0,0 992b0201,0,152,0,0 bb4218c6,b,156,7,0 6b948cd2,b,160,7,0 d4b2556c,b,164,7,0 508971c1,b,168,7,0 6d7e6b81,b,172,7,0 3d0d740d,b,176,7,0 e8991920,b,180,7,0 9c2e4302,b,184,7,0
P 556ee4ba 0 0 368 acec22be,b,8,7,0 1a758140,7,16,0,0 acf06760,7,20,0,0 d8d329,7,24,0,0 5fc92562,7,28,0,0 3c495c93,7,32,0,0 683e18ae,7,36,0,0 52f4505d,7,40,0,0 4df06b4d,7,44,0,0 f298f01d,7,48,0,0 d204e541,7,52,0,0 5fd9235f,7,56,0,0 4544fcc1,5,60,0,0 cc42bc7f,7,64,0,0 269ef369,7,68,0,0 55a30158,7,72,0,0 9542be9b,7,76,0,0 7a330f,7,80,0,0 cd204c78,7,84,0,0 b9b0e1c6,0,88,0,0 949ccfde,0,89,0,0 e89ea60,0,90,0,0 36810315,0,91,0,0 576e8121,0,92,0,0 b8107038,0,93,0,0 21f9ae3e,0,94,0,0 25ccbd8b,0,95,0,0 128a2d8c,0,96,0,0 eb341436,0,97,0,0 1f5173cc,7,100,0,0 baadd7b4,7,104,0,0 eccea901,7,108,0,0 8bb24879,7,112,0,0 772bd91d,7,116,0,0 ade5d123,7,120,0,0 24a6bf97,7,124,0,0 e8d99d50,7,128,0,0 79201dd0,7,132,0,0 5a173798,7,136,0,0 b7303c40,7,140,0,0 96a25a54,7,144,0,0 276f3595,0,148,0,0 c97f8d1f,0,149,0,0 9a531651,0,150,0,0 954f3176,0,151,0,0 d0089ca8,7,152,0,0 ec834e1c,7,156,0,0 2d7a3dd5,7,160,0,0 9dae848c,7,164,0,0 3a2f76c7,7,168,0,0 45ab9ea6,7,172,0,0 a62360dc,7,176,0,0 91c05282,7,180,0,0 bd0acb38,7,184,0,0 8f92010c,7,188,0,0 e7d50a9a,7,192,0,0 6fbe1769,7,196,0,0 b7d8bb97,7,200,0,0 c5e6be2c,7,204,0,0 895e80eb,7,208,0,0 e9b04deb,c,216,0,4c9d6452 4cf954a,c,256,0,4c9d6452 100,c,0,0,2a6129bf 6196dbf,d,296,0,3e 100,c,0,0,d5fe6818 d7c0c209,d,312,0,40 100,c,0,0,2a6129bf adcd032f,d,328,0,42 53c89438,b,344,7,0 962710e4,b,348,7,0 fe0ffa7b,b,352,7,0 9e2db9c8,b,356,7,0 3ca55d0b,b,360,7,0 4557ed34,b,364,7,0
P 4c9d6452 0 0 40 100,c,0,0,b51d0d83 2473202e,d,8,0,0 100,c,0,0,b51d0d83 42cebd26,d,24,0,2
P b51d0d83 0 0 32 100,b,0,7,0 d968b79f,d,8,0,0 100,e,0,0,5ceff047 4b621302,f,24,0,200002
P 2a6129bf 0 0 16 1ed90ff2,b,8,7,0 100,e,0,0,5ceff047 4b621302,f,12,0,200001
P d5fe6818 0 0 24 a99d4498,b,8,7,0 67f3c1da,b,12,7,0 55ecc436,b,16,7,0 100,e,0,0,5ceff047 4b621302,f,20,0,200003
P c4815635 0 0 120 acec22be,b,8,7,0 100,c,0,0,ef08bb32 1519751a,d,16,0,1 8fc9474,b,32,7,0 7e8cea27,b,36,7,0 179883c3,b,40,7,0 68c21bff,b,44,7,0 c95de6b4,7,48,0,0 88a63809,7,52,0,0 bdb5b3e8,7,56,0,0 51748a2f,7,60,0,0 1dbd07be,7,64,0,0 e9b04deb,c,72,0,eb41400 4cf954a,c,96,0,eb41400
P eb41400 0 0 24 100,c,0,0,b51d0d83 42fcf1fe,d,8,0,0
P ef08bb32 0 0 16 961c3ccb,b,8,7,0 100,e,0,0,5ceff047 4b621302,f,12,0,200001
P 4fe7342b 0 0 536 acec22be,b,8,7,0 faa940e9,7,16,0,0 329cfa1f,7,20,0,0 7ac8967f,7,24,0,0 7ef01ddf,7,28,0,0 cbcc9edd,7,32,0,0 e6ccc2ef,7,36,0,0 ac090501,7,40,0,0 446913ee,7,44,0,0 ad20e85a,7,48,0,0 4b2deac0,7,52,0,0 9b88de58,7,56,0,0 3745eda0,7,60,0,0 44639c83,7,64,0,0 9cf34386,7,68,0,0 b32059ef,7,72,0,0 5c743bd9,7,76,0,0 8ca9d408,7,80,0,0 a03ef225,7,84,0,0 e7582e0f,7,88,0,0 8274fb3a,7,92,0,0 2f7f8230,7,96,0,0 1939546,7,100,0,0 f15ac2b4,7,104,0,0 c5c06c3c,7,108,0,0 5a361171,7,112,0,0 f4657434,7,116,0,0 2e10e35b,7,120,0,0 5793c454,7,124,0,0 cd69e060,7,128,0,0 2528777,7,132,0,0 9e2d505a,7,136,0,0 674ef1a5,7,140,0,0 cdd547bc,7,144,0,0 9708d572,7,148,0,0 b3b15831,7,152,0,0 d5c70df5,7,156,0,0 ef9c006d,7,160,0,0 59e902b8,7,164,0,0 9c7ccfac,7,168,0,0 2cf81f5a,7,172,0,0 12c3baf2,7,176,0,0 609366f4,7,180,0,0 a82c29b0,7,184,0,0 4cf40d27,7,188,0,0 e1c533cf,7,192,0,0 88e331d8,7,196,0,0 516ce4fa,0,200,0,0 fee3b530,0,201,0,0 cbad1079,7,204,0,0 b92732cf,7,208,0,0 c808beaa,7,212,0,0 5374f8aa,7,216,0,0 8621be6f,7,220,0,0 7628d0cc,7,224,0,0 8f8947e5,7,228,0,0 3ee4ddc2,7,232,0,0 7e72e81b,7,236,0,0 ae98ca38,7,240,0,0 6a5c2d42,7,244,0,0 190f7791,7,248,0,0 614e7d49,7,252,0,0 6c1a7e42,7,256,0,0 53384a5c,7,260,0,0 81432ffc,7,264,0,0 6409a7e4,7,268,0,0 b4cc46b,7,272,0,0 933dc327,7,276,0,0 207e94ad,7,280,0,0 4fff0f5e,7,284,0,0 9c41c34d,7,288,0,0 68d90143,7,292,0,0 733fecd3,7,296,0,0 36cee902,7,300,0,0 cf6fbf18,7,304,0,0 ce1a4c45,7,308,0,0 c2147902,7,312,0,0 cfef2a6a,7,316,0,0 59b02863,7,320,0,0 d71be2a1,7,324,0,0 f171a2ba,0,328,0,0 3ffe77b6,7,332,0,0 5c9be949,7,336,0,0 231b36b4,7,340,0,0 f144b3fb,7,344,0,0 647d3d82,7,348,0,0 100,c,0,0,576d7647 3c49a486,d,352,0,56 dce89705,5,368,0,0 5d511b1c,7,372,0,0 eb716348,7,376,0,0 a8951736,0,380,0,0 c8bb63a7,0,381,0,0 c09f9e24,7,384,0,0 40eb1390,7,388,0,0 707bafe4,7,392,0,0 af2bc261,7,396,0,0 bb66a092,7,400,0,0 6130a7bd,7,404,0,0 f1badb76,7,408,0,0 157db19a,7,412,0,0 fb9a1ec,7,416,0,0 e906a6c1,7,420,0,0 daa6b790,7,424,0,0 4102d593,7,428,0,0 a73abad7,7,432,0,0 51f96016,7,436,0,0 e3fa4206,7,440,0,0 856e93c8,7,444,0,0 d62b97c4,7,448,0,0 4867dde9,7,452,0,0 785729a5,7,456,0,0 41cc78e,7,460,0,0 a1f98252,7,464,0,0 920ed8bc,b,468,7,0 96cb3168,7,472,0,0 ce068251,7,476,0,0 33a3e9a5,7,480,0,0 4178f212,7,484,0,0 c66adbf1,7,488,0,0 8a28f7bb,7,492,0,0 1c404ce9,7,496,0,0 d99241da,6,500,0,0 b543d614,7,504,0,0 b13f6826,6,508,0,0 d27d79b4,6,512,0,0 2f76f6c1,6,516,0,0 805229ad,0,520,0,0 5b997c6c,0,521,0,0 494b780,b,524,7,0 d527ced1,b,528,7,0
P 576d7647 0 0 40 e2a519fb,b,8,7,0 20a60cfb,b,12,7,0 76d64f73,b,16,7,0 95b38e79,b,20,7,0 2232debb,b,24,7,0 72c47ef8,b,28,7,0 cfe19b26,b,32,7,0 100,e,0,0,5ceff047 4b621302,f,36,0,200007
P 7221fdf8 0 0 1112 acec22be,b,8,7,0 64993129,7,16,0,0 ab6cf604,0,20,0,0 4930b2ba,0,21,0,0 585e2c8,0,22,0,0 43c0d2cc,0,23,0,0 9896cbeb,0,24,0,0 e165963e,0,25,0,0 94edf9e1,0,26,0,0 113348ba,0,27,0,0 b9d07cf8,0,28,0,0 d344bedc,2,29,0,0 f2705362,6,32,0,0 aa34a076,7,36,0,0 ddb2d15f,7,40,0,0 8997b671,7,44,0,0 30c809dc,7,48,0,0 ad454070,6,52,0,0 5b5a7e,0,56,0,0 6cb619b4,7,60,0,0 9d895ab1,7,64,0,0 d9735cfe,7,68,0,0 6b20aafd,7,72,0,0 5dc7f579,7,76,0,0 78227e6f,7,80,0,0 1b8daafc,7,84,0,0 ae03357b,7,88,0,0 fc083e16,7,92,0,0 1325678c,7,96,0,0 162c6600,7,100,0,0 1df78f1a,7,104,0,0 957c85ff,7,108,0,0 95b39c2d,7,112,0,0 707efa47,7,116,0,0 258804fa,7,120,0,0 337b813f,7,124,0,0 29336ad4,7,128,0,0 9fd9a681,7,132,0,0 8d4360b,7,136,0,0 c4072a2,7,140,0,0 8723b723,7,144,0,0 1cd0f846,7,148,0,0 c9a44997,7,152,0,0 9e1170cd,7,156,0,0 7eb34584,7,160,0,0 127e1da,7,164,0,0 5d953626,7,168,0,0 1a9c9f15,7,172,0,0 bb6235a3,7,176,0,0 ca5e552e,7,180,0,0 3c27aa47,7,184,0,0 176578ee,7,188,0,0 1af75a80,7,192,0,0 950ff71a,7,196,0,0 c72e8372,7,200,0,0 1d229b90,7,204,0,0 326b48a,7,208,0,0 8de623b6,7,212,0,0 4deca19a,7,216,0,0 bef24312,7,220,0,0 45521a76,7,224,0,0 a7c3c798,7,228,0,0 4a9156dd,7,232,0,0 fc8b7689,0,236,0,0 9ad048ac,0,237,0,0 9c0e75fa,0,238,0,0 ab8cec9c,b,240,7,0 61e3c51f,b,244,7,0 a5d99ceb,b,248,7,0 100,c,0,0,b51d0d83 9953e7d1,d,256,0,45 100,b,0,7,0 d9f3211f,d,272,0,47 100,b,0,7,0 f37aae71,d,288,0,49 100,b,0,7,0 52afd7b,d,304,0,4b 100,b,0,7,0 64e6ed6d,d,320,0,4d 100,b,0,7,0 4fbc00c5,d,336,0,4f 100,b,0,7,0 d96c588e,d,352,0,51 100,b,0,7,0 b21970b,d,368,0,53 100,b,0,7,0 61ef4662,d,384,0,55 100,b,0,7,0 75cf263a,d,400,0,57 100,b,0,7,0 688e50b5,d,416,0,59 100,b,0,7,0 daf0954,d,432,0,5b 100,b,0,7,0 2d002480,d,448,0,5d 100,b,0,7,0 98e393b8,d,464,0,5f 100,b,0,7,0 24ba6f4d,d,480,0,61 100,b,0,7,0 57907b65,d,496,0,63 100,b,0,7,0 191c64b7,d,512,0,65 100,b,0,7,0 907b00dc,d,528,0,67 100,b,0,7,0 cbe400b7,d,544,0,69 100,b,0,7,0 9d909470,d,560,0,6b 100,b,0,7,0 4821fc35,d,576,0,6d 100,c,0,0,b51d0d83 7bffc9b0,d,592,0,6f 100,c,0,0,b51d0d83 19a651c9,d,608,0,71 100,c,0,0,b51d0d83 c2797abf,d,624,0,73 100,c,0,0,b51d0d83 75d978e2,d,640,0,75 e9b04deb,c,656,0,9c84caac 4cf954a,c,880,0,9c84caac 49599652,0,1104,0,0 7438b788,0,1105,0,0 b8abe2b6,0,1106,0,0 79813c1b,0,1107,0,0
P 9c84caac 0 0 224 100,c,0,0,b51d0d83 b5095aaa,d,8,0,0 100,c,0,0,b51d0d83 51857914,d,24,0,2 100,c,0,0,b51d0d83 74bea9ab,d,40,0,4 100,c,0,0,b51d0d83 7bfd79d9,d,56,0,6 100,c,0,0,b51d0d83 9f8481d9,d,72,0,8 100,c,0,0,b51d0d83 3568cea1,d,88,0,a 100,c,0,0,b51d0d83 d5406af7,d,104,0,c 100,c,0,0,b51d0d83 b3486888,d,120,0,e 100,c,0,0,b51d0d83 d5ff0692,d,136,0,10 100,c,0,0,b51d0d83 f85c5af,d,152,0,12 100,c,0,0,b51d0d83 12b5e779,d,168,0,14 100,c,0,0,b51d0d83 a8e3fc51,d,184,0,16 100,c,0,0,b51d0d83 7f14c825,d,200,0,18 d2bea787,b,216,7,0
P 283e1fef 0 0 312 acec22be,b,8,7,0 52bd7398,7,16,0,0 daf562f8,7,20,0,0 575feec3,0,24,0,0 2fb2a553,0,25,0,0 d6838e02,0,26,0,0 730b57f8,0,27,0,0 fd4fbb6b,0,28,0,0 c270fce5,0,29,0,0 e621ef03,0,30,0,0 2fbbdc01,0,31,0,0 bacd1427,0,32,0,0 64863476,7,36,0,0 c8f5016a,7,40,0,0 fabafc09,7,44,0,0 5a5456fc,7,48,0,0 70e4afb5,7,52,0,0 11a207b9,7,56,0,0 c7d6a0f9,7,60,0,0 19792a47,7,64,0,0 359a37d1,7,68,0,0 32311301,7,72,0,0 6251816c,7,76,0,0 ab6a8b86,7,80,0,0 86bb2e51,7,84,0,0 9980d359,7,88,0,0 f00bf41e,7,92,0,0 9865a505,7,96,0,0 65a7184b,7,100,0,0 f3d671df,7,104,0,0 8129e3a3,7,108,0,0 1df78f1a,7,112,0,0 1af75a80,7,116,0,0 983be81e,7,120,0,0 b667b541,7,124,0,0 443019ec,7,128,0,0 db8d0ba5,7,132,0,0 fdabc38c,7,136,0,0 a8031679,7,140,0,0 d3546fb5,7,144,0,0 2ac8f9e1,7,148,0,0 86b9ae32,7,152,0,0 21e0801a,7,156,0,0 ef5376d0,7,160,0,0 f511916e,8,164,0,0 faa9bb59,8,172,0,0 969fbcbd,7,180,0,0 32366f2a,7,184,0,0 d28c72c8,7,188,0,0 96e2306a,7,192,0,0 8bb67444,7,196,0,0 82d54e,7,200,0,0 11c7c1a8,7,204,0,0 d1979b28,7,208,0,0 c903fe30,7,212,0,0 62a5b39e,7,216,0,0 88ea279d,7,220,0,0 823f8498,7,224,0,0 d7a4d843,7,228,0,0 f5ea0924,7,232,0,0 3c30755,7,236,0,0 589e59ac,7,240,0,0 4cf10f6,c,248,0,2f2a4d8e 8b6006ff,c,272,0,2f2a4d8e 100,c,0,0,f820b7a8 5a29b3c0,d,296,0,40
P 2f2a4d8e 0 0 24 100,c,0,0,b29a007b 5ee9f549,d,8,0,0
P b29a007b 0 0 40 f7e6731,7,8,0,0 fdabc38c,7,12,0,0 97070993,7,16,0,0 5e6f03bc,7,20,0,0 8e789967,7,24,0,0 8e9d9ce0,7,28,0,0 28a165ca,b,32,7,0 ca9ee9e0,b,36,7,0
P f820b7a8 0 0 32 100,b,0,7,0 d968b79f,d,8,0,0 100,e,0,0,5ceff047 4b621302,f,24,0,200002
P 2ce6a975 0 0 128 acec22be,b,8,7,0 4842e495,0,16,0,0 2fb2a553,0,17,0,0 a3a99c1c,0,18,0,0 1af5b6c,0,19,0,0 b071014e,7,20,0,0 fd23550c,7,24,0,0 ceadd041,7,28,0,0 570015b0,7,32,0,0 83884468,7,36,0,0 bca5b30c,7,40,0,0 85b1b594,7,44,0,0 5c743bd9,7,48,0,0 e1c533cf,7,52,0,0 af78eec4,7,56,0,0 33df67b2,7,60,0,0 f5ea0924,7,64,0,0 3c30755,7,68,0,0 8fc5d367,7,72,0,0 589e59ac,7,76,0,0 e9b04deb,c,80,0,4c5a1616 4cf954a,c,104,0,4c5a1616
P 4c5a1616 0 0 24 100,c,0,0,b51d0d83 a89495a5,d,8,0,0
P caad2b98 0 0 48 acec22be,b,8,7,0 b43ecda2,0,16,0,0 f68b643b,0,17,0,0 8a799b87,7,20,0,0 11c4c835,7,24,0,0 100,c,0,0,3b475ca4 a35f162d,d,32,0,5
P 3b475ca4 0 0 112 f4a16e92,b,8,7,0 19a17873,b,12,7,0 d86b68dc,b,16,7,0 b9d6e9b6,b,20,7,0 f27fe09f,b,24,7,0 d5b2907c,b,28,7,0 889c8d78,b,32,7,0 d7375785,b,36,7,0 3cb248af,b,40,7,0 a32f8b75,b,44,7,0 100,e,0,0,5ceff047 4b621302,f,48,0,20000a 824c6fee,7,52,0,0 dabd98a4,7,56,0,0 ba64162f,c,64,0,faeae400 1bbc8529,c,88,0,faeae400
P faeae400 0 0 24 cf7982e7,7,8,0,0 3ce48220,7,12,0,0 9f1d49c2,7,16,0,0 b0d71e57,7,20,0,0
P 70a362d9 0 0 48 acec22be,b,8,7,0 6e34f027,6,16,0,0 870dbef2,6,20,0,0 bef77652,6,24,0,0 768cb73b,6,28,0,0 3fb8bab0,6,32,0,0 a2a8de59,6,36,0,0 b344ed2b,6,40,0,0 c18bda61,6,44,0,0
P e55b78d3 0 0 24 acec22be,b,8,7,0 b344ed2b,6,16,0,0 c18bda61,6,20,0,0
P bbef539d 0 0 176 acec22be,b,8,7,0 ce815a66,0,16,0,0 e7f47f10,0,17,0,0 f8dd4984,6,20,0,0 1d199127,7,24,0,0 c275b1bc,0,28,0,0 9e53c8a0,0,29,0,0 f337424c,0,30,0,0 294a82b8,7,32,0,0 9dfcff23,7,36,0,0 224e96fb,7,40,0,0 4e956d91,7,44,0,0 e46c9516,7,48,0,0 4a797b42,7,52,0,0 fe80b60d,7,56,0,0 32d6723e,7,60,0,0 7bef9b44,7,64,0,0 1b7f0afb,7,68,0,0 2a3c4c80,7,72,0,0 95c33a36,7,76,0,0 de2d8a6a,7,80,0,0 b5002490,7,84,0,0 fdd68f7d,7,88,0,0 d9a55334,7,92,0,0 3de21fe1,7,96,0,0 f7b7418d,7,100,0,0 5d52b2d3,7,104,0,0 31e75c5a,7,108,0,0 f3c303cc,7,112,0,0 b76b3e8b,7,116,0,0 4f2fb4c1,7,120,0,0 79d869ff,7,124,0,0 14cace8e,7,128,0,0 57243eac,7,132,0,0 161aa708,7,136,0,0 9939ce34,7,140,0,0 f6886511,7,144,0,0 d72b23f,7,148,0,0 3a1d921,7,152,0,0 4bcb1894,7,156,0,0 26b38171,7,160,0,0 c0c3a2b3,7,164,0,0 d95a22df,7,168,0,0
P e0e1e911 0 0 64 acec22be,b,8,7,0 2fb2a553,0,16,0,0 c1e6c010,0,17,0,0 bacd1427,0,18,0,0 91169bbc,0,19,0,0 d2eab27f,7,20,0,0 2dae67f5,7,24,0,0 8c7e2fc7,7,28,0,0 dd9d09c0,7,32,0,0 5f4ed5c,7,36,0,0 1c7eb34b,7,40,0,0 10519e7d,7,44,0,0 dd618cb6,7,48,0,0 f2b09780,7,52,0,0 2324d60a,7,56,0,0
P 9e5f7be 0 0 32 acec22be,b,8,7,0 b709ed7c,7,16,0,0 37aa5a8b,7,20,0,0 98ee06d2,7,24,0,0
P 3c953ef5 0 0 24 acec22be,b,8,7,0 ee3a1a39,7,16,0,0
P e26fb55a 0 0 24 acec22be,b,8,7,0 1ead5e97,7,16,0,0
P 8fa09e5e 0 0 48 acec22be,b,8,7,0 3ff1c03,c,16,0,16ea414c 4fb166f9,7,32,0,0 48db5c68,7,36,0,0 71563dd6,7,40,0,0 42b01195,7,44,0,0
P 16ea414c 0 0 16 769b5cd3,0,8,0,0 394b98ec,0,9,0,0 458d9cfc,0,10,0,0
P b4fd4014 0 0 40 acec22be,b,8,7,0 c564d7ff,7,16,0,0 c1acb0fe,7,20,0,0 93fbdd74,7,24,0,0 bb586ee0,7,28,0,0 f5ec0934,7,32,0,0
P f1060f7c 0 0 208 acec22be,b,8,7,0 6f34d2c7,c,16,0,5791ac98 3ff1c03,c,40,0,1e8f0732 74aa2d9,7,56,0,0 18e826af,7,60,0,0 f6ed2ab4,7,64,0,0 6ec1a935,7,68,0,0 e14fb3a0,5,72,0,0 c6e20aaf,7,76,0,0 e8fe3550,7,80,0,0 92ee8973,7,84,0,0 16d56e49,9,96,0,0 cd187e0d,9,112,0,0 f462bd59,9,128,0,0 934a5cbb,7,144,0,0 8bda021f,7,148,0,0 3e677cc2,7,152,0,0 ea0557c4,7,156,0,0 c317d6e9,7,160,0,0 584b43e0,5,164,0,0 88c5cd2a,7,168,0,0 96484df9,7,172,0,0 c790b874,7,176,0,0 f0316478,7,180,0,0 4cd2711f,7,184,0,0 7ba56bdd,7,188,0,0 c30d8005,7,192,0,0
P 5791ac98 0 0 24 f187b0d3,7,8,0,0 bb6af9a2,7,12,0,0 ef196edd,7,16,0,0
P 1e8f0732 0 0 16 769b5cd3,0,8,0,0 6f34d2c7,0,9,0,0
P f8675718 0 0 112 acec22be,b,8,7,0 72c458dc,c,16,0,53dd4f50 f361da15,c,40,0,53dd4f50 193025b1,c,64,0,53dd4f50 78566d1f,5,88,0,0 387999d8,7,92,0,0 6a2f03ed,7,96,0,0 ac9bf380,7,100,0,0 c82f2baf,7,104,0,0 f8dc95bf,7,108,0,0
P 53dd4f50 0 0 24 a5d29dac,7,8,0,0 ff465997,7,12,0,0 49ea08a4,7,16,0,0 44d67b05,7,20,0,0
P 6d01aa0d 0 0 64 acec22be,b,8,7,0 8ba06362,c,16,0,394620fe
P 394620fe 0 0 48 66d16521,7,8,0,0 4225e3d,7,12,0,0 fc1749e7,7,16,0,0 ee2f3257,7,20,0,0 f25c3671,7,24,0,0 e07096da,7,28,0,0 e0649282,7,32,0,0 d18f1b88,7,36,0,0 c3ba5fdd,7,40,0,0
P c871dd83 0 0 16 acec22be,b,8,7,0
P b666b9ab 0 0 16 acec22be,b,8,7,0
P 2219f245 0 0 120 acec22be,b,8,7,0 9e73e5c2,7,16,0,0 d6c55a33,7,20,0,0 4befe809,7,24,0,0 d6a7d974,7,28,0,0 3327bff3,7,32,0,0 a18f814d,7,36,0,0 33be4b29,7,40,0,0 90d7c9c1,7,44,0,0 445ba2a2,7,48,0,0 e38e7200,7,52,0,0 9e9e9b59,7,56,0,0 b206100e,7,60,0,0 2fe0c519,7,64,0,0 8549a732,7,68,0,0 98b4f551,7,72,0,0 68701d4c,7,76,0,0 73c3bc5e,7,80,0,0 559681ed,5,84,0,0 9026fefd,0,88,0,0 31e16e8e,b,92,7,0 2433a4f5,b,96,7,0 100,c,0,0,3573a99a 344d6c86,d,104,0,16
P 3573a99a 0 0 40 acec22be,b,8,7,0 63cc90d0,0,12,0,0 f8ada5ca,0,13,0,0 e605e2f7,b,16,7,0 c6b79833,b,20,7,0 100,c,0,0,86e9b5de 87a4c7ba,d,24,0,5
P 86e9b5de 0 0 32 6933df9a,b,8,7,0 6976a80a,b,12,7,0 4d8840db,b,16,7,0 b206100e,7,20,0,0 100,e,0,0,399d84b9 4b621302,f,24,2,80004
P 46822dea 0 0 264 acec22be,b,8,7,0 91a7ad7c,c,16,0,26f13b0b 83bff561,c,32,0,2b19e98 a58a0560,c,56,0,b03a99bf b8012511,c,80,0,1fccfcc1 74795099,c,104,0,8dd69a98 7889acf4,c,128,0,c53d46d7 2549dac0,c,152,0,7c1b142d 2db55008,c,216,0,c3bde86a 730b5550,7,248,0,0 938ea971,7,252,0,0 6678c3f1,7,256,0,0
P 26f13b0b 0 0 16 cc15e0b6,7,8,0,0 d17bbe6f,7,12,0,0
P 2b19e98 0 0 24 408c315c,7,8,0,0 78f8165,7,12,0,0 f334d533,7,16,0,0 6d12175b,7,20,0,0
P b03a99bf 0 0 24 94d7f903,7,8,0,0 978971e,7,12,0,0 ada47b11,7,16,0,0
P 1fccfcc1 0 0 24 1c44c835,7,8,0,0 f334d533,7,12,0,0 6d12175b,7,16,0,0
P 8dd69a98 0 0 24 1c44c835,7,8,0,0 f334d533,7,12,0,0 6d12175b,7,16,0,0
P c53d46d7 0 0 24 1c44c835,7,8,0,0 f334d533,7,12,0,0 6d12175b,7,16,0,0
P 7c1b142d 0 0 64 26a0aade,7,8,0,0 65c6d42d,7,12,0,0 850811d9,7,16,0,0 951ef3cc,7,20,0,0 e50789ae,7,24,0,0 7ff7df18,7,28,0,0 62a629e9,7,32,0,0 c51732ec,7,36,0,0 cadcf874,7,40,0,0 1e5b86bb,7,44,0,0 152cc399,7,48,0,0 2be8690,7,52,0,0 444cb313,7,56,0,0 d7e8a277,7,60,0,0
P c3bde86a 0 0 32 bf34c0af,7,8,0,0 6ef26690,7,12,0,0 fcb131f8,7,16,0,0 d50c10c1,7,20,0,0 68060fba,7,24,0,0
P 19472fe2 0 0 184 acec22be,b,8,7,0 19ce40d6,c,16,0,8e354b7f df1039a0,7,72,0,0 c33581eb,7,76,0,0 f87fec7f,7,80,0,0 7a470172,7,84,0,0 6fd957fc,7,88,0,0 36fd1e14,7,92,0,0 977db935,7,96,0,0 8f36d2e,7,100,0,0 d204c1,7,104,0,0 a6d2e49c,7,108,0,0 e3e7b865,7,112,0,0 3a6074b9,7,116,0,0 48ed00aa,7,120,0,0 b43181ad,7,124,0,0 cd098631,7,128,0,0 b8cd806a,7,132,0,0 fdd3d99b,7,136,0,0 c7d07ca6,7,140,0,0 ce2c0ccb,7,144,0,0 2e4b612,7,148,0,0 2c85ddc8,7,152,0,0 bbda7991,7,156,0,0 ba4abf9d,7,160,0,0 45faebe7,7,164,0,0 66f0b6ac,7,168,0,0 c9ccb4ec,7,172,0,0 e5d8272b,5,176,0,0
P 8e354b7f 0 0 56 ea98cc39,7,8,0,0 ac9bf380,7,12,0,0 597e2464,7,16,0,0 23054f8e,7,20,0,0 721c3c5b,7,24,0,0 5faa00db,7,28,0,0 48020ab9,7,32,0,0 ef8e7991,7,36,0,0 959de104,7,40,0,0 749105c5,5,44,0,0 905d96a3,5,48,0,0
P 58280d92 0 0 48 acec22be,b,8,7,0 1c0c19e1,7,16,0,0 10eb7de0,7,20,0,0 4f951b2a,7,24,0,0 2b916e53,7,28,0,0 f1ed6a13,7,32,0,0 cc4489fd,7,36,0,0 1fe48f4a,7,40,0,0 66e9ef14,6,44,0,0
P 3bfdc41f 0 0 32 acec22be,b,8,7,0 8f74c779,7,16,0,0 8590bff5,7,20,0,0 ccaea967,7,24,0,0
P bc393605 0 0 24 acec22be,b,8,7,0 1406bba2,7,16,0,0 ac9bf380,7,20,0,0
P def6abdc 0 0 16 acec22be,b,8,7,0
P ad04627d 0 0 32 acec22be,b,8,7,0 1406bba2,7,16,0,0 ac9bf380,7,20,0,0 78566d1f,5,24,0,0
P 5ebf9019 0 0 40 acec22be,b,8,7,0 1406bba2,7,16,0,0 445ba2a2,7,20,0,0 578d5472,7,24,0,0 f50077b9,7,28,0,0 326e359a,7,32,0,0 2e637527,7,36,0,0
P d7f8cd68 0 0 48 acec22be,b,8,7,0 ccec8687,7,16,0,0 93d7bdc3,7,20,0,0 a64243a0,7,24,0,0 6dc5f992,7,28,0,0 9e6ee6f1,7,32,0,0 df6bd221,5,36,0,0 2817d2ed,7,40,0,0
P 7705f8eb 0 0 24 acec22be,b,8,7,0 732ea9da,7,16,0,0
P ab97103f 0 0 24 acec22be,b,8,7,0 82e0d66f,7,16,0,0
P 6ecd94e0 0 0 48 acec22be,b,8,7,0 7c2a30fe,7,16,0,0 6b2c9e4d,7,20,0,0 445ba2a2,7,24,0,0 2e637527,7,28,0,0 578d5472,7,32,0,0 1b6b4913,7,36,0,0 9acd1fe5,7,40,0,0
P d4eda100 0 0 64 acec22be,b,8,7,0 641dc42b,7,16,0,0 d39f4565,7,20,0,0 49e1c15d,7,24,0,0 d9bd9fb8,7,28,0,0 ae7dcbff,7,32,0,0 67dada15,7,36,0,0 c2f42417,5,40,0,0 69a8798c,7,44,0,0 f66d2cfe,7,48,0,0 ecf7749b,7,52,0,0 26f499b5,5,56,0,0
P 3ca9705c 0 0 64 acec22be,b,8,7,0 f0ad9c96,7,16,0,0 29df34ee,7,20,0,0 c6a8fc17,7,24,0,0 a2df5e50,7,28,0,0 41976214,7,32,0,0 1b68f0f3,5,36,0,0 2eb7dfd8,7,40,0,0 39f40d32,5,44,0,0 eb92e749,5,48,0,0 b05ce079,0,52,0,0 75c69e37,0,53,0,0 f22e646c,7,56,0,0
P e3de9c47 0 0 32 acec22be,b,8,7,0 c75ffefb,5,16,0,0 1b1a6cb9,5,20,0,0 5aa53a82,7,24,0,0
P e1d620f2 0 0 32 acec22be,b,8,7,0 29df34ee,7,16,0,0 59c7d1ff,7,20,0,0 4cda0d43,7,24,0,0 d471e3ca,0,28,0,0 e8f2ba34,0,29,0,0 ee007601,0,30,0,0 51642a2f,0,31,0,0
P fb37cb08 0 0 24 acec22be,b,8,7,0 cab32e74,7,16,0,0 67f06b76,6,20,0,0
P e204b3ba 0 0 416 acec22be,b,8,7,0 975f7009,7,16,0,0 8639573f,7,20,0,0 2dd69d2b,7,24,0,0 1d46b508,7,28,0,0 ad285efc,7,32,0,0 3dc7c9b6,7,36,0,0 313b2a19,7,40,0,0 97866d18,7,44,0,0 185c0995,7,48,0,0 3196544f,7,52,0,0 c2aded14,7,56,0,0 5af651d,7,60,0,0 45f6aa34,7,64,0,0 a20b3d1c,7,68,0,0 8f865df0,7,72,0,0 31c56908,7,76,0,0 ce6df3a6,7,80,0,0 4e4c49e2,7,84,0,0 cc63794,7,88,0,0 8ed8694a,7,92,0,0 f1d34758,7,96,0,0 4816c989,7,100,0,0 83ac645a,7,104,0,0 975460bb,7,108,0,0 a03d53b6,7,112,0,0 190f2c14,7,116,0,0 267c8b16,7,120,0,0 abd7386b,7,124,0,0 a1ceec9f,7,128,0,0 87d6be6d,7,132,0,0 b9fb877f,7,136,0,0 b8badb5a,7,140,0,0 590bb877,7,144,0,0 5dd07f18,7,148,0,0 cd64e809,7,152,0,0 5e110b73,7,156,0,0 307f3f5e,7,160,0,0 3a262871,7,164,0,0 b121faf7,7,168,0,0 2edd0209,7,172,0,0 c9f5b21d,7,176,0,0 234e9873,7,180,0,0 100,b,0,7,0 3fd95eed,d,184,0,2b 45a5455b,7,200,0,0 be014f2,7,204,0,0 d91e74b8,7,208,0,0 f4e269d7,7,212,0,0 17484de5,7,216,0,0 404c9c70,7,220,0,0 5830905f,7,224,0,0 b34a94da,7,228,0,0 13e9d73d,7,232,0,0 a8c3ee4f,7,236,0,0 60a23c5,7,240,0,0 472f61eb,7,244,0,0 c0bb092d,7,248,0,0 179010b1,7,252,0,0 6e3ae773,7,256,0,0 894064b2,7,260,0,0 57207e8a,7,264,0,0 163524d2,7,268,0,0 c62704de,7,272,0,0 3cae8205,7,276,0,0 4a3d1266,7,280,0,0 16066d20,2,284,0,0 e6e385b3,2,285,0,0 ecf783d,0,286,0,0 2833947c,0,287,0,0 4cd5926c,7,288,0,0 354a3d22,7,292,0,0 a74eae8b,7,296,0,0 404e5cc1,7,300,0,0 1f727caf,7,304,0,0 173196f8,7,308,0,0 dd1a295b,7,312,0,0 81ee9cf5,0,316,0,0 d5f654b1,e,320,0,1b1af0aa 4ec87088,e,324,0,1b1af0aa 758c2c83,e,328,0,1b1af0aa e1aa698c,e,332,0,1b1af0aa bea59f13,e,336,0,731d54bc 488f72ef,e,340,0,731d54bc 5d59e566,e,344,0,731d54bc edb79213,e,348,0,731d54bc dc9b3491,e,352,0,f11533f5 e3ac0b3d,e,356,0,f11533f5 bea9d7b1,e,360,0,f11533f5 11d45043,7,364,0,0 e781923,7,368,0,0 a35fca8b,7,372,0,0 96496e0e,7,376,0,0 f9a76096,6,380,0,0 16d4dfde,7,384,0,0 35244737,6,388,0,0 b47b302c,6,392,0,0 3c7fd4be,6,396,0,0 83627ea8,7,400,0,0 33b8f913,7,404,0,0 c4a80685,7,408,0,0 b57a3ee8,6,412,0,0
P 5eb82083 0 0 88 acec22be,b,8,7,0 279b1f11,b,16,7,0 dd63c588,7,20,0,0 5c0b9fc8,7,24,0,0 66694b2d,7,28,0,0 b638655a,7,32,0,0 2b27dfa2,7,36,0,0 dd43781,7,40,0,0 893fad0f,7,44,0,0 6fd9ad7a,7,48,0,0 d03ea6c6,7,52,0,0 bf6d492c,7,56,0,0 d05bf6b2,7,60,0,0 4d7ac1e1,7,64,0,0 aab1981a,6,68,0,0 69b9037,7,72,0,0 3b0313dd,7,76,0,0 9ab52b95,7,80,0,0
P 325299c 0 0 24 acec22be,b,8,7,0 ee4bf6b5,7,16,0,0 11a253d3,7,20,0,0
P 36b97786 0 0 24 acec22be,b,8,7,0 3c87dfcf,b,16,7,0 a71d194f,b,20,7,0
P 7e35ff90 0 0 48 acec22be,b,8,7,0 c5a6754b,7,16,0,0 150bb1fd,7,20,0,0 ec7423ef,9,32,0,0
P 9a990061 0 0 32 acec22be,b,8,7,0 bf6ef4c3,7,16,0,0 e43b8db0,7,20,0,0 445ba2a2,7,24,0,0
P a982a82b 0 0 368 acec22be,b,8,7,0 9d24eeae,c,16,0,30503071 720857,c,88,0,fd7a877c 39ff1e76,c,152,0,a51bc359 f0cd8254,0,208,0,0 3efd6265,0,209,0,0 75e6c7fb,0,210,0,0 c5dbfc77,0,211,0,0 28d172f1,7,212,0,0 6b531d5a,7,216,0,0 fcd60f4a,7,220,0,0 75f8e63b,7,224,0,0 6f93f92,7,228,0,0 51c155e,7,232,0,0 4647444e,7,236,0,0 7d4365d4,7,240,0,0 e1b347e5,7,244,0,0 78005853,7,248,0,0 748a7ee4,7,252,0,0 af8fd36,7,256,0,0 506266bc,7,260,0,0 de9c2cc0,7,264,0,0 e91636d5,7,268,0,0 c20c5bab,7,272,0,0 87dee5c9,7,276,0,0 b294b26e,7,280,0,0 dadbffec,7,284,0,0 c3716e17,7,288,0,0 aec3ad19,7,292,0,0 4a128ddc,7,296,0,0 bb3f8f86,7,300,0,0 ba0c3c56,7,304,0,0 a5906df3,7,308,0,0 120f3db3,7,312,0,0 198c632a,7,316,0,0 d9507349,7,320,0,0 e0999292,7,324,0,0 fb6b753d,7,328,0,0 a3e25c92,7,332,0,0 f397d9c9,7,336,0,0 2a1d6db3,7,340,0,0 c95c1f75,7,344,0,0 6cc5cc6e,7,348,0,0 db6e2d4f,7,352,0,0 5ddee5c4,7,356,0,0 c6649d17,b,360,7,0 48d55b25,0,364,0,0 43e1439e,0,365,0,0
P 30503071 0 0 72 d2657a03,c,8,0,4c149694 721fcf15,7,32,0,0 53e892a7,7,36,0,0 64fb34cc,7,40,0,0 a1a104ab,7,44,0,0 af56a016,7,48,0,0 6b0a976b,7,52,0,0 4d1b5603,7,56,0,0 262043a0,7,60,0,0 f7519535,7,64,0,0 a0509251,7,68,0,0
P 4c149694 0 0 24 769b5cd3,0,8,0,0 4aa61533,7,12,0,0 38cf7186,7,16,0,0 6e30dc48,7,20,0,0
P fd7a877c 0 0 64 d2657a03,c,8,0,83361866 721fcf15,7,32,0,0 53e892a7,7,36,0,0 64fb34cc,7,40,0,0 a1a104ab,7,44,0,0 af56a016,7,48,0,0 6b0a976b,7,52,0,0 f7519535,7,56,0,0 a0509251,7,60,0,0
P 83361866 0 0 24 769b5cd3,0,8,0,0 4aa61533,7,12,0,0 38cf7186,7,16,0,0 6e30dc48,7,20,0,0
P a51bc359 0 0 56 d2657a03,c,8,0,20c48cea f7519535,7,32,0,0 a0509251,7,36,0,0 d5c64673,7,40,0,0 f7fa7b7f,b,44,7,0 a6fdc808,b,48,7,0 78e1f7e3,b,52,7,0
P 20c48cea 0 0 24 769b5cd3,0,8,0,0 4aa61533,7,12,0,0 38cf7186,7,16,0,0 6e30dc48,7,20,0,0
P 22abeb73 0 0 48 acec22be,b,8,7,0 53c5000e,7,16,0,0 5fc4b936,7,20,0,0 2aab2549,7,24,0,0 c2b681f8,7,28,0,0 e555dac1,6,32,0,0 d5724d47,7,36,0,0 f20d1cf1,6,40,0,0
P d86fe6ed 0 0 80 acec22be,b,8,7,0 eeb3a5c6,7,16,0,0 ef02c89e,7,20,0,0 4588f4aa,7,24,0,0 7ef21979,7,28,0,0 57783582,7,32,0,0 ac2343b3,7,36,0,0 89821c81,7,40,0,0 3e8e6a63,7,44,0,0 7b0e0476,7,48,0,0 800a10b7,7,52,0,0 dc69c58d,7,56,0,0 bcc71847,7,60,0,0 d7270e52,7,64,0,0 2606feac,7,68,0,0 698af440,7,72,0,0
P d3375e69 0 0 24 acec22be,b,8,7,0 d792a4d9,6,16,0,0 d14352b0,7,20,0,0
P 2a67278b 0 0 24 acec22be,b,8,7,0 ec5bc00b,7,16,0,0 11a253d3,7,20,0,0
P 1d0f2add 0 0 72 acec22be,b,8,7,0 c5f3e19e,c,16,0,8d3b018d 3ff1c03,c,32,0,d31ca25d 26dddf2c,7,48,0,0 3519c659,7,52,0,0 2a7fa597,7,56,0,0 8ade21d2,7,60,0,0 2983af8,7,64,0,0
P 8d3b018d 0 0 16 b3d789a1,7,8,0,0 e306678b,7,12,0,0
P d31ca25d 0 0 16 769b5cd3,0,8,0,0 c848c4df,0,9,0,0 cdf2a0e6,0,10,0,0 a6593c0b,0,11,0,0
P 57893f7 0 0 40 acec22be,b,8,7,0 3ff1c03,c,16,0,df31a28c 241f9a16,7,32,0,0 b0d26dca,7,36,0,0
P df31a28c 0 0 16 769b5cd3,0,8,0,0
P 92d08e81 0 0 40 acec22be,b,8,7,0 100,c,0,0,8c1d122a 5ee2aa34,d,16,0,1 6b2c9e4d,7,32,0,0
P 8c1d122a 0 0 40 bbd4419c,7,8,0,0 45d35627,7,12,0,0 28795034,7,16,0,0 c6e484c,7,20,0,0 fee4d7e1,7,24,0,0 d0cbaecb,7,28,0,0 ac2769ac,0,32,0,0 c688fed7,0,33,0,0 2d4481c0,0,34,0,0
P 230216f7 0 0 40 acec22be,b,8,7,0 100,c,0,0,8c1d122a 5ee2aa34,d,16,0,1 fef5c77e,7,32,0,0 ac9bf380,7,36,0,0
P abb5b6e9 0 0 40 acec22be,b,8,7,0 100,c,0,0,8c1d122a 5ee2aa34,d,16,0,1 ac9bf380,7,32,0,0
P 750ab6b4 0 0 32 acec22be,b,8,7,0 100,c,0,0,8c1d122a 5ee2aa34,d,16,0,1
P e1dcd533 0 0 152 acec22be,b,8,7,0 3ff1c03,c,16,0,cdcaa06a c770f465,c,32,0,c1b39685 37e2cd5c,c,72,0,358a9aba 13dc15f,c,112,0,89d0d131
P cdcaa06a 0 0 16 769b5cd3,0,8,0,0 c770f465,0,9,0,0 37e2cd5c,0,10,0,0 13dc15f,0,11,0,0
P c1b39685 0 0 40 100,c,0,0,54a1ceb0 d26a6c68,d,8,0,0 100,c,0,0,e30c80f3 e6dcc8f7,d,24,0,2
P 358a9aba 0 0 40 100,c,0,0,7ef1a999 d26a6c68,d,8,0,0 100,c,0,0,f1b3487 e6dcc8f7,d,24,0,2
P 89d0d131 0 0 40 100,c,0,0,d41612a3 d26a6c68,d,8,0,0 100,c,0,0,4fa0e646 e6dcc8f7,d,24,0,2
P 54a1ceb0 0 0 96 9a869fb7,c,8,0,d41612a3 c928991,c,72,0,90ebe89b
P d41612a3 0 0 64 b72c5e85,c,8,0,90ebe89b 1a68c028,c,32,0,90ebe89b 7bbecfe4,7,56,0,0
P 90ebe89b 0 0 24 4aa61533,7,8,0,0 38cf7186,7,12,0,0 6e30dc48,7,16,0,0
P 7ef1a999 0 0 80 9a869fb7,c,8,0,d41612a3 100,e,0,0,ee89b448 4b621302,f,72,0,200001
P db696127 0 0 24 acec22be,b,8,7,0 b7850df8,7,16,0,0 f7924d4a,6,20,0,0
P 1266102f 0 0 24 acec22be,b,8,7,0 b7850df8,7,16,0,0
P c0888797 0 0 24 acec22be,b,8,7,0 21a45f94,7,16,0,0 ad43e828,7,20,0,0
P 1d8f891 0 0 16 acec22be,b,8,7,0
P 416c50a3 0 0 32 acec22be,b,8,7,0 9b205a08,7,16,0,0 21a45f94,7,20,0,0 ad43e828,7,24,0,0
P b10fbdde 0 0 40 acec22be,b,8,7,0 a5223073,7,16,0,0 53cba719,7,20,0,0 f4dfaf9b,7,24,0,0 6c6842b8,7,28,0,0 99bfbb41,7,32,0,0 3a44ffc9,7,36,0,0
P 8d464893 0 0 24 acec22be,b,8,7,0 fc59ac8e,7,16,0,0
P ab5580a7 0 0 48 acec22be,b,8,7,0 f8e7eb96,6,16,0,0 73b70c36,7,20,0,0 1acdcc2f,7,24,0,0 386dca62,7,28,0,0 812fa3ea,7,32,0,0 4d3974be,7,36,0,0 af167c70,7,40,0,0 59d8eea1,e,44,0,59d8eea1
P 62d0f99c 0 0 24 acec22be,b,8,7,0 21a45f94,7,16,0,0 ad43e828,7,20,0,0
P a8ebf9ac 0 0 48 acec22be,b,8,7,0 72e34e34,7,16,0,0 c9cf301c,7,20,0,0 ae09b24a,7,24,0,0 f14d19c0,7,28,0,0 fc25b50e,7,32,0,0 b1a3b451,7,36,0,0 907a277c,7,40,0,0 32ef44f5,7,44,0,0
P 2cf84ee3 0 0 64 acec22be,b,8,7,0 8083349b,7,16,0,0 d8cd47db,7,20,0,0 ea452de2,7,24,0,0 3e7cff09,7,28,0,0 fcda0b01,7,32,0,0 6ffa8ced,7,36,0,0 2ec5ef41,7,40,0,0 88d36e6d,7,44,0,0 3dd99da2,6,48,0,0 e98144b6,6,52,0,0 755283ae,2,56,0,0 4920470f,2,57,0,0
P 3228a353 0 0 392 acec22be,b,8,7,0 a91dcdb2,c,16,0,5cff0acd 6e3b91a,c,40,0,5cff0acd a17f5369,c,64,0,5cff0acd 680660e1,c,88,0,5cff0acd 5c24cc98,c,112,0,5cff0acd 75fa655b,c,136,0,5cff0acd c2954ca3,c,160,0,5cff0acd 400a6dd,c,184,0,5cff0acd 99a20ae2,c,208,0,5cff0acd 893e8c91,c,232,0,5cff0acd 4bd08143,c,256,0,5cff0acd c4179bd4,c,280,0,5cff0acd dad6bd42,c,304,0,5cff0acd 7fcbf0a1,c,328,0,5cff0acd a5f92857,7,352,0,0 4826846d,7,356,0,0 818caf11,7,360,0,0 4d3187e8,7,364,0,0 e81d9989,7,368,0,0 6fcd75f7,7,372,0,0 62836463,7,376,0,0 1605aa8e,7,380,0,0 30a869b3,7,384,0,0
P 5cff0acd 0 0 24 b206100e,7,8,0,0 47774cfd,0,12,0,0 2fbfe10b,0,13,0,0 d835ce22,0,14,0,0 6b401ba7,7,16,0,0
P f310b39a 0 0 352 acec22be,b,8,7,0 186c73ee,c,16,0,32e4e95 7f3fbc2,c,132,0,71654fdf d304ceea,c,140,0,78cfd866 6ac593ca,c,172,0,64c4cded b2a81841,c,200,0,10e8278d 951cf6e3,c,300,0,b4af9219 16144b76,c,320,0,91fa054f 8cb118f1,c,340,0,61c3446b
P 32e4e95 0 0 116 14b35c74,7,0,0,0 458985d3,7,4,0,0 a0d642b3,7,8,0,0 5effbe57,7,12,0,0 1d924d27,7,16,0,0 828b46a8,7,20,0,0 73c1bdd,7,24,0,0 be8facc6,7,28,0,0 5e175cd8,7,32,0,0 4763d967,7,36,0,0 c67bb150,7,40,0,0 e34ee08d,7,44,0,0 f2c98f1a,7,48,0,0 e00f88d2,7,52,0,0 3a15059,7,56,0,0 42717a16,7,60,0,0 30d1bad9,7,64,0,0 3fca084f,7,68,0,0 90be770c,7,72,0,0 33f47d9a,7,76,0,0 1bd4a73,7,80,0,0 5b5da480,7,84,0,0 3028e41e,7,88,0,0 9b3b326d,7,92,0,0 2fbf5c2f,7,96,0,0 682d28f8,7,100,0,0 6d8e7783,7,104,0,0 bed4648b,7,108,0,0 483fa207,7,112,0,0
P 71654fdf 0 0 8 1909f641,7,0,0,0 f2621fb4,5,4,0,0
P 78cfd866 0 0 32 86e06900,4,0,0,0 2bdbb2f0,4,2,0,0 f6b1f8e6,8,4,0,0 bf10f09c,8,12,0,0 52c6857d,0,20,0,0 dd4d1923,e,24,0,3e8f9836 679324f2,e,28,0,3e8f9836
P 64c4cded 0 0 28 f553a492,7,0,0,0 43b4261,7,4,0,0 e799891e,7,8,0,0 b2929f15,7,12,0,0 ba35bcf3,7,16,0,0 815c7d40,7,20,0,0 5696a3dd,7,24,0,0
P 10e8278d 0 0 100 dd07f00f,7,0,0,0 45dfe173,7,4,0,0 de0846bb,7,8,0,0 f52302b8,7,12,0,0 268f1cba,7,16,0,0 17b8d38d,7,20,0,0 4d4c55b8,7,24,0,0 b25da3d,7,28,0,0 d2a35d2f,7,32,0,0 9e20895c,7,36,0,0 7bb9fe78,7,40,0,0 64336a8,7,44,0,0 8f2e40e4,7,48,0,0 dc1a4f25,7,52,0,0 f3affec5,7,56,0,0 2a474b73,7,60,0,0 67646043,7,64,0,0 16c6f9c2,7,68,0,0 1103bad2,7,72,0,0 720021c7,7,76,0,0 f7e2bdcb,7,80,0,0 84de9c55,7,84,0,0 66c0819c,7,88,0,0 2a2647be,7,92,0,0 375e7b87,7,96,0,0
P b4af9219 0 0 20 80486cf7,8,0,0,0 fa69b301,8,8,0,0 87eacc4,0,16,0,0 33a79e00,0,17,0,0
P 91fa054f 0 0 20 22fd8635,8,0,0,0 6ba34b10,8,8,0,0 3011dfa3,7,16,0,0
P 61c3446b 0 0 12 2ac5ef55,4,0,0,0 4db72f5,4,2,0,0 7813f459,7,4,0,0 c2e80b6b,7,8,0,0
P 6ee487f9 0 0 144 acec22be,b,8,7,0 b5dbf3ee,7,16,0,0 70754c3b,7,20,0,0 3d72b90c,7,24,0,0 7530372b,7,28,0,0 8c9946e8,7,32,0,0 cd0a326,7,36,0,0 1c017ba0,7,40,0,0 66a5e07a,7,44,0,0 508302e4,7,48,0,0 c9393e5d,7,52,0,0 d7419bc8,7,56,0,0 38fc742b,7,60,0,0 3b6db922,7,64,0,0 d961d88b,c,72,0,8ff121d 68977e58,7,88,0,0 2b32ab4f,7,92,0,0 b02621f9,7,96,0,0 7464f035,7,100,0,0 5c1dba00,7,104,0,0 a416b7f8,7,108,0,0 d1e2cddc,7,112,0,0 b0dcc303,7,116,0,0 98cd3fc6,7,120,0,0 3eb0287a,7,124,0,0 c990cec1,7,128,0,0 afd43cc2,0,132,0,0 83b8365,0,133,0,0 751caa7,0,134,0,0 f74cdfc,0,135,0,0 acdd6a72,7,136,0,0 314c2824,0,140,0,0
P 8ff121d 0 0 16 aa19d936,7,8,0,0 53a96728,7,12,0,0
P 41886d07 0 0 136 acec22be,b,8,7,0 d1c5465c,6,16,0,0 255ea296,6,20,0,0 42a0a420,7,24,0,0 d20f9094,7,28,0,0 457ba53,7,32,0,0 83c738b0,7,36,0,0 a4755bb6,7,40,0,0 8a5bf236,7,44,0,0 a907b59,7,48,0,0 52be015c,7,52,0,0 304f0c71,7,56,0,0 b02e2b88,7,60,0,0 2b9b6514,7,64,0,0 af5e7c9f,7,68,0,0 8e8fc9cc,7,72,0,0 b3570b62,7,76,0,0 136559e7,7,80,0,0 791ef239,7,84,0,0 a326038,7,88,0,0 7e863eb6,7,92,0,0 227cd12a,7,96,0,0 39563f7a,7,100,0,0 116534a8,7,104,0,0 72536d11,7,108,0,0 285bd054,7,112,0,0 a073ff5d,7,116,0,0 1a03da3,7,120,0,0 9985446e,7,124,0,0 c8e3f846,7,128,0,0 38b8f2c5,b,132,7,0
P 3b9bdd7b 0 0 56 acec22be,b,8,7,0 a8a2a21c,5,16,0,0 84190cb3,5,20,0,0 100,c,0,0,fdd6ca83 412096ad,d,24,0,3 100,c,0,0,1224c299 8a623be5,d,40,0,5
P fdd6ca83 0 0 32 fb5833a9,b,8,7,0 100,c,0,0,b408ad02 40b6e5b9,d,16,0,1
P b408ad02 0 0 72 100,c,0,0,9338fabc eec93c43,d,8,0,0 5819e649,c,24,0,8c502b52 1e27e5ec,c,48,0,8c502b52
P 8c502b52 0 0 24 c758e055,e,8,0,34b4a664 45850f10,6,12,0,0 b4914afc,6,16,0,0
P 9338fabc 0 0 32 c758e055,e,8,0,34b4a664 100,6,0,0,0 f8f4bf2b,d,16,0,1
P 1224c299 0 0 16 fb5833a9,b,8,7,0 3dbcf2f4,5,12,0,0
P 31ccdc8f 0 0 32 acec22be,b,8,7,0 317fa41b,7,16,0,0 379afe24,7,20,0,0 dfe27ce0,7,24,0,0 484d7308,7,28,0,0
P 1f8472ca 0 0 120 acec22be,b,8,7,0 43dc72fd,7,16,0,0 44155139,7,20,0,0 3ee2b64e,7,24,0,0 4d6626f9,7,28,0,0 b594642,7,32,0,0 275be9a9,7,36,0,0 794ccbae,7,40,0,0 f65fc808,7,44,0,0 a073ff5d,7,48,0,0 4a089725,7,52,0,0 af917fd0,7,56,0,0 c7b141e1,7,60,0,0 de404f47,7,64,0,0 4a50afc1,7,68,0,0 2d7e225c,7,72,0,0 56203ef7,7,76,0,0 71ce4bf0,7,80,0,0 40bb3a35,7,84,0,0 3b1d86d,7,88,0,0 cc870f12,7,92,0,0 3df8f542,7,96,0,0 df17f8ef,7,100,0,0 8b2b807f,7,104,0,0 1d099c84,7,108,0,0 38b8f2c5,b,112,7,0 7649fb18,7,116,0,0
P ae0dc14d 0 0 864 acec22be,b,8,7,0 e17a691a,7,16,0,0 4d9f5292,7,20,0,0 a3682418,7,24,0,0 ca5593a9,7,28,0,0 39e839fb,7,32,0,0 467e6a7c,7,36,0,0 30191022,7,40,0,0 ec0553da,7,44,0,0 323fd0a5,7,48,0,0 81154a58,7,52,0,0 28d26da8,7,56,0,0 38fc742b,7,60,0,0 3b6db922,7,64,0,0 aec09eb,7,68,0,0 6313209f,7,72,0,0 3abb9267,7,76,0,0 97b59ab2,7,80,0,0 72d4ff09,7,84,0,0 26247df1,7,88,0,0 769fe765,7,92,0,0 100,c,0,0,9870a6df 9a9a9599,d,96,4,30015
P 9870a6df 0 0 256 acec22be,b,8,7,0 8c36cf96,c,16,0,4a496853 5185067e,c,96,0,4a496853 a57064cf,c,176,0,4a496853
P 4a496853 0 0 80 bc949f7c,7,8,0,0 36a554b3,7,12,0,0 803c44f9,7,16,0,0 9a05af84,7,20,0,0 84dcf3c0,7,24,0,0 fa8bf9e3,7,28,0,0 3cde0776,7,32,0,0 30c15efd,7,36,0,0 fc16f9be,7,40,0,0 faea0093,7,44,0,0 c49f4d0,7,48,0,0 e8231dc,7,52,0,0 b4af87d0,7,56,0,0 c6bccce3,7,60,0,0 b1944ec1,7,64,0,0 81781502,7,68,0,0 cc12a13a,7,72,0,0 45d9e508,0,76,0,0 1975e9d,0,77,0,0
P d85772a7 0 0 32 acec22be,b,8,7,0 95926690,7,16,0,0 47c65c19,7,20,0,0 7330b8f1,7,24,0,0 a50e5312,7,28,0,0
P cdb49ed0 0 0 184 acec22be,b,8,7,0 ba8c5de8,7,16,0,0 4b9493ee,7,20,0,0 d3379d42,7,24,0,0 eb8c0fe,7,28,0,0 99e7c6ce,7,32,0,0 66b0b389,7,36,0,0 b60e9a41,7,40,0,0 351ff2f1,7,44,0,0 d9560b66,7,48,0,0 8a945d09,7,52,0,0 207ee9f8,7,56,0,0 dc5b815a,7,60,0,0 352e61e2,7,64,0,0 da3b1cc8,7,68,0,0 4471d265,7,72,0,0 ea215371,7,76,0,0 1237371a,7,80,0,0 ead0b8c5,7,84,0,0 7e945f84,7,88,0,0 1ce6aa83,7,92,0,0 e5409746,7,96,0,0 4a24e717,7,100,0,0 218dfa80,7,104,0,0 4b769ce1,7,108,0,0 3c34bbe9,7,112,0,0 e94b0b07,7,116,0,0 4201b1b5,7,120,0,0 fcd0e1c,7,124,0,0 72125701,7,128,0,0 13722f2c,7,132,0,0 e5471fd2,7,136,0,0 94cfa64e,7,140,0,0 2f372464,7,144,0,0 9588187b,7,148,0,0 e05ebd2d,7,152,0,0 2266a94c,7,156,0,0 5aa13e47,7,160,0,0 880ead55,7,164,0,0 50320401,7,168,0,0 38b8f2c5,b,172,7,0 d029ddc3,7,176,0,0 c67ff406,7,180,0,0
P 1aa7fb11 0 0 32 acec22be,b,8,7,0 dcb6b3b5,7,16,0,0 dbe487a8,7,20,0,0 62725810,7,24,0,0
P f2dfaeed 0 0 48 acec22be,b,8,7,0 914e695,7,16,0,0 ada4e2eb,7,20,0,0 f22fdc06,7,24,0,0 bd35fb0d,7,28,0,0 fd158203,7,32,0,0 cadcf874,7,36,0,0 1e5b86bb,7,40,0,0
P e2bd20bb 0 0 16 acec22be,b,8,7,0
P 4f99c042 0 0 24 acec22be,b,8,7,0 a0509251,7,16,0,0
P e5f4ecb4 0 0 176 acec22be,b,8,7,0 b281c07,7,16,0,0 297c95bc,7,20,0,0 37b46440,7,24,0,0 64fa7678,7,28,0,0 54fba3e0,7,32,0,0 e51f34c1,7,36,0,0 be970da1,7,40,0,0 17596bb7,7,44,0,0 94bf79d6,7,48,0,0 2a79a53b,7,52,0,0 4dfbccd0,7,56,0,0 94ee30ce,7,60,0,0 505572ad,7,64,0,0 a8beb8d,7,68,0,0 a63307ad,7,72,0,0 fa4e41fa,7,76,0,0 a48f91b5,7,80,0,0 480fcc76,7,84,0,0 84771d6f,7,88,0,0 8b1da436,7,92,0,0 d8ee2dcd,6,96,0,0 a9101685,6,100,0,0 a211a47d,7,104,0,0 15637770,7,108,0,0 66b43e56,7,112,0,0 2f510174,7,116,0,0 70329c14,7,120,0,0 bd604503,7,124,0,0 8b2c3f7,7,128,0,0 f83a7d65,7,132,0,0 9746f9a0,7,136,0,0 a9bfd0b6,7,140,0,0 c6f20cd5,7,144,0,0 e84ffd78,7,148,0,0 fc181ee7,7,152,0,0 99dbab0d,7,156,0,0 e2eec5fa,7,160,0,0 a57f19f2,7,164,0,0 f0992b22,7,168,0,0
P aa3f6c89 0 0 40 acec22be,b,8,7,0 7634f4b2,7,16,0,0 20e89ba2,7,20,0,0 ec884107,7,24,0,0 f0cfafa1,7,28,0,0 1f99ab71,7,32,0,0
P 56b419d9 0 0 72 acec22be,b,8,7,0 471c002d,7,16,0,0 1b819a0b,7,20,0,0 fde343f,7,24,0,0 fda6026a,0,28,0,0 3b2cebaa,0,29,0,0 7cc3b32b,5,32,0,0 5a236fa5,7,36,0,0 33ad1415,7,40,0,0 70840c63,7,44,0,0 bfad783c,7,48,0,0 542ca9c8,5,52,0,0 755e3df,5,56,0,0 2e277e40,5,60,0,0 f4fc4cec,5,64,0,0
P 146618c9 0 0 48 acec22be,b,8,7,0 a8d3565f,7,16,0,0 ab5899f5,7,20,0,0 55e27b7e,7,24,0,0 7854273,7,28,0,0 91104865,7,32,0,0 83dc4231,7,36,0,0 6744035d,7,40,0,0
P 9b2c739f 0 0 224 acec22be,b,8,7,0 c6af730e,c,16,0,810306ff ffd551ad,7,208,0,0 13c57e2c,7,212,0,0 94b62d00,7,216,0,0 3288268f,7,220,0,0
P 810306ff 0 0 192 9669de6d,c,8,0,b3e934b3 2892a84d,c,88,0,482ea6ef c928991,c,160,0,e1f8f4d0
P b3e934b3 0 0 80 ca84b94,7,8,0,0 a2f2a38b,c,16,0,70afee30 22add95a,c,32,0,ccd0606e
P 70afee30 0 0 16 93c3f2f9,7,8,0,0
P ccd0606e 0 0 48 5dbbf65b,c,8,0,1fbe413c 76f7f10e,7,32,0,0 8620294e,7,36,0,0 dd143c01,7,40,0,0
P 1fbe413c 0 0 24 a894f7e5,7,8,0,0 556c48c1,7,12,0,0 c830db8c,7,16,0,0 1489a048,7,20,0,0
P 482ea6ef 0 0 72 ca84b94,7,8,0,0 a2f2a38b,c,16,0,690e0dfd 22add95a,c,32,0,82d3b8e9
P 690e0dfd 0 0 16 93c3f2f9,7,8,0,0
P 82d3b8e9 0 0 40 5dbbf65b,c,8,0,13e298bb 8620294e,7,32,0,0 dd143c01,7,36,0,0
P 13e298bb 0 0 24 a894f7e5,7,8,0,0 556c48c1,7,12,0,0 c830db8c,7,16,0,0 1489a048,7,20,0,0
P e1f8f4d0 0 0 32 3c47b451,7,8,0,0 ac36b163,7,12,0,0 4400f038,7,16,0,0 a2e6e608,7,20,0,0 1df50204,7,24,0,0 2c60440d,7,28,0,0
P 8df3b7b4 0 0 64 acec22be,b,8,7,0 39062715,0,16,0,0 100,c,0,0,267307f7 b0d9ab6b,d,24,0,2 d7fa39c6,6,40,0,0 17bd0fbb,7,44,0,0 4a67a29e,7,48,0,0 7e18cadf,7,52,0,0 8c5b1f22,7,56,0,0 76b1a5d6,0,60,0,0
P 267307f7 0 0 32 f6852ab6,9,16,0,0
P 37eae051 0 0 48 acec22be,b,8,7,0 d6542e60,7,16,0,0 44d3c023,7,20,0,0 4dce4485,7,24,0,0 d50b5cb0,7,28,0,0 28e13231,7,32,0,0 545faa7d,7,36,0,0 1396cb99,7,40,0,0
P 18f7bed0 0 0 24 acec22be,b,8,7,0 be13029b,2,16,0,0
P 13b54645 0 0 1312 acec22be,b,8,7,0 88b2121,c,16,0,8ba3e32e a0f63b6b,c,40,0,7253edfe fe2ed39d,c,64,0,e1cd702b 393aae8a,c,96,0,faed4771 ac4c0176,c,144,0,faed4771 85b2eb03,c,192,0,b35c854e 43268595,c,208,0,216e9303 232bf01a,c,264,0,aeef6571 c19a2442,c,280,0,79fa8d16 4560b67f,c,464,0,838b3dba bbdbd223,c,552,0,38e03bfe 4f3a6c2a,c,592,0,c0e333f b87c1eac,c,616,0,353930ec c21c3cba,c,640,0,c2b85cec 506d421b,c,656,0,3508ff06 3ff1c03,c,1008,0,2584ce32 c81c5287,c,1024,0,bb714ac c6674954,c,1040,0,404155e2 c259121a,c,1144,0,a6288ef9 9f016ec0,c,1160,0,387a92df bbb2131e,7,1216,0,0 fdd60de9,7,1220,0,0 38ad0938,7,1224,0,0 7211d1d,7,1228,0,0 a2688264,7,1232,0,0 b54757b6,7,1236,0,0 810ec1d,7,1240,0,0 13d508b5,7,1244,0,0 c61e8fc4,7,1248,0,0 f63c64e2,7,1252,0,0 b3eaea08,7,1256,0,0 78d980a8,7,1260,0,0 531d70a,7,1264,0,0 687ecee3,b,1268,7,0 2c697773,b,1272,7,0 100,c,0,0,3a118d6e 67785a1a,d,1280,0,24 4bd5e417,9,1296,0,0
P 8ba3e32e 0 0 24 f0ae45a2,7,8,0,0 99c4fb86,7,12,0,0 95dfc3aa,7,16,0,0 e8abc762,7,20,0,0
P 7253edfe 0 0 24 f0ae45a2,7,8,0,0 99c4fb86,7,12,0,0 95dfc3aa,7,16,0,0 d03a8c8a,7,20,0,0
P e1cd702b 0 0 32 1e5cb5d3,7,8,0,0 3dbbdafa,7,12,0,0 fdfc7009,7,16,0,0 5124b8cd,7,20,0,0 88f0bf95,7,24,0,0
P faed4771 0 0 48 1e5cb5d3,7,8,0,0 fdfc7009,7,12,0,0 ef33e302,7,16,0,0 a160bbc8,7,20,0,0 5124b8cd,7,24,0,0 19ae0d18,7,28,0,0 1d80013d,7,32,0,0 43486e15,7,36,0,0 4a918007,7,40,0,0 88f0bf95,7,44,0,0
P b35c854e 0 0 16 1e5cb5d3,7,8,0,0 fdfc7009,7,12,0,0
P 216e9303 0 0 56 9bafed7f,c,8,0,2fcb0e21
P 2fcb0e21 0 0 48 4b044bd,c,8,0,856b95cc 493e8c3f,7,32,0,0 5ffbd96f,7,36,0,0 34f3bd65,7,40,0,0
P 856b95cc 0 0 24 6f915fe8,7,8,0,0 752aeb17,7,12,0,0 f174e830,7,16,0,0 189dea7f,7,20,0,0
P aeef6571 0 0 16 d66c635d,7,8,0,0 1d2e2e63,7,12,0,0
P 79fa8d16 0 0 184 e6708f11,c,8,0,fc0a7491 d03a8c8a,c,24,0,3cdb885a b3d2e8e3,c,56,0,4dcccbbc bc06790a,c,80,0,4dcccbbc a45b94cf,c,104,0,7f0a0590 807119ee,c,128,0,7f0a0590 acec81fd,c,152,0,c7b8098
P fc0a7491 0 0 16 f6faa4ba,7,8,0,0 5a4211d0,7,12,0,0
P 3cdb885a 0 0 32 a5223073,7,8,0,0 3d548cb,7,12,0,0 e78bd1c4,7,16,0,0 1ce9ebce,7,20,0,0 2d5579ed,7,24,0,0
P 4dcccbbc 0 0 24 e1990a5d,7,8,0,0 839ad5c2,7,12,0,0 5dfaf684,7,16,0,0 97362106,7,20,0,0
P 7f0a0590 0 0 24 ae417b73,7,8,0,0 8b7282a2,7,12,0,0 73707ec2,7,16,0,0
P c7b8098 0 0 32 4e7c93e0,7,8,0,0 a5223073,7,12,0,0 47e72d7d,7,16,0,0 fee4d7e1,7,20,0,0 d0a46bb4,7,24,0,0
P 838b3dba 0 0 88 d338ba0f,c,8,0,ebb22246 9df8e503,7,48,0,0 ab788e42,7,52,0,0 f57614b7,7,56,0,0 79944c76,7,60,0,0 4b27ddf8,7,64,0,0 fa2eb0eb,7,68,0,0 7d621b70,7,72,0,0 4d1cc9e0,7,76,0,0 b9959e7f,7,80,0,0
P ebb22246 0 0 40 d689b17f,c,8,0,5ceb835c bbc3685e,c,24,0,5ceb835c
P 5ceb835c 0 0 16 f2f79d4a,7,8,0,0 9629054c,7,12,0,0
P 38e03bfe 0 0 40 14090b29,7,8,0,0 72ebde4a,7,12,0,0 fe15cf30,7,16,0,0 917ce851,7,20,0,0 f57614b7,7,24,0,0 2c13cb19,7,28,0,0 4b27ddf8,7,32,0,0
P c0e333f 0 0 24 d464f88c,7,8,0,0 64fbe178,7,12,0,0 e8b0abb9,7,16,0,0
P 353930ec 0 0 24 15d0a197,b,8,7,0 e6a55d88,b,12,7,0 89a9a06f,b,16,7,0
P c2b85cec 0 0 16 47b0b470,7,8,0,0 35ee10eb,7,12,0,0
P 3508ff06 0 0 352 9bafed7f,c,8,0,529e6435
P 529e6435 0 0 344 d689b17f,c,8,0,3598d162 bbc3685e,c,224,0,c555e414
P 3598d162 0 0 216 368691eb,c,8,0,c9e1f507 131fa8ea,c,120,0,d666f0fd
P c9e1f507 0 0 112 e360901e,c,8,0,d666f0fd 97db0e9d,0,104,0,0
P d666f0fd 0 0 96 a894f7e5,7,8,0,0 556c48c1,7,12,0,0 135832b4,c,16,0,9aeeb39 600fe3e5,c,40,0,9aeeb39 b93a9901,c,64,0,9aeeb39 cbccd094,0,88,0,0 a6a19432,0,89,0,0
P 9aeeb39 0 0 24 4aa61533,7,8,0,0 38cf7186,7,12,0,0 6e30dc48,7,16,0,0
P c555e414 0 0 120 368691eb,c,8,0,c9e1f507
P 2584ce32 0 0 16 769b5cd3,0,8,0,0 2b938d12,0,9,0,0 70022205,0,10,0,0
P bb714ac 0 0 16 4e7c93e0,7,8,0,0 2aa19054,0,12,0,0 98b5c308,0,13,0,0
P 404155e2 0 0 104 61f97c2,c,8,0,ab500ee2 af0cad16,c,32,0,ab500ee2 a370c6d6,c,56,0,ab500ee2 99a61fc2,c,80,0,ab500ee2
P ab500ee2 0 0 24 4aa61533,7,8,0,0 38cf7186,7,12,0,0 6e30dc48,7,16,0,0 d73a08ee,0,20,0,0
P a6288ef9 0 0 16 1199e54a,0,8,0,0
P 387a92df 0 0 56 f8a5aafd,c,8,0,cdc1f387 136b906d,c,40,0,aea8828a
P cdc1f387 0 0 32 82c3352e,6,8,0,0 f65aae03,7,12,0,0 aff582af,7,16,0,0 59f376fc,7,20,0,0 43d05c00,7,24,0,0
P aea8828a 0 0 16 82c3352e,6,8,0,0 865447e,7,12,0,0
P 3a118d6e 0 0 32 fb5833a9,b,8,7,0 100,c,0,0,47159588 40b6e5b9,d,16,0,1
P 47159588 0 0 48 100,c,0,0,e1cc1194 eec93c43,d,8,0,0 9d24eeae,c,24,0,e888ba11
P e888ba11 0 0 24 c758e055,e,8,0,34b4a664 45850f10,6,12,0,0 b4914afc,6,16,0,0 54eee4e8,6,20,0,0
P e1cc1194 0 0 32 c758e055,e,8,0,34b4a664 100,6,0,0,0 f8f4bf2b,d,16,0,1
P 1fc51489 0 0 24 acec22be,b,8,7,0 4b1616f5,7,16,0,0
P 99de0069 0 0 16 acec22be,b,8,7,0
P e439974a 0 0 48 acec22be,b,8,7,0 58e6c4a6,7,16,0,0 831276b6,7,20,0,0 a4fec777,7,24,0,0 58ac3583,7,28,0,0 a730504f,7,32,0,0 ac435e4e,7,36,0,0 ab07338c,7,40,0,0 c8eed15,7,44,0,0
P 22c5e143 0 0 72 acec22be,b,8,7,0 21ad1d5b,7,16,0,0 50e3c7c8,7,20,0,0 dacd28f2,7,24,0,0 8ae90957,7,28,0,0 b88d8828,7,32,0,0 19570a4f,7,36,0,0 6e634034,7,40,0,0 7d7a70e3,7,44,0,0 d4a258dd,7,48,0,0 7efd3059,7,52,0,0 5fe1d198,7,56,0,0 f4f04a9c,7,60,0,0 a95cb6c1,0,64,0,0
P f4cc7987 0 0 40 acec22be,b,8,7,0 bc3c62e3,7,16,0,0 aa3b7dbd,7,20,0,0 157987f4,7,24,0,0 a4aa4f3c,7,28,0,0 70dde81a,7,32,0,0 f8a2c4f8,7,36,0,0
P 580c616c 0 0 104 acec22be,b,8,7,0 f1dc39af,7,16,0,0 3aee3feb,7,20,0,0 d4b1db55,7,24,0,0 580b34b4,7,28,0,0 3643c6c1,7,32,0,0 8872175b,7,36,0,0 73dc4446,7,40,0,0 ec56639e,7,44,0,0 4b084175,0,48,0,0 de919708,7,52,0,0 2eee88ab,0,56,0,0 6c47ebd7,0,57,0,0 428d96f,0,58,0,0 508d63a6,7,60,0,0 bc8954a5,7,64,0,0 80a87a24,7,68,0,0 5ff06437,7,72,0,0 9331d7d9,7,76,0,0 3c45f298,7,80,0,0 420480f4,7,84,0,0 ce5e3b99,7,88,0,0 3e7aafe1,7,92,0,0 1dfe1716,7,96,0,0 816476d5,7,100,0,0
P 60609e59 0 0 232 acec22be,b,8,7,0 e3854c3e,7,16,0,0 7bcc78d6,7,20,0,0 3627a588,7,24,0,0 942a3813,7,28,0,0 7137af2,7,32,0,0 7c1c35f4,7,36,0,0 c6fe28e1,7,40,0,0 d286f1a1,7,44,0,0 e47b8295,7,48,0,0 75addb61,7,52,0,0 9f7ed673,7,56,0,0 9b8089d0,7,60,0,0 80bb4058,7,64,0,0 be0801f8,7,68,0,0 922aeed6,7,72,0,0 d2d44c91,7,76,0,0 aa91567c,7,80,0,0 151a6091,7,84,0,0 857c1d72,7,88,0,0 45a8cc2c,7,92,0,0 3e40eea2,7,96,0,0 26974a3e,7,100,0,0 1f1b57f2,7,104,0,0 e8337e55,7,108,0,0 7ae55f25,7,112,0,0 2d7296fa,7,116,0,0 751d7967,7,120,0,0 76630669,7,124,0,0 3eccef10,7,128,0,0 844fbe3b,7,132,0,0 d1d304f6,7,136,0,0 dd3279cd,7,140,0,0 929f411a,7,144,0,0 53cc5e05,7,148,0,0 75bf0691,7,152,0,0 e0b7cdf4,7,156,0,0 556066e4,7,160,0,0 fde9ffc5,7,164,0,0 86c00825,7,168,0,0 ed172176,7,172,0,0 12f88fa5,7,176,0,0 ff7e598c,7,180,0,0 4d63221c,7,184,0,0 16a01fe5,7,188,0,0 ac807ecd,6,192,0,0 2e8c608b,7,196,0,0 9594a59a,7,200,0,0 2710a7c4,7,204,0,0 944edee,7,208,0,0 28927eba,7,212,0,0 b19e1c77,6,216,0,0 d120f173,6,220,0,0 8f0d38a1,0,224,0,0 45af2e5d,0,225,0,0 f3d0cb1f,0,226,0,0 60828f17,0,227,0,0 d6c8b6d5,0,228,0,0
P 7128e635 0 0 48 acec22be,b,8,7,0 2e69199f,c,16,0,7b684afd
P 7b684afd 0 0 32 100,b,0,7,0 100,c,0,0,71700403 efae1af1,10,8,1,1
P 71700403 0 0 40 e30a73b2,b,8,7,0 9f581bdd,5,12,0,0 769b5cd3,0,16,0,0 100,c,0,3,0 241a3bb7,d,24,0,3
P 2032007b 0 0 40 acec22be,b,8,8,0 100,c,0,3,0 733dbacc,d,16,0,1 c6817eb4,0,32,0,0 b6de98b,0,33,0,0
P bed82e2d 0 0 24 acec22be,b,8,8,0 f4e53011,0,16,0,0
P 928769b4 0 0 24 acec22be,b,8,8,0 f4e53011,7,16,0,0
P e5d46a8e 0 0 24 acec22be,b,8,8,0 c830db8c,7,16,0,0 1489a048,7,20,0,0
P 553a875c 0 0 24 acec22be,b,8,8,0 f4e53011,5,16,0,0
P c6da539 0 0 128 acec22be,b,8,7,0 5eb8f73b,c,16,0,c6dc4ecb 245aebfe,c,48,0,71700403 20f9ef9d,c,88,0,71700403
P c6dc4ecb 0 0 32 9495b64a,0,8,0,0 c21a5991,0,9,0,0 784c8819,0,10,0,0 4c5453ee,7,12,0,0 eccea901,7,16,0,0 816c0231,7,20,0,0 d11f2f9,6,24,0,0
P 8884d15f 0 0 24 acec22be,b,8,8,0 f4e53011,b,16,8,0
P 54e4de56 0 0 936 acec22be,b,8,7,0 136cc34c,0,16,0,0 6afcc27a,5,20,0,0 93febc3e,5,24,0,0 9a0966fe,0,28,0,0 1dfced10,0,29,0,0 bd160061,5,32,0,0 3faedc3f,5,36,0,0 47e3ad5,0,40,0,0 4f5cdd7,0,41,0,0 ab18f9ae,0,42,0,0 559b0e0,0,43,0,0 558f5490,0,44,0,0 d8e89920,7,48,0,0 73550b6c,7,52,0,0 8d4474d8,7,56,0,0 e4267ed1,7,60,0,0 ede0e26c,7,64,0,0 a9fdffbe,c,72,0,ed316be5 100,c,0,0,f553d153 4cfff087,d,176,0,13 67d957a2,c,192,0,a22c51ac 2d084c59,c,272,0,a22c51ac d74062e6,7,352,0,0 3dc18cac,7,356,0,0 7a1f741a,7,360,0,0 77ace4fd,7,364,0,0 cf3db00b,7,368,0,0 427837f4,7,372,0,0 f24130da,7,376,0,0 f8315524,7,380,0,0 3b8d72b9,7,384,0,0 991102b8,7,388,0,0 59083ccc,7,392,0,0 e2c25682,7,396,0,0 c9a7f62a,7,400,0,0 c81192ad,7,404,0,0 746a29d9,7,408,0,0 5f4a0a2d,7,412,0,0 7b66f59d,7,416,0,0 5bafe0d1,7,420,0,0 997cbd5a,7,424,0,0 3d38697c,7,428,0,0 a7d84780,7,432,0,0 4d622ba1,7,436,0,0 f20beecb,0,440,0,0 e000c5b8,7,444,0,0 23e55e27,7,448,0,0 6f226f5,7,452,0,0 864b1454,5,456,0,0 db52944a,7,460,0,0 511a0cfd,7,464,0,0 93ff5773,c,472,0,ed316be5 b72c5e85,c,576,0,71700403 870bbf13,c,616,0,71700403 7237090c,c,656,0,71700403 3e34930b,c,696,0,71700403 e263abfb,c,736,0,71700403 a270642d,c,776,0,71700403 21f5e607,c,816,0,71700403 b1c4a372,c,856,0,fea1fb7 5c002e43,c,880,0,99abc726 6d5b529e,c,896,0,3dfe3442
P ed316be5 0 0 104 e2d52eb,c,8,0,df771251 a3ffb0f5,c,40,0,df771251 18764ca7,c,72,0,df771251
P df771251 0 0 32 546f1de0,7,8,0,0 5316a97d,7,12,0,0 7c752d7d,5,16,0,0 8f179d12,0,20,0,0 84ea66c9,5,24,0,0
P a22c51ac 0 0 80 12bbe2b,7,8,0,0 71f78169,7,12,0,0 cbc7aca0,7,16,0,0 2f93e058,7,20,0,0 3a1367cd,7,24,0,0 4991f61f,7,28,0,0 c9dfedd9,7,32,0,0 7608bf27,7,36,0,0 777babe0,7,40,0,0 73cb7c3,7,44,0,0 3bc1d362,7,48,0,0 cc5f870f,7,52,0,0 ba1cc7fb,7,56,0,0 e2cf56ad,7,60,0,0 82c905f9,7,64,0,0 4fdbc3e,7,68,0,0 678fcd70,7,72,0,0
P fea1fb7 0 0 24 8479ef09,7,8,0,0 9201f02b,7,12,0,0 41e3b346,7,16,0,0 8d50b3b3,7,20,0,0
P 99abc726 0 0 16 ac58b214,7,8,0,0
P 3dfe3442 0 0 40 c1923f22,0,8,0,0 27f2146a,7,12,0,0 a1f21029,0,16,0,0 894217c3,0,17,0,0 2e0c511,7,20,0,0 62dcb749,7,24,0,0 cd3a34c3,7,28,0,0 e2c1d6fc,7,32,0,0 b5aee4fb,7,36,0,0
P f553d153 0 0 16 7ddd15a8,e,8,0,d127f6e9 88163336,7,12,0,0
P f7c34ccd 0 0 912 acec22be,b,8,7,0 1833965f,e,16,0,d127f6e9 a0ff0a85,c,24,0,2d51d72b 3b9fa9c1,9,96,0,0 e7fce1fc,0,112,0,0 376ed267,7,116,0,0 85d056c0,7,120,0,0 d20d61ca,7,124,0,0 3f7e412,7,128,0,0 65d17085,7,132,0,0 bd07f639,7,136,0,0 9a42d4a8,7,140,0,0 598e4dee,7,144,0,0 c023c5fd,7,148,0,0 2b8186ca,7,152,0,0 d840df2d,7,156,0,0 ccfc9ba6,7,160,0,0 ede1cc89,7,164,0,0 ce3645f2,5,168,0,0 16c56417,5,172,0,0 aa98f08b,c,176,0,71700403 3ad8eb1e,c,216,0,71700403 16f96985,c,256,0,71700403 c9dfedd9,c,296,0,71700403 ca6d71d1,c,336,0,71700403 dcdade29,c,376,0,71700403 f9ebe7c6,c,416,0,71700403 38538d9e,c,456,0,71700403 d11dc1de,c,496,0,71700403 61b9257f,c,536,0,71700403 a62730fb,c,576,0,71700403 f3fc5cd9,c,616,0,71700403 ecea9740,c,656,0,71700403 f5ce7929,5,696,0,0 2c1a7631,5,700,0,0 38c51e93,5,704,0,0 226ec0ca,c,712,0,71700403 f6fd065,c,752,0,71700403 f42d4af,c,792,0,71700403 5613c425,c,832,0,71700403 1c681cdd,c,872,0,df771251
P 2d51d72b 0 0 64 19229f1b,0,8,0,0 7efaf529,7,12,0,0 a16a5701,0,16,0,0 cd06adbe,7,20,0,0 de2e4709,7,24,0,0 6f2077c1,7,28,0,0 8dba0894,7,32,0,0 46585afe,0,36,0,0 28497b51,7,40,0,0 5380dffc,7,44,0,0 f51fbab7,5,48,0,0 82c3352e,5,52,0,0 3d9834fa,0,56,0,0
P 706cc571 0 0 32 acec22be,b,8,8,0 f4e53011,9,16,0,0
P 392d80d3 0 0 1568 acec22be,b,8,7,0 ac61dbec,c,16,0,8416dcab a4abbcf,c,40,0,4b895669 4a59ff26,c,64,0,e373713 b0cbe174,c,144,0,a76d1305 7d4e9705,c,176,0,e374330a 4552aca8,c,232,0,e374330a 7fc5b014,c,288,0,e374330a c02c1075,c,344,0,e374330a 34a9fcf3,c,400,0,e374330a cb777455,c,456,0,e374330a 7ba8f8ac,0,512,0,0 23c32aa6,0,513,0,0 14af1f31,7,516,0,0 fa31ef98,0,520,0,0 7bf19025,7,524,0,0 dc7c29d0,7,528,0,0 fa923d8a,7,532,0,0 4bb424c5,7,536,0,0 6543eb6f,7,540,0,0 2d54c368,7,544,0,0 9bfa5450,5,548,0,0 92351116,5,552,0,0 6b57b28,5,556,0,0 854518d6,5,560,0,0 b72c5e85,c,568,0,71700403 ca6d71d1,c,608,0,71700403 f0de38fa,c,648,0,71700403 ecea9740,c,688,0,71700403 5487de9a,c,728,0,71700403 fd5c03e4,c,768,0,71700403 489c28aa,7,808,0,0 26ad6c33,c,816,0,62504236 225219eb,c,1256,0,71700403 aad26e1e,c,1296,0,71700403 a06af51c,c,1336,0,71700403 c278c321,c,1376,0,71700403 d74dc9b4,c,1416,0,71700403 1bec186b,c,1456,0,ed316be5
P 8416dcab 0 0 24 100,c,0,0,696b3585 efae1af1,d,8,0,0
P 4b895669 0 0 24 d99b206c,0,8,0,0 bfea7d5,7,12,0,0 678fc0b6,0,16,0,0 d2e0aeb2,7,20,0,0
P e373713 0 0 80 2ff8abf4,0,8,0,0 8ff178ba,9,16,0,0 d9207a1a,9,32,0,0 af8391fa,9,48,0,0 1489a048,7,64,0,0 f51fbab7,5,68,0,0
P a76d1305 0 0 32 cd06adbe,7,8,0,0 de2e4709,7,12,0,0 6f2077c1,7,16,0,0 8dba0894,7,20,0,0 3d9834fa,0,24,0,0
P e374330a 0 0 56 2ff8abf4,0,8,0,0 a16a5701,0,9,0,0 e7ec6b84,7,12,0,0 6603175d,7,16,0,0 c37f87c1,7,20,0,0 c20d70a5,7,24,0,0 3d9834fa,0,28,0,0 9d5fd287,0,29,0,0 62f66a54,0,30,0,0 ba5e7d76,0,31,0,0 f239614d,0,32,0,0 7487e40,0,33,0,0 c657e8c8,7,36,0,0 7548267e,7,40,0,0 cbece6be,7,44,0,0 82c3352e,5,48,0,0
P 62504236 0 0 440 6d413ef0,5,8,0,0 7a835a75,5,12,0,0 d66ca090,7,16,0,0 46075df0,7,20,0,0 3f43adff,7,24,0,0 d6f821b2,7,28,0,0 e1166ccf,7,32,0,0 26ad6c33,c,40,0,71700403 baeeda58,c,80,0,71700403 9ec98a8d,c,120,0,71700403 4e70d727,c,160,0,71700403 847ad95c,c,200,0,71700403 abb487e5,c,240,0,71700403 8c47a9ca,c,280,0,71700403 83f96c04,c,320,0,71700403 23cf0a28,c,360,0,71700403 c33fbd76,c,400,0,71700403
P 696b3585 0 0 736 e30a73b2,b,8,7,0 88d4cbd,0,12,0,0 a4abbcf,c,16,0,4b895669 413c85f5,0,40,0,0 7ba8f8ac,0,41,0,0 23c32aa6,0,42,0,0 d6fb99ea,7,44,0,0 4f7baf78,0,48,0,0 7fc5b014,c,56,0,e374330a 84f70bd6,0,112,0,0 c02c1075,c,120,0,e374330a c238727f,0,176,0,0 b0cbe174,c,184,0,a76d1305 8090077,0,216,0,0 fa923d8a,7,220,0,0 e8e733cc,0,224,0,0 4bb424c5,7,228,0,0 7d349490,c,232,0,e374330a 98aa1cb8,0,288,0,0 f0120683,0,289,0,0 26ad6c33,c,296,0,62504236
P d64284be 0 0 16 acec22be,b,8,8,0
P fec9af89 0 0 160 acec22be,b,8,7,0 118c008a,c,16,0,859a60c1 3af7a374,c,48,0,4860492d 5ee2aa34,c,96,0,8fade2ac bdcb9d29,c,112,0,7abaaf1a
P 859a60c1 0 0 24 6a527e9d,7,8,0,0 caf1ad39,7,12,0,0 ccc76b56,7,16,0,0
P 4860492d 0 0 48 769b5cd3,0,8,0,0 18d9a066,9,16,0,0 298fda55,9,32,0,0
P 8fade2ac 0 0 16 a5223073,7,8,0,0
P 7abaaf1a 0 0 48 769b5cd3,0,8,0,0 98704531,9,16,0,0 ffdba409,9,32,0,0
P 72e3bf2b 0 0 256 acec22be,b,8,7,0 50fc5d7b,7,16,0,0 4ce7aa00,7,20,0,0 f0fcee,5,24,0,0 4590cde,5,28,0,0 1cb7dee1,7,32,0,0 24b4e5c7,7,36,0,0 ccfc4966,7,40,0,0 95e94294,7,44,0,0 4fbf447a,7,48,0,0 682b3852,7,52,0,0 4f755faa,5,56,0,0 b810fe9c,5,60,0,0 350fb287,7,64,0,0 39e06a97,5,68,0,0 dc050b5,7,72,0,0 23fce5af,7,76,0,0 2409f7a5,7,80,0,0 36064b03,7,84,0,0 a5a3d26b,0,88,0,0 8797c1be,0,89,0,0 b72c5e85,c,96,0,71700403 ca84b94,c,136,0,71700403 d520837f,c,176,0,71700403 370b7b95,c,216,0,71700403
P 766bfe0b 0 0 400 acec22be,b,8,7,0 33f98fc2,e,16,0,d127f6e9 b0cbe174,c,24,0,2d51d72b 10a2a30c,9,96,0,0 dc7c29d0,7,112,0,0 b72c5e85,c,120,0,71700403 ba1cc7fb,c,160,0,71700403 e2cf56ad,c,200,0,71700403 82c905f9,c,240,0,71700403 ecea9740,c,280,0,71700403 fd1cd9c5,c,320,0,71700403 cb728fb0,c,360,0,71700403
P daa62311 0 0 344 acec22be,b,8,7,0 b8d4ce35,5,16,0,0 e7fd0113,5,20,0,0 ee01bf8f,0,24,0,0 a78d89a9,0,25,0,0 7d870a5d,7,28,0,0 7c7bf835,7,32,0,0 bb369e58,7,36,0,0 5e482800,7,40,0,0 d7ea5f66,6,44,0,0 9bf34331,6,48,0,0 8fe420f5,0,52,0,0 fd46702d,7,56,0,0 846ec556,7,60,0,0 cd03a4a6,5,64,0,0 1c844192,5,68,0,0 fdecf818,5,72,0,0 7a0b131,5,76,0,0 65823334,0,80,0,0 e4640500,0,81,0,0 2e4a0480,c,88,0,71700403 48592290,c,128,0,71700403 9cf38c60,c,168,0,71700403 225219eb,c,208,0,71700403 d8dacdee,c,248,0,d0121eeb
P d0121eeb 0 0 96 16a69051,7,8,0,0 bfe98502,7,12,0,0 37f62816,7,16,0,0 27fa99b9,7,20,0,0 87210cc1,7,24,0,0 da9c7112,7,28,0,0 f2d46699,7,32,0,0 56383f8a,7,36,0,0 60502e6a,7,40,0,0 629a50b3,7,44,0,0 52c68e0e,7,48,0,0 f521f66c,7,52,0,0 c9f46d73,7,56,0,0 7424e82d,7,60,0,0 664bc00,7,64,0,0 984956b2,7,68,0,0 e0a06fef,7,72,0,0 f2b11ce7,7,76,0,0 6015d36a,7,80,0,0 6d4afd3a,7,84,0,0 33c00032,7,88,0,0
P 53255f04 0 0 624 acec22be,b,8,7,0 b72c5e85,c,16,0,71700403 63b0fe85,c,56,0,71700403 ce438388,c,96,0,71700403 fc81bba,c,136,0,71700403 ca6d71d1,c,176,0,71700403 f7497733,c,216,0,71700403 3b45071,c,256,0,71700403 a2206548,c,296,0,71700403 c4363c95,c,336,0,71700403 ddc1c410,c,376,0,71700403 225219eb,c,416,0,71700403 ecea9740,c,456,0,71700403 5487de9a,c,496,0,71700403 53711b31,c,536,0,7b684afd eef791ba,c,568,0,7b684afd 8fb4bc0d,0,600,0,0 fc8bb09e,5,604,0,0 96325ba8,5,608,0,0 65b1336e,7,612,0,0 36754319,7,616,0,0 827bd1ae,7,620,0,0
P cbe6e10 0 0 24 acec22be,b,8,8,0 c830db8c,5,16,0,0 1489a048,5,20,0,0
P ef118b36 0 0 1112 acec22be,b,8,7,0 9297c03d,c,16,0,2d51d72b d70f844b,5,80,0,0 9c27f198,c,88,0,2d51d72b 7bfea380,5,152,0,0 59976168,5,156,0,0 b72c5e85,c,160,0,71700403 723a787c,c,200,0,71700403 d65492c,c,240,0,71700403 513d67b6,c,280,0,71700403 33615417,c,320,0,71700403 3e098276,c,360,0,71700403 1c8b896,c,400,0,71700403 3c9fbf15,c,440,0,71700403 99afb58e,c,480,0,71700403 cbcdeb61,c,520,0,71700403 d2a0832f,0,560,0,0 225219eb,c,568,0,71700403 fe41a896,c,608,0,ed316be5 90db2a48,c,712,0,df771251 214d892b,c,744,0,df771251 457cb7c5,7,776,0,0 e7ef5627,7,780,0,0 634fdb1f,7,784,0,0 34fc6707,7,788,0,0 ebd90794,0,792,0,0 8af9914e,5,796,0,0 e999b026,5,800,0,0 500468dc,c,808,0,71700403 832a6f2f,c,848,0,71700403 6b3e1125,c,888,0,71700403 d259965,2,928,0,0 eeac8e66,7,932,0,0 51dea0dc,7,936,0,0 a4ed1dc1,7,940,0,0 100,7,0,0,0 46cbe34a,d,944,4,150023 100,7,0,0,0 e3001e17,d,1028,4,140025
P eb13df94 0 0 40 acec22be,b,8,7,0 ccb10789,7,16,0,0 2aaa7374,7,20,0,0 11f68d7,5,24,0,0 9c387647,5,28,0,0 94c29bc3,5,32,0,0
P 1bc072f4 0 0 304 acec22be,b,8,7,0 530a1054,7,16,0,0 8d5cd253,7,20,0,0 b72c5e85,c,24,0,71700403 2de15db4,c,64,0,7b684afd fe41a896,c,96,0,ed316be5 2ebd4165,c,200,0,ed316be5
P 2ca5ba08 0 0 176 acec22be,b,8,7,0 b72c5e85,c,16,0,71700403 f0de38fa,c,56,0,71700403 225219eb,c,96,0,71700403 ecea9740,c,136,0,71700403
P a0c43561 0 0 288 acec22be,b,8,7,0 f32f7a17,0,16,0,0 c39ae44c,5,20,0,0 8499e143,0,24,0,0 b72c5e85,c,32,0,71700403 225219eb,c,72,0,71700403 ecea9740,c,112,0,71700403 100,c,0,0,6a4a65c3 9ff5823a,d,152,0,7 b10a08b0,c,168,0,71700403 c269ab6f,c,208,0,71700403 e8a8f7ed,c,248,0,71700403
P 6a4a65c3 0 0 56 2a0381fd,7,8,0,0 7087c1b3,0,12,0,0 241a3bb7,c,16,0,71700403
P 839ce960 0 0 272 acec22be,b,8,7,0 3a4ee377,7,16,0,0 a49bf1c1,7,20,0,0 8557f048,0,24,0,0 e0e025ff,7,28,0,0 cbd15f29,7,32,0,0 3efd253d,0,36,0,0 e697a126,7,40,0,0 51cd8286,7,44,0,0 100,7,0,0,0 92a59488,d,48,4,150009 76a305cc,c,136,0,8cc6dd1a b72c5e85,c,192,0,71700403 225219eb,c,232,0,71700403
P 8cc6dd1a 0 0 56 e8b85198,0,8,0,0 69c68c4c,7,12,0,0 db539fcc,7,16,0,0 3998741b,7,20,0,0 ca60f92d,7,24,0,0 ae6d494e,7,28,0,0 8ed429ba,7,32,0,0 476a5678,7,36,0,0 7e83a212,7,40,0,0 e1de1f70,7,44,0,0 98b98438,7,48,0,0
P 15c9f9f7 0 0 2304 acec22be,b,8,7,0 caf55e32,5,16,0,0 40477d84,5,20,0,0 779d367c,0,24,0,0 da747cfe,0,25,0,0 b20bf317,7,28,0,0 cce4b05f,7,32,0,0 5fc2e8f,e,36,0,d127f6e9 ed89ec2f,5,40,0,0 d8e74bbd,5,44,0,0 cbd20f66,5,48,0,0 270ad8c2,5,52,0,0 d7218db1,5,56,0,0 fe1adb9f,5,60,0,0 c472a9ac,5,64,0,0 8e07bd9b,5,68,0,0 b1803612,7,72,0,0 dfb5f8aa,7,76,0,0 e6d21de0,7,80,0,0 1415bebf,7,84,0,0 57aea069,7,88,0,0 54302d66,7,92,0,0 743b704d,7,96,0,0 77d9a90,0,100,0,0 2a4d4783,7,104,0,0 92e6a7b8,c,112,0,8ba18fd2 ec901420,7,144,0,0 ea81626,c,152,0,c766fd5 b67b5abc,c,352,0,3b6c8b1b eef99bb3,c,392,0,3b6c8b1b 1e650a10,c,432,0,3bb87028 db02440a,c,464,0,801b14b0 dc7c29d0,7,504,0,0 43404717,0,508,0,0 d4e23a42,5,512,0,0 e0b504ba,7,516,0,0 ef59d0f6,7,520,0,0 b61b5c9c,7,524,0,0 18dd8a9e,7,528,0,0 884c2e85,7,532,0,0 3eff8c8e,5,536,0,0 d2d8abc0,5,540,0,0 6a11409c,0,544,0,0 dd90fe2a,0,545,0,0 17488bc3,0,546,0,0 c2ff1329,5,548,0,0 29e285b5,5,552,0,0 ed9aa3d,0,556,0,0 be481beb,5,560,0,0 fe2ecd1,5,564,0,0 12d544e5,c,568,0,19fe5d4e 53711b31,c,2136,0,7b684afd 7703095,c,2168,0,ed316be5 d16191b4,c,2272,0,df771251
P 8ba18fd2 0 0 32 8e96bbba,7,8,0,0 bb0e650a,7,12,0,0 abdbbec,7,16,0,0 494149e1,7,20,0,0 3936b5ae,7,24,0,0 7d396da5,7,28,0,0
P c766fd5 0 0 200 530a24db,7,8,0,0 ec993fea,7,12,0,0 e4d35bf4,7,16,0,0 f4755d70,7,20,0,0 f23b472,7,24,0,0 9f931cb,7,28,0,0 efe93efd,7,32,0,0 6be530d0,7,36,0,0 3dbf317c,7,40,0,0 7b741123,7,44,0,0 bf33cd67,7,48,0,0 e404322d,7,52,0,0 d55d61ff,7,56,0,0 e0644dae,7,60,0,0 f2ab4038,7,64,0,0 bfc38668,7,68,0,0 3560f4d6,7,72,0,0 8f6aa585,7,76,0,0 373e5641,7,80,0,0 b6fb92c3,5,84,0,0 926c4b6a,5,88,0,0 f0010c0e,7,92,0,0 b534909e,7,96,0,0 100,e,0,0,d127f6e9 ba8d9a1f,f,100,0,200017 9fcd6df0,7,104,0,0 8269dd84,0,108,0,0 b5fef5c1,7,112,0,0 40ab9ed0,7,116,0,0 6d506d3e,0,120,0,0 b7e07a2f,7,124,0,0 64aedc23,7,128,0,0 8016992a,7,132,0,0 56b43e6a,7,136,0,0 3775fafa,7,140,0,0 ac6bb9b4,7,144,0,0 b3cfebb,7,148,0,0 fd7b6a53,7,152,0,0 af9a79f,7,156,0,0 d5bd9edc,c,160,0,be4c7f5c
P be4c7f5c 0 0 40 e4d35bf4,7,8,0,0 f4755d70,7,12,0,0 f23b472,7,16,0,0 9f931cb,7,20,0,0 efe93efd,7,24,0,0 6be530d0,7,28,0,0 3dbf317c,7,32,0,0 bf33cd67,7,36,0,0
P 3b6c8b1b 0 0 40 19229f1b,0,8,0,0 4700a01e,7,12,0,0 f8b61246,7,16,0,0 ee552f70,7,20,0,0 34ac889a,e,24,0,d127f6e9 813d9264,e,28,0,d127f6e9 67f98346,7,32,0,0 a885e99a,6,36,0,0
P 3bb87028 0 0 32 f891d209,7,8,0,0 42cb77e9,7,12,0,0 4d69310,7,16,0,0 1c40b9ee,7,20,0,0 7e777334,7,24,0,0
P 801b14b0 0 0 40 70e89f53,5,8,0,0 9ebc5c49,5,12,0,0 d51801f4,7,16,0,0 b2f8802f,7,20,0,0 718c0067,7,24,0,0 c7364cd5,7,28,0,0 7a75ae01,7,32,0,0
P 19fe5d4e 0 0 1568 ca84b94,c,8,0,71700403 af8e2c77,c,48,0,71700403 e5e2af1c,c,88,0,71700403 46f9c6c8,c,128,0,71700403 db2a2049,c,168,0,71700403 82c905f9,c,208,0,71700403 1c809ae2,c,248,0,71700403 2fb08c71,c,288,0,71700403 1aed84e6,c,328,0,71700403 f49838a,c,368,0,71700403 b30c7823,c,408,0,71700403 9f799639,c,448,0,71700403 db02440a,c,488,0,71700403 d05643b1,c,528,0,71700403 c25dc0f0,c,568,0,71700403 47b910fc,c,608,0,71700403 fc81bba,c,648,0,71700403 f7497733,c,688,0,71700403 3b45071,c,728,0,71700403 d69ba895,c,768,0,71700403 5e8f1b02,c,808,0,71700403 ca6d71d1,c,848,0,71700403 92e6a7b8,c,888,0,71700403 6fe5fd97,c,928,0,71700403 2c70de5b,c,968,0,71700403 b8f847f1,c,1008,0,71700403 67bebb00,c,1048,0,71700403 775b88b6,c,1088,0,71700403 f3fc5cd9,c,1128,0,71700403 4322b4ce,c,1168,0,71700403 e35b4677,c,1208,0,71700403 d4d92e1a,c,1248,0,71700403 eb63c9d,c,1288,0,71700403 b68a69c8,c,1328,0,71700403 d11dc1de,c,1368,0,71700403 c4363c95,c,1408,0,71700403 ddc1c410,c,1448,0,71700403 b729b772,c,1488,0,71700403 663dea9,c,1528,0,71700403
P 68e5827c 0 0 40 acec22be,b,8,7,0 100,b,0,7,0 100,c,0,0,9b9b7075 8a295d02,10,16,1,10002
P 9b9b7075 0 0 176 f8779dd8,5,8,0,0 853be1a7,5,12,0,0 fd18d465,7,16,0,0 b72c5e85,c,24,0,71700403 225219eb,c,64,0,71700403 1d80921a,c,104,0,71700403 7703095,c,144,0,df771251
P 29c9de27 0 0 232 acec22be,b,8,7,0 530a1054,7,16,0,0 8d5cd253,7,20,0,0 863137cf,7,24,0,0 930a9c15,7,28,0,0 ec4299f2,7,32,0,0 9d6b7916,7,36,0,0 9c98bac,7,40,0,0 b091a91a,7,44,0,0 aa28e740,7,48,0,0 8c8b3722,7,52,0,0 f9263e12,7,56,0,0 c1470c8d,7,60,0,0 11fe9c60,7,64,0,0 ee31a6d6,7,68,0,0 fd10d568,5,72,0,0 5dea7321,c,80,0,4b895669 d9cf7041,c,104,0,4b895669 d7bade09,c,128,0,4b895669 b72c5e85,c,152,0,71700403 225219eb,c,192,0,71700403
P f5139e76 0 0 168 acec22be,b,8,7,0 995d292d,c,16,0,99c2ce17 96255d43,c,48,0,99c2ce17 9c5384db,c,80,0,99c2ce17 cafb2900,c,112,0,a1d4bcf5 d08b36bb,7,160,0,0 bc8b072b,7,164,0,0
P 99c2ce17 0 0 32 4b9b5d0,7,8,0,0 acf61642,7,12,0,0 1d7402d6,7,16,0,0 26b6fbb6,7,20,0,0 e863c068,7,24,0,0 1db0ab05,7,28,0,0
P a1d4bcf5 0 0 48 29da5691,7,8,0,0 b8b52799,7,12,0,0 2579080a,7,16,0,0 f0fbd1b9,7,20,0,0 b727446e,7,24,0,0 ba10fee6,7,28,0,0 db56827b,7,32,0,0 d02bc50d,7,36,0,0 cdee245c,7,40,0,0 27979c1a,7,44,0,0
P e058eedb 0 0 992 acec22be,b,8,7,0 97b86f12,c,16,0,b0e844d3 b4921c87,c,48,0,aa6e4c18 432d9dcc,7,64,0,0 52c2537,7,68,0,0 92192bbc,7,72,0,0 5dfcf505,7,76,0,0 7d6e5d5d,7,80,0,0 d77de418,7,84,0,0 e059eceb,7,88,0,0 bf729f19,7,92,0,0 23c50f3d,7,96,0,0 50ab93b2,7,100,0,0 1917a48f,7,104,0,0 db970bbb,7,108,0,0 9cfe82c,7,112,0,0 d554fadd,7,116,0,0 50907d47,7,120,0,0 4a002e1a,7,124,0,0 1390c4e7,7,128,0,0 eddae55d,7,132,0,0 6ae1724a,7,136,0,0 602f54d6,7,140,0,0 df516ea1,7,144,0,0 ef95d32c,7,148,0,0 73045128,7,152,0,0 a17a477c,7,156,0,0 f00ad4bb,7,160,0,0 cc5e3a23,7,164,0,0 f8efda0a,7,168,0,0 92f18a2c,7,172,0,0 45d9678f,7,176,0,0 7db85406,6,180,0,0 eaf8c5bb,6,184,0,0 216ad81f,b,188,7,0 626bc507,0,192,0,0 100,c,0,0,84a40198 e4381582,d,200,1,40024 100,c,0,0,45aae942 3a42ba8e,d,336,1,80026 f90c3d7d,7,984,0,0 5640986a,7,988,0,0
P b0e844d3 0 0 32 5475dc80,7,8,0,0 59d624a2,7,12,0,0 821ed462,7,16,0,0 4403062c,7,20,0,0 3c72ec69,7,24,0,0
P aa6e4c18 0 0 16 90a75da9,7,8,0,0 924e72ca,6,12,0,0
P 84a40198 0 0 32 dadf5cf5,7,8,0,0 6ff2d0fa,7,12,0,0 aedb5c51,7,16,0,0 3f8a3faa,7,20,0,0 23a2e212,7,24,0,0 89303248,7,28,0,0
P 45aae942 0 0 80 acec22be,b,8,7,0 3eaedf84,7,12,0,0 60d99618,7,16,0,0 11dc0d1b,7,20,0,0 458de39a,7,24,0,0 72b06d9c,7,28,0,0 d70675fb,7,32,0,0 638feff6,7,36,0,0 3c4a6522,7,40,0,0 ebc556f6,7,44,0,0 15126f31,7,48,0,0 8578ee4d,7,52,0,0 dc929809,7,56,0,0 bd0ce7b5,7,60,0,0 15296445,7,64,0,0 4f5cd3e9,7,68,0,0 93c814a9,7,72,0,0 b5acde69,7,76,0,0
P 7131d9c0 0 0 56 acec22be,b,8,7,0 15e69788,7,16,0,0 96d55a9d,7,20,0,0 37c7ad23,7,24,0,0 3524c7b7,7,28,0,0 ace6bef0,7,32,0,0 4a37b79c,7,36,0,0 282d7049,7,40,0,0 993c2bca,7,44,0,0 8bcc0589,0,48,0,0
P 748b42c9 0 0 3776 acec22be,b,8,7,0 3e595010,7,16,0,0 37285f2f,7,20,0,0 6e017d16,7,24,0,0 51a7b5de,7,28,0,0 422326c9,7,32,0,0 d9a9ec61,7,36,0,0 2964a4cb,6,40,0,0 aeb13366,0,44,0,0 e1871a3e,0,45,0,0 bfaf9f0a,0,46,0,0 b2911971,0,47,0,0 8545d895,0,48,0,0 ce63628,0,49,0,0 c6cd5b3,0,50,0,0 38b1e9d6,0,51,0,0 71cf3eaa,0,52,0,0 12ccd0df,0,53,0,0 e5a8ab3c,0,54,0,0 a926bea7,0,55,0,0 6accf340,0,56,0,0 416a1500,c,64,0,43a825a6 b9043d57,c,528,0,43a825a6 a97b7b66,c,992,0,43a825a6 37a6478a,c,1456,0,43a825a6 3ea988ff,c,1920,0,43a825a6 6614fdc8,c,2384,0,43a825a6 e0b1b59e,c,2848,0,43a825a6 5fa8302d,c,3312,0,43a825a6
P 43a825a6 0 0 464 fe25433b,e,8,0,fe25433b df177227,0,12,0,0 af5bec83,0,13,0,0 9efdd828,0,14,0,0 bb23214d,0,15,0,0 57d0445d,0,16,0,0 11bc557c,0,17,0,0 6c32aece,0,18,0,0 485cfb31,0,19,0,0 b4c6f688,0,20,0,0 a8f2f652,0,21,0,0 dd04f631,0,22,0,0 ea16485d,7,24,0,0 54e1f8c5,7,28,0,0 1d7e3807,7,32,0,0 489451e0,7,36,0,0 158ebf38,7,40,0,0 c32ec152,7,44,0,0 9ae81419,7,48,0,0 781d45d4,7,52,0,0 4c4bf346,7,56,0,0 531959a2,7,60,0,0 e1e64a23,7,64,0,0 df966dfb,7,68,0,0 cb8c3ce3,7,72,0,0 d59ce3e8,7,76,0,0 89940387,7,80,0,0 fc4466ad,7,84,0,0 f344c3b6,7,88,0,0 af9d3223,7,92,0,0 cdd67759,7,96,0,0 49a79c46,7,100,0,0 b45609f6,7,104,0,0 95a03900,7,108,0,0 73b14cce,7,112,0,0 cb5c1992,7,116,0,0 77f02b6f,7,120,0,0 62542f8d,7,124,0,0 d2ff6bb3,7,128,0,0 8c89b39a,7,132,0,0 63093ede,7,136,0,0 8496f6f9,7,140,0,0 4fe69590,7,144,0,0 3d8555a,7,148,0,0 a776a7eb,7,152,0,0 a88ede9a,7,156,0,0 80500cf1,7,160,0,0 8010697,7,164,0,0 418d6077,7,168,0,0 1e220b91,7,172,0,0 d9843b27,7,176,0,0 53adda23,7,180,0,0 d3d3ecba,7,184,0,0 15009ca2,7,188,0,0 429cebf2,7,192,0,0 f275bdcb,7,196,0,0 7e9a18da,7,200,0,0 cca05718,7,204,0,0 812be944,7,208,0,0 9cfdf3d9,7,212,0,0 3dc2540f,7,216,0,0 a05066c0,7,220,0,0 c3a73890,7,224,0,0 8f84101f,7,228,0,0 91ad89e5,7,232,0,0 9fbba07a,7,236,0,0 2dbed8df,7,240,0,0 110cada0,7,244,0,0 663c6d47,7,248,0,0 47cbb12d,7,252,0,0 ac808622,7,256,0,0 75cfae23,7,260,0,0 36fc7a39,7,264,0,0 ea07e299,7,268,0,0 1d635155,7,272,0,0 97f87162,7,276,0,0 745b1264,6,280,0,0 a55b9c23,6,284,0,0 ebdeee3c,7,288,0,0 e27a2345,7,292,0,0 100,c,0,0,84714063 f55a4962,d,296,1,40050 17471526,c,432,0,84714063
P 84714063 0 0 32 acec22be,b,8,7,0 100,c,0,0,24457a0a 53aaa037,d,16,0,1
P 24457a0a 0 0 24 204a3a03,7,8,0,0 8d632d40,7,12,0,0 9fcb249b,7,16,0,0
P c52f657f 0 0 96 acec22be,b,8,7,0 c3c85712,0,16,0,0 769b5cd3,0,17,0,0 66f99adf,0,18,0,0 5aa19f9,7,20,0,0 d44f8425,7,24,0,0 100,c,0,0,760e4e0b 806660d2,d,32,0,6 100,c,0,0,a6598018 f52c9b93,d,48,0,8 47a03a91,0,64,0,0 752d6d31,5,68,0,0 92d33535,5,72,0,0 d38dc26d,5,76,0,0 63ec3644,5,80,0,0 65179088,b,84,7,0 97f29522,b,88,7,0
P 760e4e0b 0 0 24 ab4961bd,b,8,7,0 8bf2e24b,7,12,0,0 a95b9374,7,16,0,0 17adbfa2,7,20,0,0
P a6598018 0 0 16 2f25388e,b,8,7,0 806660d2,e,12,0,e27bd161
P 9a30b1f2 0 0 24 acec22be,b,8,7,0 cb7893f6,7,16,0,0
P 6443d49f 0 0 24 acec22be,b,8,7,0 6cf85876,0,16,0,0
P 1aecaa9b 0 0 40 acec22be,b,8,7,0 3ff1c03,c,16,0,2313d2ae c3c37111,7,32,0,0 5c598564,7,36,0,0
P 2313d2ae 0 0 16 769b5cd3,0,8,0,0 fa313b4b,0,9,0,0 a4207555,0,10,0,0 b4475960,0,11,0,0
P 8f2fc34 0 0 40 acec22be,b,8,7,0 a498b20,7,16,0,0 c4299289,7,20,0,0 505e4d05,7,24,0,0 1bc78c53,7,28,0,0 83dd58a0,7,32,0,0 83fad8a6,7,36,0,0
P ae9a31b5 0 0 136 acec22be,b,8,7,0 b16f1f79,0,16,0,0 ae4888f5,0,17,0,0 3980e12d,7,20,0,0 9a50f918,7,24,0,0 e5594169,7,28,0,0 adc8ff5,7,32,0,0 d04c6a90,7,36,0,0 34e1a2a,7,40,0,0 44efba1d,7,44,0,0 a9e43bb9,7,48,0,0 f8b0dd81,7,52,0,0 36a336a6,7,56,0,0 6291a02f,7,60,0,0 832f9801,7,64,0,0 7403e6bd,7,68,0,0 54cb6a12,7,72,0,0 f8b9176e,7,76,0,0 963c3d77,7,80,0,0 5212df58,7,84,0,0 cfd83601,7,88,0,0 c2c887df,7,92,0,0 7a2acb8d,7,96,0,0 4c19d9a1,7,100,0,0 d7612a4,7,104,0,0 e5fa20e9,7,108,0,0 8d6069,7,112,0,0 349edd56,7,116,0,0 385ace3a,7,120,0,0 3632b103,7,124,0,0 135fddd7,5,128,0,0 f1243ddd,0,132,0,0
P fbbc901a 0 0 56 acec22be,b,8,7,0 5dd52779,7,16,0,0 a6519192,7,20,0,0 979f616c,7,24,0,0 c5944208,7,28,0,0 d35c79f9,7,32,0,0 6c54cc0c,7,36,0,0 5e1a04d6,7,40,0,0 22ee85d1,7,44,0,0 c65ee6ae,6,48,0,0
P 25bc05b3 0 0 32 acec22be,b,8,7,0 b44b46d0,7,16,0,0 baf7efdb,7,20,0,0 8d08be3b,7,24,0,0 8c01853a,7,28,0,0
P c4bf53a 0 0 24 acec22be,b,8,7,0 9752bc9f,7,16,0,0 15fdce6c,7,20,0,0
P e767d6ba 0 0 24 acec22be,b,8,7,0 3d0c8bf5,7,16,0,0
P 708b0db3 0 0 24 acec22be,b,8,7,0 36e05689,0,16,0,0
P 56c7d3d0 0 0 56 acec22be,b,8,7,0 333fe88b,7,16,0,0 add302e4,7,20,0,0 bd34e12,0,24,0,0 c33fb5e9,7,28,0,0 c5ecbf5f,7,32,0,0 79069335,7,36,0,0 49ea08a4,7,40,0,0 44d67b05,7,44,0,0 9e2d505a,7,48,0,0 5109ea90,7,52,0,0
P 452bd81d 0 0 16 acec22be,b,8,7,0
P 662b1d96 0 0 32 acec22be,b,8,7,0 6bf8d71c,7,16,0,0 48a26bc3,7,20,0,0 794277ef,7,24,0,0
P 7a678d1d 0 0 24 acec22be,b,8,7,0 6f9bcda3,7,16,0,0 48a26bc3,7,20,0,0
P 9f111b62 0 0 32 acec22be,b,8,7,0 52329861,7,16,0,0 267a665,7,20,0,0 b330f3a3,7,24,0,0
P d8a661d3 0 0 48 acec22be,b,8,7,0 d7eb748f,7,16,0,0 e606ec14,7,20,0,0 2fde0b85,7,24,0,0 8befe42b,7,28,0,0 3fdd4774,7,32,0,0 55dc7a37,7,36,0,0 63932148,7,40,0,0 c6acb7fd,7,44,0,0
P eaa28efe 0 0 80 acec22be,b,8,7,0 65bb6184,7,16,0,0 a25a8578,7,20,0,0 30f94671,7,24,0,0 dce51d5c,7,28,0,0 68ba5796,7,32,0,0 661c2e37,7,36,0,0 20d8a94b,7,40,0,0 928a9c1a,7,44,0,0 7d0699b3,7,48,0,0 4fd7f0bd,7,52,0,0 7b7b9f4b,7,56,0,0 a174fb76,6,60,0,0 8e350e34,7,64,0,0 7604c01b,7,68,0,0 d126be57,7,72,0,0 f00048d9,7,76,0,0
P f7f0a7c3 0 0 40 acec22be,b,8,7,0 be5f6921,7,16,0,0 49b85695,7,20,0,0 b631e945,7,24,0,0 a4693596,7,28,0,0 55dba51f,7,32,0,0 13eefded,7,36,0,0
P 5ad7ae11 0 0 48 acec22be,b,8,7,0 d7054a39,7,16,0,0 870ace59,7,20,0,0 e7f7cc74,7,24,0,0 89309489,7,28,0,0 3bcb1445,7,32,0,0 485bc91e,7,36,0,0 98f71d4,7,40,0,0
P 54b433fd 0 0 56 acec22be,b,8,7,0 6f91fd00,7,16,0,0 dbf558d0,7,20,0,0 c99b1858,7,24,0,0 2e7ed296,7,28,0,0 f52081b7,7,32,0,0 6ebf6dd2,7,36,0,0 9591985c,7,40,0,0 9a805379,7,44,0,0 cac8b95a,7,48,0,0 d39a32ad,7,52,0,0
P 57aae041 0 0 24 acec22be,b,8,7,0 dc4a02a7,7,16,0,0 12e89203,7,20,0,0
P a294189b 0 0 40 acec22be,b,8,7,0 8befe42b,7,16,0,0 55dc7a37,7,20,0,0 9b1ece6,7,24,0,0 a5d6171a,6,28,0,0 7b32ca00,6,32,0,0
P 57d72eb6 0 0 24 acec22be,b,8,7,0 95bac9f,7,16,0,0
P 89ff7b45 0 0 48 acec22be,b,8,7,0 3ff1c03,c,16,0,31f3b2cc a5223073,7,32,0,0 4a01ff1c,7,36,0,0 75f4ac3f,7,40,0,0
P 31f3b2cc 0 0 16 769b5cd3,0,8,0,0 b67443c0,0,9,0,0
P 823498cf 0 0 16 acec22be,b,8,7,0
P 65c9fcc9 0 0 16 acec22be,b,8,7,0
P 43daffa9 0 0 56 acec22be,b,8,7,0 2c75b30c,7,16,0,0 30d20080,7,20,0,0 4a8497f9,7,24,0,0 2b13992e,7,28,0,0 224c9a56,5,32,0,0 cb906495,6,36,0,0 34b39f8f,6,40,0,0 10c251a8,6,44,0,0 7da74598,6,48,0,0 d44e8b3d,4,52,0,0 3398d5da,4,54,0,0
P 2a37e12 0 0 32 acec22be,b,8,7,0 3053277b,7,16,0,0 6ac9c7b9,7,20,0,0 8921c4b4,7,24,0,0
P 1a80849 0 0 64 acec22be,b,8,7,0 a248067e,6,16,0,0 31724ed4,7,20,0,0 63be7ae3,7,24,0,0 24ed41bb,7,28,0,0 6f31b5f9,6,32,0,0 cce8a684,7,36,0,0 daa7b75e,7,40,0,0 75327cc5,6,44,0,0 fb5a899,6,48,0,0 73e0af9f,6,52,0,0 876390dc,6,56,0,0
P ff824a3f 0 0 152 acec22be,b,8,7,0 26e0157b,7,16,0,0 ce89a5ac,7,20,0,0 15cf13ef,7,24,0,0 2efe8adf,7,28,0,0 1781accb,7,32,0,0 661181ff,7,36,0,0 5b57401f,7,40,0,0 7a7df572,7,44,0,0 ffc170bb,7,48,0,0 297b0ffe,7,52,0,0 43bb33ed,7,56,0,0 991f0d6e,7,60,0,0 9194847b,7,64,0,0 34b33282,7,68,0,0 32c51fc7,7,72,0,0 4ee68d,7,76,0,0 2654269e,7,80,0,0 ada5c6cd,7,84,0,0 d8e249e6,7,88,0,0 b83b998d,7,92,0,0 d7270e52,7,96,0,0 f39d9498,7,100,0,0 6c99c6c9,7,104,0,0 4639710d,7,108,0,0 5f28f6bf,7,112,0,0 cdc46e05,7,116,0,0 e4a722fc,7,120,0,0 29b4b499,7,124,0,0 2f1bb460,7,128,0,0 7c92e9d4,7,132,0,0 63552132,5,136,0,0 1c1ae438,5,140,0,0 8558097b,1,144,0,0
P 41e4dab4 0 0 72 acec22be,b,8,7,0 95bac9f,7,16,0,0 7e13c277,7,20,0,0 a0166348,7,24,0,0 a01b6729,7,28,0,0 8fa06d9e,7,32,0,0 ea98cc39,7,36,0,0 16179865,7,40,0,0 aeb50ffb,7,44,0,0 c1b5e826,7,48,0,0 42aec456,7,52,0,0 595b834e,7,56,0,0 1940166,7,60,0,0 4aa4578a,4,64,0,0
P f9547431 0 0 40 acec22be,b,8,7,0 6b40be70,7,16,0,0 3c39b8e7,7,20,0,0 ff95a1cd,7,24,0,0 83dc4231,7,28,0,0 c9bcac4a,6,32,0,0
P 5dc20934 0 0 56 acec22be,b,8,7,0 9acd1fe5,7,16,0,0 185353af,7,20,0,0 3f278938,7,24,0,0 32867fbc,7,28,0,0 b6f10b56,7,32,0,0 d8f7ec55,7,36,0,0 c14c731b,7,40,0,0 28ba767d,7,44,0,0 1f6e0529,7,48,0,0
P 5370a5fc 0 0 56 acec22be,b,8,7,0 e407de78,7,16,0,0 28d172f1,7,20,0,0 556f56c4,7,24,0,0 510482d3,7,28,0,0 9e3c9495,7,32,0,0 54f2cf5f,7,36,0,0 fb6da335,7,40,0,0 12361e62,7,44,0,0 241e8c83,6,48,0,0
P 6496c43a 0 0 24 acec22be,b,8,7,0 c14c731b,7,16,0,0 28ba767d,7,20,0,0
P 9ac5a62 0 0 40 acec22be,b,8,7,0 e8cbb39f,7,16,0,0 888299d,7,20,0,0 1d37866c,7,24,0,0 ac6dcbfe,7,28,0,0 d7b3b5fa,7,32,0,0 d3eab776,7,36,0,0
P 55a575c7 0 0 32 acec22be,b,8,7,0 357e918c,6,16,0,0 67842b5e,6,20,0,0 cdb1df48,6,24,0,0 7af35b62,6,28,0,0
P a03e11f2 0 0 224 acec22be,b,8,7,0 fae5b472,7,16,0,0 87706713,7,20,0,0 9e116381,7,24,0,0 110aec1,7,28,0,0 4c917a57,7,32,0,0 2d57f6c3,7,36,0,0 9e093541,7,40,0,0 820174ec,7,44,0,0 9a90b4c,7,48,0,0 b1822cad,7,52,0,0 4cc31ee2,7,56,0,0 bde84f5,7,60,0,0 b3752442,7,64,0,0 1950bbeb,7,68,0,0 fe10ce69,7,72,0,0 e610085c,7,76,0,0 eaca6c83,7,80,0,0 1053287d,7,84,0,0 45bbe4fe,7,88,0,0 b7e09b80,7,92,0,0 72d0f01a,7,96,0,0 897dad6d,7,100,0,0 ee8f6326,7,104,0,0 ea237682,7,108,0,0 c9b5bae4,7,112,0,0 1acdcc2f,7,116,0,0 386dca62,7,120,0,0 812fa3ea,7,124,0,0 73b70c36,7,128,0,0 4d3974be,7,132,0,0 af167c70,7,136,0,0 bcfb9ef1,7,140,0,0 6b9a810b,7,144,0,0 21a45f94,7,148,0,0 ad43e828,7,152,0,0 2bd9476c,7,156,0,0 892203b,7,160,0,0 9ad292b3,7,164,0,0 6b46c546,6,168,0,0 60a7033c,6,172,0,0 70551000,b,176,7,0 51c90a94,b,180,7,0 9f581bdd,5,184,0,0 59d8eea1,e,188,0,59d8eea1 da6fe509,0,192,0,0 3d6565a8,0,193,0,0 bfa76d6a,0,194,0,0 17119399,0,195,0,0 4decdbc7,0,196,0,0 d7440d56,0,197,0,0 558823e9,0,198,0,0 571d0a1a,0,199,0,0 ecde6260,0,200,0,0 8998a9b,0,201,0,0 f0837aed,0,202,0,0 597e8831,0,203,0,0 b9d939e9,0,204,0,0 e433f398,e,208,0,6bde35c8 89a96d71,0,212,0,0 5bf4615a,0,213,0,0 ae4cd994,0,214,0,0 e47e6624,0,215,0,0 8f4b25aa,0,216,0,0 186fc68d,0,217,0,0
P 532af99a 0 0 88 acec22be,b,8,7,0 177c5110,c,16,0,8b93b20d 23fc4864,c,48,0,a9c7d61
P 8b93b20d 0 0 32 dbd7ccf,b,8,7,0 a61ff8de,b,12,7,0 100,c,0,0,41460e33 40b6e5b9,d,16,0,2
P a9c7d61 0 0 40 a436b07e,b,8,7,0 dc55681e,b,12,7,0 f0140f9b,b,16,7,0 ef73c74d,b,20,7,0 cf9627d2,b,24,7,0 20e0ca66,b,28,7,0 a929bb11,7,32,0,0
P 41460e33 0 0 24 dbd7ccf,b,8,7,0 bce70628,0,12,0,0 ccb2c288,7,16,0,0
P 993778f4 0 0 24 acec22be,b,8,7,0 21a45f94,7,16,0,0 ad43e828,7,20,0,0
P 48bc6cf9 0 0 72 acec22be,b,8,7,0 4e7c93e0,7,16,0,0 a5223073,7,20,0,0 7c3ee7d0,7,24,0,0 bad7e,7,28,0,0 39ae1eff,7,32,0,0 a1d16806,7,36,0,0 33605f8f,7,40,0,0 8fa83d6e,7,44,0,0 22885dff,7,48,0,0 4532b28,7,52,0,0 7c5f2bd1,7,56,0,0 673a58fe,7,60,0,0 61ad9126,5,64,0,0
P 9d6a55a0 0 0 56 acec22be,b,8,7,0 c6af730e,c,16,0,32b15b8f 6c2f51a2,5,48,0,0
P 32b15b8f 0 0 32 4fcfda55,7,8,0,0 54a47090,7,12,0,0 9d34753d,7,16,0,0 f92c89fe,7,20,0,0 704332c7,7,24,0,0 b1a44f06,7,28,0,0
P b56300fd 0 0 56 acec22be,b,8,7,0 fc52c945,7,16,0,0 694654b,7,20,0,0 7ea55ba6,7,24,0,0 b1408a69,7,28,0,0 39ae1eff,7,32,0,0 a1d16806,7,36,0,0 6c27fb57,7,40,0,0 8fa83d6e,7,44,0,0 61ad9126,5,48,0,0
P 5439649c 0 0 80 acec22be,b,8,7,0 5dbbf65b,c,16,0,4e19900b 3ff1c03,c,40,0,4955a457 d3f36b93,7,64,0,0 e366f44a,7,68,0,0 5d94ea01,7,72,0,0 769b5cd3,0,76,0,0
P 4e19900b 0 0 24 4090f78e,7,8,0,0 ca13e672,7,12,0,0 290f5567,7,16,0,0 5d3bdbbf,7,20,0,0
P 4955a457 0 0 24 769b5cd3,0,8,0,0 b5fc2254,0,9,0,0 886cffcf,0,10,0,0 c928991,0,11,0,0 28af8229,0,12,0,0 2c566e00,0,13,0,0 f036f413,0,14,0,0 dd143c01,0,15,0,0 da596fe4,0,16,0,0 dca92529,0,17,0,0 2b69c460,0,18,0,0
P ee4f6cd3 0 0 24 acec22be,b,8,7,0 50bd2b58,7,16,0,0
P 38662600 0 0 80 acec22be,b,8,7,0 b85f8583,7,16,0,0 dede6a17,7,20,0,0 bb231963,7,24,0,0 84e9bd43,7,28,0,0 dd8e3a21,7,32,0,0 5e031502,7,36,0,0 f40a2325,7,40,0,0 484c04eb,7,44,0,0 2bef3129,7,48,0,0 72462961,7,52,0,0 37c7c0ad,7,56,0,0 404ae89,7,60,0,0 a1c19266,7,64,0,0 db8099e0,7,68,0,0 47458322,7,72,0,0 b07f0554,7,76,0,0
P 9afa0923 0 0 128 acec22be,b,8,7,0 73486351,c,16,0,ed8b4aa3 3ff1c03,c,56,0,3b8f8535 1c44c835,7,72,0,0 dd8e3a21,7,76,0,0 5e031502,7,80,0,0 a95e9147,7,84,0,0 ff67895e,7,88,0,0 7c5469cf,7,92,0,0 782db6dd,7,96,0,0 a057cc96,7,100,0,0 ada47b11,7,104,0,0 5a41677d,7,108,0,0 7b6219e6,7,112,0,0 9d1365dc,7,116,0,0 fb7a22ec,7,120,0,0
P ed8b4aa3 0 0 40 9629054c,c,8,0,704a69d2
P 704a69d2 0 0 32 8595cf50,7,8,0,0 e7375d48,7,12,0,0 f79c525e,7,16,0,0 509636fd,7,20,0,0 3a3c552e,7,24,0,0
P 3b8f8535 0 0 16 769b5cd3,0,8,0,0 cf036ce,0,9,0,0 b54626cc,0,10,0,0 aec60d28,0,11,0,0 5ba3e9f8,0,12,0,0
P 6a46bb17 0 0 64 acec22be,b,8,7,0 6869b47d,7,16,0,0 4fe4b2e9,7,20,0,0 51a2a2f8,7,24,0,0 c37fa34c,7,28,0,0 692f0d8,7,32,0,0 8cc5f5b2,7,36,0,0 6a7f5afd,7,40,0,0 5e358808,7,44,0,0 6cafa0a5,7,48,0,0 ebaf682d,7,52,0,0 e10e477f,7,56,0,0
P be7d004d 0 0 24 acec22be,b,8,7,0 95ed9d28,7,16,0,0
P bae5904 0 0 48 acec22be,b,8,7,0 6ccdd2df,7,16,0,0 b1bd66a9,7,20,0,0 71b5ae16,7,24,0,0 886b3a02,7,28,0,0 41497319,7,32,0,0 c4e02239,7,36,0,0 be1a32b1,7,40,0,0 bc9efbb3,7,44,0,0
P b8d0870d 0 0 32 acec22be,b,8,7,0 13b437d7,7,16,0,0 d7d080aa,7,20,0,0 9fbb47a4,7,24,0,0
P 7fd5648c 0 0 64 acec22be,b,8,7,0 d5e05dbe,7,16,0,0 d6eb2561,e,20,0,34f327b9 a07d6a1,7,24,0,0 e00ccb08,7,28,0,0 6669fc25,e,32,0,7a85c224 5d78f4d1,7,36,0,0 3d865b9,7,40,0,0 95bdfd4f,e,44,0,c91bb44a c24d045e,7,48,0,0 63e98e3a,7,52,0,0 44a9de72,e,56,0,ee7e5096
P 40824e8f 0 0 24 acec22be,b,8,7,0 b6ee8f7,7,16,0,0
P ec30ba17 0 0 24 acec22be,b,8,7,0 a3824dd7,7,16,0,0
P 1231fcf7 0 0 104 acec22be,b,8,7,0 a45e90,7,16,0,0 b8ded3d7,7,20,0,0 d8fcdcd0,7,24,0,0 912b2122,7,28,0,0 59e23da,7,32,0,0 b91ff495,7,36,0,0 12cf9c0c,7,40,0,0 f114457,7,44,0,0 2b358730,7,48,0,0 5ef28b77,7,52,0,0 4e9f3622,7,56,0,0 b56257b0,7,60,0,0 94a30970,7,64,0,0 66980531,7,68,0,0 2ab8bf9,7,72,0,0 1b9482d4,7,76,0,0 1e52ec85,7,80,0,0 8957f17c,7,84,0,0 e7bb4f16,7,88,0,0 f3cd6b9f,7,92,0,0 8d56899b,7,96,0,0 3c8f4c3b,7,100,0,0
P 6fbd3424 0 0 32 acec22be,b,8,7,0 eb13eae6,7,16,0,0 96a0a5a,7,20,0,0 53387c08,7,24,0,0
P 1e1e7632 0 0 152 acec22be,b,8,7,0 817457db,7,16,0,0 cdeea98c,7,20,0,0 84b978b,7,24,0,0 8e21fc63,7,28,0,0 847b2616,7,32,0,0 30917e3c,7,36,0,0 279e6c52,7,40,0,0 36f5d92d,7,44,0,0 51798e38,7,48,0,0 c2ac70a4,7,52,0,0 9968986c,7,56,0,0 3a1059b5,7,60,0,0 1f87249f,7,64,0,0 ff28e059,7,68,0,0 c8b1ef14,7,72,0,0 16098d00,7,76,0,0 79d018f9,7,80,0,0 5430ba96,7,84,0,0 5a7c809d,7,88,0,0 b500ac61,7,92,0,0 60c1a819,7,96,0,0 5f3440b9,7,100,0,0 d3b4d51c,7,104,0,0 91356bd6,7,108,0,0 55be0840,7,112,0,0 1a82bbc0,7,116,0,0 d7f61078,7,120,0,0 b35fd976,7,124,0,0 4f9abcfe,5,128,0,0 3531b7b1,7,132,0,0 59a92f33,7,136,0,0 8ea490f7,7,140,0,0 2d80113,6,144,0,0
P 841bcb81 0 0 112 acec22be,b,8,7,0 33a57b7,5,16,0,0 b2994420,7,20,0,0 b4f0dd85,7,24,0,0 63c2ae18,7,28,0,0 67352073,7,32,0,0 b1fafcaa,7,36,0,0 1df189f9,7,40,0,0 a665e9b7,7,44,0,0 fd00ff37,7,48,0,0 9920b5ce,7,52,0,0 28b04b63,7,56,0,0 8e21fc63,7,60,0,0 36f5d92d,7,64,0,0 51798e38,7,68,0,0 c2ac70a4,7,72,0,0 90a98574,7,76,0,0 27a53371,7,80,0,0 5e772114,7,84,0,0 dc5a175e,7,88,0,0 450ae8be,7,92,0,0 a342a534,7,96,0,0 9968986c,7,100,0,0 3a1059b5,7,104,0,0 1f87249f,7,108,0,0
P 93274195 0 0 40 acec22be,b,8,7,0 f50077b9,7,16,0,0 f3473f14,7,20,0,0 b6d8b033,7,24,0,0 21a99e01,7,28,0,0 ed6c726b,7,32,0,0
P e4dee418 0 0 24 acec22be,b,8,7,0 93bc6579,6,16,0,0
P 4b82b53c 0 0 24 acec22be,b,8,7,0 4e71268f,7,16,0,0 fd0dae40,2,20,0,0
P 9d549ef5 0 0 24 acec22be,b,8,7,0 66d16521,7,16,0,0 eccea901,7,20,0,0
P ecb695dc 0 0 32 acec22be,b,8,7,0 dd8e3a21,7,16,0,0 5e031502,7,20,0,0 8c9a94bd,7,24,0,0 44272097,7,28,0,0
P 575c8a0a 0 0 120 acec22be,b,8,7,0 72c458dc,c,16,0,284f2dd f361da15,c,40,0,284f2dd 9cee0ba6,7,64,0,0 d29947f7,7,68,0,0 78b85cf2,7,72,0,0 75ffd0ec,7,76,0,0 30ef33e3,7,80,0,0 85e0e35e,7,84,0,0 da2632c7,7,88,0,0 257beebf,7,92,0,0 a9e863d0,7,96,0,0 4d8bce68,7,100,0,0 a64243a0,7,104,0,0 b2006186,7,108,0,0 4494e8b0,7,112,0,0
P 284f2dd 0 0 24 a5d29dac,7,8,0,0 ff465997,7,12,0,0 49ea08a4,7,16,0,0 44d67b05,7,20,0,0
P fab0b551 0 0 40 acec22be,b,8,7,0 e7eb6684,7,16,0,0 58f90106,7,20,0,0 7bba8356,7,24,0,0 d2e08080,7,28,0,0 7f399c5b,7,32,0,0
P f02b6d0b 0 0 40 acec22be,b,8,7,0 f82f833d,7,16,0,0 58a96556,7,20,0,0 23d8371e,7,24,0,0 180f8c1c,7,28,0,0 821ee2ba,7,32,0,0
P 41fa27f5 0 0 56 acec22be,b,8,7,0 dd8e3a21,7,16,0,0 5e031502,7,20,0,0 b7c6763c,7,24,0,0 ae6d670f,7,28,0,0 2b83e619,7,32,0,0 64aa1d1f,7,36,0,0 c1beb959,7,40,0,0 3b276b3e,7,44,0,0 1ea60c9d,7,48,0,0
P 495ecb9 0 0 40 acec22be,b,8,7,0 a6bb890e,0,16,0,0 95e0790b,8,20,0,0 ebd113ed,7,28,0,0 4fb46e05,5,32,0,0
P aa4aa542 0 0 56 acec22be,b,8,7,0 33c94a01,7,16,0,0 8c5bd720,7,20,0,0 1c529437,7,24,0,0 bfb46596,7,28,0,0 b8245cd9,7,32,0,0 3b9f11fb,7,36,0,0 a12d02c6,7,40,0,0 5f4edc21,0,44,0,0 eb74de70,0,45,0,0 de182de7,0,46,0,0 2e23a16a,0,47,0,0 896a4a40,0,48,0,0 bba03a29,0,49,0,0 fc887c37,0,50,0,0 72b1b4c1,0,51,0,0
P d610e1b8 0 0 24 acec22be,b,8,7,0 9503fd4,7,16,0,0
P 851dc26a 0 0 48 acec22be,b,8,7,0 87f045c0,6,16,0,0 135be2c4,7,20,0,0 7c8eb34f,7,24,0,0 3581b01f,7,28,0,0 aaac2d7f,7,32,0,0 942ae508,7,36,0,0 e7183969,7,40,0,0
P a2a6d15e 0 0 64 acec22be,b,8,7,0 4a9df4b8,c,16,0,ea7b17c0 a39c7c81,7,56,0,0
P ea7b17c0 0 0 40 d987faf7,7,8,0,0 1e84e82c,7,12,0,0 ac4615f9,7,16,0,0 f89d2b25,7,20,0,0 6f8a31f4,7,24,0,0 8ec688e6,7,28,0,0 24a5159c,7,32,0,0 2ee51dc0,7,36,0,0
P 3d45753f 0 0 408 acec22be,b,8,7,0 8b8fba04,0,16,0,0 22c63d60,0,17,0,0 fc9de2ee,0,18,0,0 436d7914,0,19,0,0 8b473ad3,0,20,0,0 244de1da,0,21,0,0 4fa5ba51,0,22,0,0 1b1ba835,0,23,0,0 c4a64728,0,24,0,0 7d3dd874,0,25,0,0 7b42dcfb,0,26,0,0 8dbacb8a,0,27,0,0 b781f91,7,28,0,0 1e631276,7,32,0,0 e86a832f,7,36,0,0 5cc80e0c,7,40,0,0 27cece88,7,44,0,0 cf209222,7,48,0,0 3cdbaed8,7,52,0,0 7e89115,7,56,0,0 977acf58,7,60,0,0 9042c38e,7,64,0,0 b32db732,7,68,0,0 c73081e7,7,72,0,0 590b3c66,7,76,0,0 198f77b8,7,80,0,0 d82caf78,7,84,0,0 6cfbbaac,7,88,0,0 e929d2d8,7,92,0,0 151bdccd,7,96,0,0 fa18c45b,7,100,0,0 8a53ea71,7,104,0,0 734481d5,7,108,0,0 3777e36,7,112,0,0 40eac3a8,7,116,0,0 8700585a,7,120,0,0 2a1b786f,7,124,0,0 d6726149,7,128,0,0 9ecf0c2b,7,132,0,0 bf97a5f9,7,136,0,0 ca6a3bdf,7,140,0,0 f4f51333,7,144,0,0 8f09758,7,148,0,0 dc8326de,7,152,0,0 cb2deff7,7,156,0,0 1d61e139,7,160,0,0 e45f5a69,7,164,0,0 8e479a6b,7,168,0,0 d3f3f99e,7,172,0,0 30eaa0b7,7,176,0,0 3d0a9407,7,180,0,0 fdad683d,7,184,0,0 15385ded,7,188,0,0 5fd417e3,7,192,0,0 59d1ddb2,7,196,0,0 45e66b56,7,200,0,0 fba9c64a,7,204,0,0 588000f4,7,208,0,0 42afe796,7,212,0,0 f022012e,7,216,0,0 90b198d8,7,220,0,0 838b4b63,7,224,0,0 5062d00e,7,228,0,0 6cf4607,7,232,0,0 c2f7d30a,7,236,0,0 98581cc8,7,240,0,0 e4df4294,7,244,0,0 805c4967,7,248,0,0 4a1a3187,7,252,0,0 e4b17cb6,7,256,0,0 b8253a42,7,260,0,0 d9ae3bb8,7,264,0,0 364700ad,7,268,0,0 817da7ef,0,272,0,0 604cb72c,7,276,0,0 2cfdf079,7,280,0,0 ccfd7652,7,284,0,0 7a3a916d,7,288,0,0 968717f0,7,292,0,0 e01fe3a9,7,296,0,0 fb81e7cb,7,300,0,0 da5d4ea8,7,304,0,0 71bfe5d,7,308,0,0 84312c9b,6,312,0,0 a04f6c28,6,316,0,0 9c6b523f,b,320,7,0 cc8ae1a0,b,324,7,0 689ef4c8,b,328,7,0 7640bf39,b,332,7,0 8dd6c323,b,336,7,0 7adfac90,b,340,7,0 301cec34,b,344,7,0 762618d2,b,348,7,0 6f42daa8,b,352,7,0 d124b2a6,b,356,7,0 b274b033,b,360,7,0 f86e1ce0,b,364,7,0 6ebb0ee6,b,368,7,0 1fff07cc,b,372,7,0 11cb13c9,b,376,7,0 b580fc1f,b,380,7,0 958fe7cb,b,384,7,0 37fb53e1,b,388,7,0 e8c1ccfc,b,392,7,0 c53be56a,b,396,7,0 e5c16687,0,400,0,0 53c82da2,0,401,0,0 7b410b92,7,404,0,0
P 61928166 0 0 136 acec22be,b,8,7,0 6cec4306,0,16,0,0 daceccdf,0,17,0,0 88431c2,0,18,0,0 b1aeb588,0,19,0,0 dc824c35,0,20,0,0 9fba00e5,0,21,0,0 4614d4bb,0,22,0,0 53f1adab,0,23,0,0 52f651a,7,24,0,0 dabbd2a5,7,28,0,0 984d8395,7,32,0,0 981ae957,7,36,0,0 5cd3f8cc,7,40,0,0 7403aba1,7,44,0,0 3b67df6e,7,48,0,0 9e9deaff,7,52,0,0 2ac838e3,7,56,0,0 4dd26869,7,60,0,0 e8b80ed5,7,64,0,0 acc45a34,7,68,0,0 8129e3a3,7,72,0,0 1df78f1a,7,76,0,0 957c85ff,7,80,0,0 ab117d8c,7,84,0,0 cfb1d368,7,88,0,0 321c8338,7,92,0,0 fe361ef3,7,96,0,0 1af75a80,7,100,0,0 89191bd4,7,104,0,0 f1f108a4,7,108,0,0 b8355a1f,7,112,0,0 99475856,7,116,0,0 17c2a51,7,120,0,0 9728adb,7,124,0,0 54a7eeee,7,128,0,0
P ee7862ea 0 0 80 acec22be,b,8,7,0 aa8c0127,0,16,0,0 1b8e7513,7,20,0,0 59c9689e,7,24,0,0 ab8e2234,7,28,0,0 9cd54e5b,7,32,0,0 c8e0d416,7,36,0,0 14e7b4a2,7,40,0,0 53ef740e,7,44,0,0 ea7ab64b,7,48,0,0 1c456d71,7,52,0,0 2d1fa34b,b,56,7,0 e56f1274,b,60,7,0 715314a,b,64,7,0 7c65f20b,b,68,7,0 f99651ff,b,72,7,0 1927def,b,76,7,0
P d77afb7a 0 0 72 acec22be,b,8,7,0 2bcc5c36,0,16,0,0 820a9b96,7,20,0,0 1a791c1e,7,24,0,0 b85b5655,7,28,0,0 37938ce7,7,32,0,0 7aa74f88,7,36,0,0 856ffba3,7,40,0,0 b282fece,7,44,0,0 2d7d019e,7,48,0,0 ec125845,7,52,0,0 686e0eeb,7,56,0,0 1ca206bd,7,60,0,0 a70d8b75,7,64,0,0 a0b76a02,7,68,0,0
P 811f04d 0 0 48 acec22be,b,8,7,0 3234eb0,7,16,0,0 a47cddbc,7,20,0,0 69e0bdd2,b,24,7,0 37042292,b,28,7,0 964ee84e,b,32,7,0 9a9624d2,b,36,7,0 1977b8b3,b,40,7,0
P f6dc05fb 0 0 88 acec22be,b,8,7,0 e79d9f35,7,16,0,0 abff4633,7,20,0,0 b8367f65,7,24,0,0 528d03ca,7,28,0,0 cbdd3f04,7,32,0,0 34166f2e,7,36,0,0 5adf538,7,40,0,0 8dc4eba9,7,44,0,0 284f4a67,7,48,0,0 fdb49d20,7,52,0,0 b8643078,7,56,0,0 4b818039,7,60,0,0 3234eb0,7,64,0,0 b93e4dc8,7,68,0,0 4f149ce7,7,72,0,0 7d57eeec,6,76,0,0 a4700a3d,b,80,7,0 1653c64c,b,84,7,0
P ffd812e7 0 0 232 acec22be,b,8,7,0 e906377c,7,16,0,0 742a87f4,7,20,0,0 c0ddf4c1,7,24,0,0 147a96ec,7,28,0,0 dfa8ebb1,7,32,0,0 f4325b60,7,36,0,0 4f69e82f,7,40,0,0 6966ac25,7,44,0,0 20fee531,7,48,0,0 8436087d,7,52,0,0 dee21d8c,7,56,0,0 933f17a3,7,60,0,0 7c9c2321,7,64,0,0 5704ed8,7,68,0,0 56067c57,7,72,0,0 3163c656,b,76,7,0 e3a4c140,b,80,7,0 96bfad4c,b,84,7,0 9c8be3a7,b,88,7,0 ce32798d,b,92,7,0 df457493,b,96,7,0 20580f39,b,100,7,0 89879c63,b,104,7,0 3ae7e328,b,108,7,0 8bf31da4,b,112,7,0 3127c466,b,116,7,0 40b3df65,b,120,7,0 763e527d,b,124,7,0 f4f2eeaa,b,128,7,0 94e5ed36,b,132,7,0 569a115,b,136,7,0 61ca8213,b,140,7,0 5e6950bb,b,144,7,0 100,c,0,0,245bbe60 d6f99ef4,d,152,0,22 100,c,0,0,deaf0ee9 9532a95f,d,168,0,24 ba90a0db,7,184,0,0 1c6eac2c,7,188,0,0 fea47b1a,7,192,0,0 557d4334,7,196,0,0 cba7d081,7,200,0,0 58d2ecf,7,204,0,0 27c95a86,7,208,0,0 c62f1ee,7,212,0,0 f9ece705,7,216,0,0 f92ac7a0,7,220,0,0 5030b2ee,b,224,7,0 59231952,b,228,7,0
P 245bbe60 0 0 32 acec22be,b,8,7,0 100,b,0,7,0 d968b79f,d,16,0,1
P deaf0ee9 0 0 32 acec22be,b,8,7,0 100,c,0,0,42ab3c1f 15f3f6fb,d,16,0,1
P 42ab3c1f 0 0 24 72ccedc3,b,8,7,0 1abd0935,b,12,7,0 268f9ef6,b,16,7,0 2f057a52,e,20,0,354fb73b
P a3c95e26 0 0 24 acec22be,b,8,7,0 d9bc1458,7,16,0,0 b5d0ea77,7,20,0,0
P 5132106 0 0 32 acec22be,b,8,7,0 a78f0aa7,7,16,0,0 6f55d133,7,20,0,0 4422e6cc,7,24,0,0
P 8a6235f6 0 0 32 acec22be,b,8,7,0 445ba2a2,7,16,0,0 578d5472,7,20,0,0 f50077b9,7,24,0,0
P a5c15921 0 0 32 acec22be,b,8,7,0 55701265,6,16,0,0 7e8ec600,6,20,0,0 84740b6f,7,24,0,0
P 806efa76 0 0 80 acec22be,b,8,7,0 fe3c491f,0,16,0,0 992b0201,0,17,0,0 4d135d42,7,20,0,0 c27e26e3,7,24,0,0 65482788,7,28,0,0 77d638,7,32,0,0 48580f8f,7,36,0,0 f861b347,7,40,0,0 adbaf042,7,44,0,0 193da420,7,48,0,0 8cc51092,7,52,0,0 fb1ec92f,7,56,0,0 6d6254d1,7,60,0,0 75106852,7,64,0,0 981db067,7,68,0,0 b4e07d17,7,72,0,0 ba24209,6,76,0,0
P 920adfb6 0 0 208 acec22be,b,8,7,0 f132c251,0,16,0,0 c5106e95,7,20,0,0 fdd1b00e,7,24,0,0 d45724ce,7,28,0,0 510225d3,7,32,0,0 37c4852c,7,36,0,0 1a1e5326,7,40,0,0 fb82cd91,7,44,0,0 981381c6,7,48,0,0 6bb9c692,7,52,0,0 5d7a43bf,7,56,0,0 dfa8ebb1,7,60,0,0 f8a28e7e,7,64,0,0 3edef6cb,7,68,0,0 e2f6c78f,7,72,0,0 932a1260,7,76,0,0 192f91e6,7,80,0,0 b99ebd84,7,84,0,0 fe8c5f0c,7,88,0,0 5a4d1dcc,7,92,0,0 362d2372,7,96,0,0 7e12e8d2,7,100,0,0 11fb0ede,7,104,0,0 3184bb80,7,108,0,0 405413d3,7,112,0,0 94c38c1c,7,116,0,0 386c0f3e,7,120,0,0 3f15a7f2,7,124,0,0 66597ce5,7,128,0,0 ab294f70,7,132,0,0 ed0c1911,7,136,0,0 50472c18,7,140,0,0 18fc3295,7,144,0,0 8a24453d,7,148,0,0 ed58f178,7,152,0,0 b5a83082,7,156,0,0 7252498b,7,160,0,0 b402629d,7,164,0,0 bebcf1bd,7,168,0,0 6761ef5f,7,172,0,0 c2bf3c53,7,176,0,0 d0d339ba,7,180,0,0 4573226b,7,184,0,0 91bad505,7,188,0,0 c1e3395c,7,192,0,0 21565a85,7,196,0,0 23b9b1df,6,200,0,0
P a7b8532 0 0 536 acec22be,b,8,7,0 2ad6b353,0,16,0,0 d94ae0bc,7,20,0,0 884e6605,7,24,0,0 b6fce986,7,28,0,0 bffe87b2,7,32,0,0 a32c59cb,7,36,0,0 c0cd38ca,6,40,0,0 1f50320b,7,44,0,0 5bd0a1f3,7,48,0,0 5c810824,7,52,0,0 f7f08175,7,56,0,0 f1eb1cb1,7,60,0,0 408a9e3f,7,64,0,0 c01ce6fb,7,68,0,0 fc0edd7b,7,72,0,0 59288a18,7,76,0,0 a471e24a,7,80,0,0 9fe76003,7,84,0,0 30d81eef,7,88,0,0 c33f44a5,7,92,0,0 e5a42b9f,0,96,0,0 fd2b85d5,7,100,0,0 7fbac635,5,104,0,0 812ee7f5,b,108,7,0 c4ffa87c,7,112,0,0 9f00b7f,7,116,0,0 b522043b,7,120,0,0 bd4c9ac1,7,124,0,0 7e1fd614,7,128,0,0 4b1aadb0,7,132,0,0 d2219377,7,136,0,0 7aab3ee2,7,140,0,0 9e3f6345,7,144,0,0 c305fd11,7,148,0,0 8308f2cd,7,152,0,0 6cc82414,7,156,0,0 fd583db3,7,160,0,0 d1b00a22,7,164,0,0 2a0710ef,7,168,0,0 eb61600c,7,172,0,0 5b822bbe,7,176,0,0 8ae9e3ba,7,180,0,0 8ce01aa0,7,184,0,0 48e63a3b,7,188,0,0 6701d36c,7,192,0,0 2792d759,7,196,0,0 96fd795,7,200,0,0 32c4e5d7,7,204,0,0 8f5f8838,7,208,0,0 a2381be5,7,212,0,0 7f1a3efe,7,216,0,0 828ba1a1,7,220,0,0 f0ecba9e,7,224,0,0 2792e09c,7,228,0,0 576eb181,7,232,0,0 599c59e3,6,236,0,0 645a2570,6,240,0,0 96ee40d6,7,244,0,0 8f73e9d6,7,248,0,0 e93190bd,7,252,0,0 cc40e9f7,7,256,0,0 229de8ce,7,260,0,0 28afae4a,7,264,0,0 b227c079,7,268,0,0 81ac732e,7,272,0,0 a82cc4d2,7,276,0,0 f0b58649,7,280,0,0 1eaeccff,7,284,0,0 2d9d621d,7,288,0,0 13e80af3,7,292,0,0 f4e643f4,7,296,0,0 16ae69b0,7,300,0,0 cad6c756,7,304,0,0 9f3a5e91,7,308,0,0 b43ae71b,7,312,0,0 262f6640,7,316,0,0 1a912a03,7,320,0,0 774d8ef3,7,324,0,0 4d399073,7,328,0,0 2521c040,7,332,0,0 78f15148,7,336,0,0 ac9ab4e1,7,340,0,0 d6d59d70,7,344,0,0 81aa68ce,7,348,0,0 14a132fe,7,352,0,0 ba27d242,7,356,0,0 be5ebb6d,7,360,0,0 69912046,7,364,0,0 41da8d82,7,368,0,0 857de7a4,6,372,0,0 78854e,6,376,0,0 360efbf,6,380,0,0 1497b6a7,6,384,0,0 2b2365c9,b,388,7,0 82e30ee0,b,392,7,0 850f3e31,b,396,7,0 5063071b,b,400,7,0 78ccb140,b,404,7,0 55443b10,b,408,7,0 6e5adfaa,b,412,7,0 7ca78a81,b,416,7,0 3cffbc7d,b,420,7,0 8785f306,b,424,7,0 aae6acf1,b,428,7,0 4ed621ef,b,432,7,0 eb86f34a,b,436,7,0 53998a65,b,440,7,0 727f26d4,b,444,7,0 6a7ea6d2,b,448,7,0 ef77c35f,b,452,7,0 6b25ab0a,7,456,0,0 9e75efbb,7,460,0,0 cf1fb25c,7,464,0,0 b6811771,7,468,0,0 a1b9708f,7,472,0,0 79daed14,7,476,0,0 836c343,7,480,0,0 17fc9435,7,484,0,0 3df54513,7,488,0,0 14657890,7,492,0,0 7c2e0763,7,496,0,0 a1c4afe2,7,500,0,0 8718c59a,7,504,0,0 710e8dd3,7,508,0,0 498bf909,7,512,0,0 67efed96,7,516,0,0 33c99269,7,520,0,0 46829218,7,524,0,0 6b35973b,7,528,0,0 269e4916,7,532,0,0
P 54631afe 0 0 224 acec22be,b,8,7,0 204b4ea5,7,16,0,0 8e3d5910,7,20,0,0 902ecb7b,7,24,0,0 1eaa78f2,7,28,0,0 e69e855c,7,32,0,0 7239dacf,7,36,0,0 719fef15,7,40,0,0 30616dff,7,44,0,0 7148f2fc,7,48,0,0 677361e5,7,52,0,0 26d50ca1,7,56,0,0 d0e63284,7,60,0,0 d38f7be,7,64,0,0 5f4f2dad,7,68,0,0 d3d5a26d,7,72,0,0 60ac98bc,7,76,0,0 c4d90612,7,80,0,0 7d6026cf,7,84,0,0 1f3f7692,7,88,0,0 3edef6cb,7,92,0,0 e2f6c78f,7,96,0,0 7e1fd614,7,100,0,0 4b1aadb0,7,104,0,0 6b672a55,7,108,0,0 74fedd23,7,112,0,0 fc0a2f87,7,116,0,0 163c961e,7,120,0,0 5763b938,7,124,0,0 4f793d19,7,128,0,0 eea8d5f2,7,132,0,0 4501c90c,7,136,0,0 d71a8d7b,7,140,0,0 92591ce5,7,144,0,0 43ce3c1a,7,148,0,0 9a3df944,7,152,0,0 ced1a1d4,7,156,0,0 ca096b87,7,160,0,0 3d2613c4,0,164,0,0 b0d4087b,b,168,7,0 25706968,b,172,7,0 88fd3304,b,176,7,0 91a3d7e8,b,180,7,0 8315d29e,b,184,7,0 f88f3b70,b,188,7,0 3576353e,b,192,7,0 1ad6a3c9,b,196,7,0 8b960d30,b,200,7,0 666d3d16,b,204,7,0 67844598,b,208,7,0 7fdbf9fe,b,212,7,0 897b1b3d,b,216,7,0 7decf294,b,220,7,0
P 6211c641 0 0 184 acec22be,b,8,7,0 337b4191,7,16,0,0 bd753b99,7,20,0,0 82ea0b14,7,24,0,0 e4f07da1,7,28,0,0 1e6d6d2a,7,32,0,0 40831d38,7,36,0,0 87626c33,7,40,0,0 b3022,b,44,7,0 73393eeb,b,48,7,0 4553a61e,b,52,7,0 40ebcc76,b,56,7,0 44a61b56,b,60,7,0 f20e1c40,b,64,7,0 a08d1339,b,68,7,0 fc175f39,b,72,7,0 4f8330e6,b,76,7,0 385dace5,b,80,7,0 b72f13f4,b,84,7,0 e305c3a2,b,88,7,0 6ad7057e,b,92,7,0 299169ff,b,96,7,0 18a6c336,b,100,7,0 29071910,b,104,7,0 5c00d154,b,108,7,0 1342b665,b,112,7,0 9bf6810e,b,116,7,0 d9bb6d92,b,120,7,0 eb777704,b,124,7,0 3426f42f,b,128,7,0 5063101a,b,132,7,0 aac33848,b,136,7,0 8cf92abe,b,140,7,0 396c73a2,b,144,7,0 7f73c01f,b,148,7,0 609a5b93,b,152,7,0 bb97167,b,156,7,0 ff6f7b6a,b,160,7,0 e96b60c3,b,164,7,0 84645b03,b,168,7,0 f8313e13,b,172,7,0 fb71afc2,b,176,7,0 ae8505f,b,180,7,0
P 5677eda7 0 0 64 acec22be,b,8,7,0 14bd9e2f,0,16,0,0 6504d75f,0,17,0,0 3d6ebe34,7,20,0,0 cbdc7ee0,7,24,0,0 f6b33789,7,28,0,0 af3ddea7,7,32,0,0 51659a14,7,36,0,0 6e4eaddd,7,40,0,0 530ea9f2,7,44,0,0 aaf39a63,7,48,0,0 fd9a8814,7,52,0,0 995d2099,7,56,0,0 2e0ad47,7,60,0,0
P 78751eff 0 0 248 acec22be,b,8,7,0 f3f98924,7,16,0,0 f4855f55,7,20,0,0 97700e6c,7,24,0,0 d1609d0b,7,28,0,0 a35754d,7,32,0,0 7b9b6d54,7,36,0,0 49a6e928,7,40,0,0 a32a0456,7,44,0,0 3d38aee8,7,48,0,0 82295127,7,52,0,0 b9a51429,7,56,0,0 38442414,7,60,0,0 985a9add,7,64,0,0 6bfed476,7,68,0,0 ce9a73b,7,72,0,0 5708c862,7,76,0,0 b8aa913b,7,80,0,0 3c5359fe,7,84,0,0 7350853f,7,88,0,0 b1ca375b,7,92,0,0 9c6c1d29,7,96,0,0 4ef7c1f5,7,100,0,0 3f091f53,7,104,0,0 5c352c62,7,108,0,0 b6d68a00,7,112,0,0 65c9a4b5,7,116,0,0 8ec5b5e8,7,120,0,0 3f276330,7,124,0,0 b6903e44,7,128,0,0 afd0551e,7,132,0,0 2a115a60,7,136,0,0 1b5e41ac,7,140,0,0 6b25ab0a,7,144,0,0 575daafa,b,148,7,0 443a377d,b,152,7,0 2f218fdb,b,156,7,0 b2a92422,b,160,7,0 800cfc85,b,164,7,0 1540d25c,b,168,7,0 9904e973,b,172,7,0 b5581319,b,176,7,0 75b0e220,b,180,7,0 85178dd,b,184,7,0 47e59e0c,b,188,7,0 dd50b30a,b,192,7,0 92d3ef3e,b,196,7,0 e6ed0936,b,200,7,0 d802cc10,b,204,7,0 d71d4190,b,208,7,0 601312cf,b,212,7,0 189efcb8,b,216,7,0 42692df7,b,220,7,0 1fa7e2e7,b,224,7,0 7bd54c3d,b,228,7,0 c3718f8f,b,232,7,0 f0b9c42f,b,236,7,0 5ce8abf3,b,240,7,0 f04d9cf6,b,244,7,0
P af26490f 0 0 2696 acec22be,b,8,7,0 26db4ba2,c,16,0,fae663cf 900d7303,c,128,0,fae663cf 626597b4,c,240,0,fae663cf 7397ba18,c,352,0,fae663cf 45d8de9b,c,464,0,fae663cf 4745e175,c,576,0,fae663cf 62a056bd,c,688,0,a0122ecb 3ff1c03,c,2640,0,5e455c84 226af517,c,2656,0,fd088411 35f01fdf,6,2672,0,0 672a3795,6,2676,0,0 6e256ac,6,2680,0,0 36fb19df,6,2684,0,0 b304e041,6,2688,0,0 af48a77c,7,2692,0,0
P fae663cf 0 0 112 62a056bd,c,8,0,da2da33a
P da2da33a 0 0 104 dcc4599b,c,8,0,3dda4fe9 3285db5f,c,72,0,ed9f6e20
P 3dda4fe9 0 0 64 50f22f9d,7,8,0,0 b453541a,c,16,0,4e1b3dee 17c1b6fb,c,40,0,cd2a47b4
P 4e1b3dee 0 0 24 412077e2,7,8,0,0 9833fff2,7,12,0,0 b6697199,7,16,0,0
P cd2a47b4 0 0 24 dafd9186,7,8,0,0 b93a9901,7,12,0,0 2c777dce,0,16,0,0
P ed9f6e20 0 0 32 e7c03967,c,8,0,7e8a86d3
P 7e8a86d3 0 0 24 769b5cd3,0,8,0,0 15118567,7,12,0,0 f51fbab7,7,16,0,0
P a0122ecb 0 0 1952 fa357f68,c,8,0,7fe564d4 5fbf2121,c,152,0,5f88006b f141c2da,c,280,0,bf49f087 d60c5e95,c,1920,0,e4e3fac7
P 7fe564d4 0 0 144 c6af730e,c,8,0,e28ecbe1 ada47b11,c,96,0,96b34adf 3adda438,c,120,0,96b34adf
P e28ecbe1 0 0 88 b453541a,c,8,0,8dd60b6f
P 8dd60b6f 0 0 80 75b2cea8,c,8,0,96b34adf a0567985,c,32,0,96b34adf b6697199,c,56,0,96b34adf
P 96b34adf 0 0 24 c830db8c,7,8,0,0 1489a048,7,12,0,0 a894f7e5,7,16,0,0 556c48c1,7,20,0,0
P 5f88006b 0 0 128 41ff6e11,c,8,0,96b34adf bf9ecc8f,c,32,0,96b34adf fab0ae77,c,56,0,96b34adf 7cf21046,c,80,0,96b34adf 806f7cf0,c,104,0,96b34adf
P bf49f087 0 0 1640 5b1979ec,c,8,0,78902025 1e409c62,c,552,0,78902025 98258593,c,1096,0,78902025
P 78902025 0 0 544 97cb82c9,c,8,0,4667ce00 90f5ab20,c,496,0,96b34adf 2635fada,c,520,0,96b34adf
P 4667ce00 0 0 488 3c5fe332,c,8,0,e2354e46 b87194b7,c,128,0,e2354e46 14933e04,c,248,0,e2354e46 d093facb,c,368,0,e2354e46
P e2354e46 0 0 120 46d30778,c,8,0,96b34adf 254b1c2c,c,32,0,96b34adf 36e2ea14,c,56,0,96b34adf 78d8b39e,c,80,0,96b34adf 18621b5d,7,104,0,0 c0c394f8,7,108,0,0 87317d6c,7,112,0,0 684d83bb,7,116,0,0
P e4e3fac7 0 0 32 11a879b8,c,8,0,96b34adf
P 5e455c84 0 0 16 769b5cd3,0,8,0,0 1c365216,0,9,0,0 384afdcd,0,10,0,0
P fd088411 0 0 16 ad29cd8c,7,8,0,0
P 6be27681 0 0 24 acec22be,b,8,7,0 21a45f94,7,16,0,0 ad43e828,7,20,0,0
P 85eb3a61 0 0 32 acec22be,b,8,7,0 21a45f94,7,16,0,0 ad43e828,7,20,0,0 cf9bbb63,7,24,0,0
P 99ca4515 0 0 24 acec22be,b,8,7,0 21a45f94,7,16,0,0 ad43e828,7,20,0,0
P 36d6efea 0 0 32 acec22be,b,8,7,0 c0e7d00e,0,16,0,0 53e2f89b,7,20,0,0 bbf505aa,6,24,0,0
P 2d0ff85e 0 0 64 acec22be,b,8,7,0 ff24ec7a,7,16,0,0 409dd75c,7,20,0,0 513acf64,7,24,0,0 a63dee29,7,28,0,0 2865b645,7,32,0,0 f8a27f7b,7,36,0,0 84ed1a2d,7,40,0,0 5efd1aac,7,44,0,0 4965c845,7,48,0,0 8208dd53,7,52,0,0 afe45c1a,0,56,0,0 2b651fe,0,57,0,0
P 448d4d9 0 0 112 acec22be,b,8,7,0 30bf2aef,7,16,0,0 71c2feee,7,20,0,0 2665d74e,7,24,0,0 fcebfdba,7,28,0,0 e73c0221,7,32,0,0 6ca85d0b,7,36,0,0 696a1c31,7,40,0,0 95b420c1,7,44,0,0 8fd00340,7,48,0,0 5cb0bcec,7,52,0,0 2f56ab83,7,56,0,0 63a6d5e3,7,60,0,0 e708e589,7,64,0,0 94be120b,9,80,0,0 db9d85bf,6,96,0,0
P 4c862849 0 0 104 acec22be,b,8,7,0 5dab54b0,5,16,0,0 a8ebbcfd,5,20,0,0 4d83d28d,7,24,0,0 19da6a3a,7,28,0,0 5ac167d1,7,32,0,0 a964dfd9,7,36,0,0 a266bcca,7,40,0,0 8133dfa0,7,44,0,0 e7e5ce56,7,48,0,0 6a45a74c,0,52,0,0 1917cb83,7,56,0,0 c4ef901,7,60,0,0 a934e18f,7,64,0,0 f27b9917,b,68,7,0 2b34c5fe,b,72,7,0 f05dbb38,6,76,0,0 28337bad,6,80,0,0 e7aa76d8,6,84,0,0 7560f1c6,7,88,0,0 c07160fb,6,92,0,0 101bbae9,6,96,0,0
P b55fb05e 0 0 72 acec22be,b,8,7,0 e1d85950,7,16,0,0 e20c02f4,7,20,0,0 1fff3033,7,24,0,0 846eeba3,6,28,0,0 583de713,6,32,0,0 57661d7d,6,36,0,0 38067075,b,40,7,0 ea56ba10,b,44,7,0 7f36a481,b,48,7,0 de40435a,b,52,7,0 846662d3,b,56,7,0 c616f211,b,60,7,0 a00590f7,b,64,7,0 fd1d637f,b,68,7,0
P e8736aed 0 0 136 acec22be,b,8,7,0 23a40d42,7,16,0,0 74ec0cfa,7,20,0,0 c8c6fbc4,7,24,0,0 a592e240,7,28,0,0 c1a0b0c3,7,32,0,0 121220ad,7,36,0,0 74e6752e,7,40,0,0 7d9fe05d,7,44,0,0 34aa2acd,7,48,0,0 b284ddfd,7,52,0,0 4f31f87b,7,56,0,0 d2ff3c84,7,60,0,0 680035d8,7,64,0,0 413aaff9,7,68,0,0 d2abb0a1,7,72,0,0 1ef38b26,7,76,0,0 a863e945,7,80,0,0 2f9dcea5,7,84,0,0 6eadc6e4,7,88,0,0 4fe519b9,7,92,0,0 e540b265,7,96,0,0 6a67e1b8,7,100,0,0 8aa3ffef,b,104,7,0 ead95021,7,108,0,0 192d9bdd,7,112,0,0 fa15b055,6,116,0,0 2cb9c0b1,7,120,0,0 d9c760b8,7,124,0,0 499da253,7,128,0,0
P 2c0ae035 0 0 56 100,c,0,0,5b3dc36a c4a48cbe,d,8,0,0 100,c,0,0,5b3dc36a c80b17b8,d,24,0,2 100,b,0,7,0 a544acd9,d,40,0,4
P 5b3dc36a 0 0 40 acec22be,b,8,7,0 100,c,0,0,e5a7d184 f0ee04d0,d,16,0,1 100,e,0,0,f98bebee 67d26872,f,32,0,200003
P 8fb9ae81 0 0 40 100,c,0,0,243b5e8b 800a762c,d,8,0,0 100,c,0,0,37adf737 3bb7fe32,d,24,0,2
P 243b5e8b 0 0 144 acec22be,b,8,2,0 8a295d02,c,16,0,81a5b004
P 81a5b004 0 0 128 9ae6c89c,14,16,0,0 100,e,0,0,a77304c3 4b621302,f,32,0,200001 16acf93f,7,36,0,0 efdfd9a6,7,40,0,0 973dbc3d,7,44,0,0 31f4fcd0,0,48,0,0 f77a0cf4,0,49,0,0 99beeadb,0,50,0,0 9d7e3262,c,64,0,f377e8c8 cc52011a,0,96,0,0 577e64db,7,100,0,0 41ac8340,0,104,0,0 6032c592,7,108,0,0 525a311,7,112,0,0 26ab5818,7,116,0,0 d2f12fc5,7,120,0,0 4098b7c1,e,124,0,4098b7c1
P 37adf737 0 0 24 fb5833a9,b,8,2,0 ae23b988,b,16,2,0
P e5a7d184 0 0 24 acec22be,b,8,7,0 40b6e5b9,c,16,3,0
P 389f8bcd 0 0 48 100,c,0,0,d3cc3e47 4d0ceee3,d,8,0,0 100,c,0,0,bc4da20d 1bb9cfd2,d,24,0,2 fef32dc3,b,40,7,0
P d3cc3e47 0 0 12 c758e055,e,0,0,34b4a664 67bd339f,5,4,0,0 18e7ba4,e,8,0,7b1fa471
P ddccb56d 0 0 24 100,c,0,0,6a01653e 62798150,d,8,0,0
P 6a01653e 0 0 48 496003fd,c,16,0,f377e8c8
P 54fa14df 0 0 56 4d0537bb,5,0,0,0 100,c,0,3,0 dd51866b,d,8,0,1 100,c,0,3,0 950fc840,d,24,0,3 100,b,0,7,0 8f714584,d,40,0,5
P 4a9fa5cc 0 0 64 acec22be,b,0,8,0 635909d7,c,16,0,f377e8c8
P c9aedc3f 0 0 8 acec22be,b,0,7,0 e9b9019b,0,4,0,0
P 50b2ea08 0 0 16 100,c,0,0,c80d188e a380ad32,d,0,0,0
P c80d188e 0 0 32 f0a0a022,c,0,0,97df76f8 4b621302,5,24,0,0
P 97df76f8 0 0 24 7deba6f8,b,0,3,0 c598b8a,b,16,0,80000
P 3ba8d5a 0 0 16 100,c,0,0,b982048a 8a426dc7,d,0,0,0
P b982048a 0 0 88 3ebe8,b,0,2,0 fd9728e2,b,8,7,0 7911b60e,b,12,7,0 c9c252e8,b,16,7,0 7111ac8a,2,20,0,0 6eaf264d,e,24,0,68b21b94 d0110a1,e,28,0,beff3185 722e1381,e,32,0,ff842f1b d088729,e,36,0,f4161d51 6d2bdac0,7,40,0,0 254d532c,7,44,0,0 ae08cf4d,7,48,0,0 6efb0b5f,7,52,0,0 bbcbaf17,7,56,0,0 ce694946,2,60,0,0 3acf3621,2,61,0,0 15cf5017,2,62,0,0 554360b5,7,64,0,0 7a9914fd,7,68,0,0 56de3ed1,7,72,0,0 895699cc,7,76,0,0 3cbb62e0,5,80,0,0 8ed931,0,84,0,0 aebefeed,0,85,0,0
P b3cf04b4 0 0 40 100,c,0,0,365da5c8 800a762c,d,8,0,0 100,c,0,0,e3c9c5bb 3bb7fe32,d,24,0,2
P 365da5c8 0 0 32 acec22be,b,8,2,0 8a295d02,c,16,0,3affa1e
P 3affa1e 0 0 16 100,e,0,0,5da4244 4b621302,f,8,0,200000
P e3c9c5bb 0 0 24 fb5833a9,b,8,2,0 ae23b988,b,16,2,0
P 58fcea50 0 0 72 4d0537bb,5,8,0,0 100,c,0,0,c4b2f638 ec6c443e,d,16,0,1 dc4d2d41,c,32,0,efd56957
P c4b2f638 0 0 80 e6e17f14,b,8,7,0 d8950703,9,16,0,0 52d24328,a,32,0,0 fdfd7a7f,b,48,7,0 a3be567d,b,52,7,0 ca2065a9,b,56,7,0 110d30e5,e,60,0,d500c082 cbbe55b,7,64,0,0 84dc271f,2,68,0,0 b0c485d7,2,69,0,0 100,e,0,0,29be262a 67d26872,f,72,0,3000a 4f559a66,0,76,0,0 d2ad69db,0,77,0,0
P efd56957 0 0 40 100,c,0,0,c71ec7f7 2feea5d2,d,8,0,0 100,c,0,0,fda46598 56c94556,d,24,0,2
P c71ec7f7 0 0 48 c928991,14,16,0,0 9b1d60ab,b,32,7,0 b675857,b,36,7,0 1844403f,0,40,0,0 4e017c07,0,41,0,0
P fda46598 0 0 16 c0ed9f26,4,8,0,0 a9fb1b57,4,10,0,0 3333a3bd,e,12,2,ecbc740e 54990b91,e,13,2,3817d55e
P 16760659 0 0 112 49a0e46c,0,0,0,0 f3928a70,0,1,0,0 364f037b,0,2,0,0 12caf91f,0,3,0,0 100,2,0,0,0 b29be228,d,4,4,c0004 100,c,0,0,d2e926f4 e2489c4f,d,16,0,6 100,c,0,0,f1763df 7f049899,d,32,0,8 100,c,0,0,6f419fc9 23532a3b,d,48,0,a 8590add8,c,64,0,aa681042 8b566ea2,b,104,8,0
P aa681042 0 0 40 9ae1215f,2,0,0,0 100,c,0,0,5a2b494 e8a00d49,d,8,0,1 100,c,0,0,815d6e03 9ad30fa,d,24,0,3
P d2e926f4 0 0 24 c8f5438b,2,0,0,0 100,c,0,0,5b7ef462 68ac8351,d,8,0,1
P 5b7ef462 0 0 48 aecfe243,2,0,0,0 a7431fba,2,1,0,0 100,c,0,0,3dceca65 4a92222a,d,8,0,2 92e68db3,c,24,0,85559cf3
P 85559cf3 0 0 24 a893a361,0,0,0,0
P 3dceca65 0 0 3 6a6b87c3,2,0,0,0 36896d17,2,1,0,0
P 6f419fc9 0 0 48 2fd08cef,b,0,7,0 fc507d28,b,4,7,0 100,7,0,0,0 7ae529d,d,8,4,50002 67d26872,6,28,0,0 817af4d5,f,32,0,200fff 72039cc8,f,36,0,200fff 100,e,0,0,34b4a664 6032815c,f,40,1,100007 7e103c8b,4,42,0,0 d12f579d,2,44,0,0 fa1f27bf,2,45,0,0
P 79b7dce5 0 0 56 100,c,0,0,e755331b dbc78949,d,8,0,0 100,c,0,0,ab25fe4e 5bace86e,d,24,0,2 100,c,0,0,b920fe73 f87116fd,d,40,0,4
P e755331b 0 0 72 d158bc58,6,8,0,0 90f8f724,6,12,0,0 1d403363,b,16,7,0 100,2,0,0,0 2f54d981,d,24,0,3 100,4,0,0,0 f0bd090b,d,40,0,5 100,2,0,0,0 b8728ac4,d,56,0,7
P ab25fe4e 0 0 88 52d55a13,6,8,0,0 1b8608a9,5,12,0,0 c2e4a6b4,6,16,0,0 100,2,0,0,0 2f54d981,d,24,0,3 100,4,0,0,0 f0bd090b,d,40,0,5 100,2,0,0,0 84275e1,d,56,0,7 100,2,0,0,0 b8728ac4,d,72,0,9
P b920fe73 0 0 88 c6e9925a,6,8,0,0 ac4bc56b,5,12,0,0 2724c2d6,6,16,0,0 100,2,0,0,0 2f54d981,d,24,0,3 100,4,0,0,0 f0bd090b,d,40,0,5 100,2,0,0,0 84275e1,d,56,0,7 100,2,0,0,0 b8728ac4,d,72,0,9
P d2455c61 0 0 3360 46a8a714,7,268,0,0 17d2ae21,b,272,0,1000000 100,6,0,0,0 7dc821df,d,528,4,40002 10c0c614,9,544,0,0 b09e7101,7,560,0,0 4b4fee84,9,576,0,0 100,c,0,3,0 4fbd037a,d,592,0,7 100,c,0,3,0 5b9cfe46,d,608,0,9 100,c,0,3,0 3414464b,d,624,0,b 100,c,0,3,0 606d68e,d,640,0,d 749dbb9e,c,656,0,4f8379ba 8558b866,c,672,4,0 3e747566,5,680,0,0 17c50070,5,684,0,0 f328e4e0,5,688,0,0 cbf79172,7,692,0,0 38d2eb17,7,696,0,0 b450e003,7,700,0,0 71e4fa5d,6,704,1,0 6a4f5566,5,708,0,0 275b6b53,5,712,0,0 1c378472,7,716,0,0 39c55735,7,720,0,0 852ea386,6,724,1,0 24f2deb7,6,728,0,0 100,7,0,0,0 9c10ccf4,d,736,0,1e 100,7,0,0,0 fb154d05,d,752,0,20 100,c,0,0,6790c158 568f10c3,d,768,1,280022 100,c,0,0,d200662 4995fb62,d,3344,0,24
P 4f8379ba 0 0 12 269ae44e,2,8,0,0 fa7f8c18,2,9,0,0
P 6790c158 0 0 64 bba83873,b,0,7,0 10c0c614,9,16,0,0 75897761,7,32,0,0 b09e7101,7,36,0,0 25ba9ad9,7,40,0,0 a0488160,7,44,0,0 3e747566,5,48,0,0 17c50070,5,52,0,0 7734ea70,0,56,0,0
P 41bc9f2 0 0 40 62c78f64,5,8,0,0 41ffe34a,c,20,0,4f8379ba 8558b866,c,32,4,0
P 9b6080c 0 0 40 62c78f64,5,8,0,0 41ffe34a,c,20,0,4f8379ba 8558b866,c,32,4,0
P 9ee57b42 0 0 64 62c78f64,5,8,0,0 41ffe34a,c,20,0,4f8379ba 8558b866,c,32,4,0 4ca9c70f,b,40,7,0 4ef3f61f,6,48,0,0 64c07b3c,7,56,0,0 dbd683b0,7,60,0,0
P 1b8e679b 0 0 120 62c78f64,5,8,0,0 41ffe34a,c,20,0,4f8379ba 8558b866,c,32,4,0 4ca9c70f,b,40,7,0 294ccbf7,b,48,7,0 4ef3f61f,6,56,0,0 b1c34a7e,b,64,7,0 c99a3a65,b,68,7,0 7837be23,b,72,7,0 4a90fedf,b,84,7,0 8465b23e,b,88,7,0 92e0283b,b,96,7,0 f7be0bf,0,104,0,0 912f451b,0,105,0,0 67cf7f67,0,106,0,0 21172e28,b,108,7,0 ba25da5f,b,112,7,0
P 88e1a4bf 0 0 96 62c78f64,5,8,0,0 41ffe34a,c,20,0,4f8379ba 8558b866,c,32,4,0 4ca9c70f,b,40,7,0 294ccbf7,b,48,7,0 4ef3f61f,6,56,0,0 b1c34a7e,b,64,7,0 c99a3a65,b,68,7,0 7837be23,b,72,7,0 4a90fedf,b,84,7,0 8465b23e,b,88,7,0
P 3d0c3e19 0 0 128 62c78f64,5,8,0,0 41ffe34a,c,20,0,4f8379ba 8558b866,c,32,4,0 4ca9c70f,b,40,7,0 100,9,0,0,0 780b0f52,d,48,4,40004 fce2509e,7,112,0,0
P c301721 0 0 64 62c78f64,5,8,0,0 41ffe34a,c,20,0,4f8379ba 8558b866,c,32,4,0 4ca9c70f,b,40,3,0 4d1fa512,7,56,0,0
P 3a5a9c2a 0 0 80 62c78f64,5,8,0,0 41ffe34a,c,20,0,4f8379ba 8558b866,c,32,4,0 4ca9c70f,b,40,7,0 6d629b08,9,48,0,0 12ce4b36,7,64,0,0
P 7c335590 0 0 80 62c78f64,5,8,0,0 41ffe34a,c,20,0,4f8379ba 8558b866,c,32,4,0 4ca9c70f,b,40,3,0 fff32068,b,56,3,0 ca27bdd,6,72,0,0 97fa0689,b,76,7,0
P 12532518 0 0 48 62c78f64,5,8,0,0 41ffe34a,c,20,0,4f8379ba 8558b866,c,32,4,0 4ca9c70f,b,40,7,0
P 6a33c36a 0 0 192 62c78f64,5,8,0,0 41ffe34a,c,20,0,4f8379ba 8558b866,c,32,4,0 4ca9c70f,b,40,7,0 e1d32e13,9,64,0,0 c584b919,9,80,0,0 6d629b08,9,96,0,0 eaad863c,7,112,0,0 175bb511,7,116,0,0 67ee4d40,7,120,0,0 ec39cc22,7,124,0,0 481bb19,7,128,0,0 6be4de15,7,132,0,0 404de989,7,136,0,0 65403d68,7,140,0,0 a2715f4e,7,144,0,0 147a95,7,148,0,0 6153326d,7,152,0,0 4981df62,5,156,0,0 93a5f1ba,5,160,0,0 7d75f575,5,164,0,0 76da134c,5,168,0,0 90c67e99,6,176,0,0 a47e252c,6,180,0,0 8d998273,0,186,0,0
P 195f3ea9 0 0 208 62c78f64,5,8,0,0 41ffe34a,c,20,0,4f8379ba 8558b866,c,32,4,0 4ca9c70f,b,40,7,0 e1d32e13,9,64,0,0 c584b919,9,80,0,0 6d629b08,9,96,0,0 eaad863c,7,112,0,0 175bb511,7,116,0,0 67ee4d40,7,120,0,0 ec39cc22,7,124,0,0 481bb19,7,128,0,0 6be4de15,7,132,0,0 404de989,7,136,0,0 65403d68,7,140,0,0 a2715f4e,7,144,0,0 147a95,7,148,0,0 6153326d,7,152,0,0 4981df62,5,156,0,0 93a5f1ba,5,160,0,0 7d75f575,5,164,0,0 76da134c,5,168,0,0 90c67e99,6,176,0,0 a47e252c,6,180,0,0 8d998273,0,186,0,0 4ef3f61f,6,192,0,0
P e1ba6e16 0 0 56 5ed7e924,7,16,0,0 bbb49060,5,20,0,0 ffac8c7c,5,24,0,0 dfc99750,c,32,3,0 8109c821,6,40,0,0 b0977a1c,0,44,0,0 62c78f64,5,48,0,0
P 7cea9ec4 0 0 56 41ffe34a,c,12,0,4f8379ba 8558b866,c,24,4,0 62c78f64,5,32,0,0 1e1ca238,5,40,0,0 8504655f,5,44,0,0 1bd83bc6,5,48,0,0
P 1fd5d356 0 0 32 41ffe34a,c,12,0,4f8379ba 8558b866,c,24,4,0
P 3c90e56b 0 0 16 100,c,0,3,0 abb1e011,d,0,0,0
P 60f51abe 0 0 24 acec22be,b,8,8,0 f4e53011,5,16,0,0
P 63d1d732 0 0 24 acec22be,b,8,8,0 f4e53011,7,16,0,0
P d24b8b89 0 0 80 41ffe34a,c,12,0,4f8379ba 8558b866,c,24,4,0 4ca9c70f,b,32,7,0 10c0c614,9,48,0,0 b09e7101,7,64,0,0 25ba9ad9,7,68,0,0 a0488160,7,72,0,0
P bab9a500 0 0 40 41ffe34a,c,12,0,4f8379ba 8558b866,c,24,4,0 62c78f64,5,32,0,0
P 521a3d00 0 0 48 41ffe34a,c,12,0,4f8379ba 8558b866,c,24,4,0 100,5,0,0,0 49b3258d,d,32,0,2
P 452ec9b6 0 0 40 41ffe34a,c,12,0,4f8379ba 8558b866,c,24,4,0 4ca9c70f,b,32,7,0
P 3d8e5a61 0 0 272 41ffe34a,c,12,0,4f8379ba 8558b866,c,24,4,0 4ca9c70f,b,32,7,0 6d629b08,9,48,0,0 5ac463d9,a,64,0,0 64c07b3c,7,80,0,0 dbd683b0,7,84,0,0 ea545419,7,88,0,0 ee20149b,7,92,0,0 87446b2c,7,96,0,0 a66ff500,7,100,0,0 56bfb3d7,7,104,0,0 85db7aa3,7,108,0,0 e2140c0a,7,112,0,0 7bec567,7,116,0,0 6445ec22,7,120,0,0 4e70c078,7,124,0,0 48a434df,7,128,0,0 34060ba3,7,132,0,0 6d3d3ef6,7,136,0,0 41864936,7,140,0,0 999e7a03,7,144,0,0 c2bcbe9f,7,148,0,0 b69edcee,7,152,0,0 43da5c5,7,156,0,0 8af88f9c,7,160,0,0 fd2042e7,7,164,0,0 4ab5205b,7,168,0,0 b8618ae8,7,172,0,0 f23c94bb,0,176,0,0 9ee8e06e,0,177,0,0 1533188,0,178,0,0 81443704,0,179,0,0 4419fbf6,c,192,0,8b3a8841 100,c,0,0,522cabe0 d0c1d53d,d,256,0,22
P 8b3a8841 0 0 64 4d717900,0,8,0,0 e1d32e13,9,16,0,0 c584b919,9,32,0,0 eaad863c,7,48,0,0
P bfa169b1 0 0 64 41ffe34a,c,12,0,4f8379ba 8558b866,c,24,4,0 4ca9c70f,b,32,7,0 5ba82d5a,5,40,0,0 9d8ca54f,5,44,0,0 87dbfbdd,7,48,0,0 a77ee08e,5,52,0,0 4bc3f938,7,56,0,0 6d777003,7,60,0,0
P 4d35279 0 0 48 41ffe34a,c,12,0,4f8379ba 8558b866,c,24,4,0 4ca9c70f,b,32,3,0
P fa42e9d7 0 0 48 41ffe34a,c,12,0,4f8379ba 8558b866,c,24,4,0 62c78f64,5,32,0,0 4ca9c70f,b,40,7,0
P d200662 0 0 24 bba83873,b,0,7,0 100,5,0,0,0 22a0f925,d,8,0,1
P 79bbfb1b 0 0 120 62c78f64,5,8,0,0 41ffe34a,c,20,0,4f8379ba 8558b866,c,32,4,0 4ca9c70f,b,40,7,0 294ccbf7,b,48,7,0 4ef3f61f,6,56,0,0 b1c34a7e,b,64,7,0 c99a3a65,b,68,7,0 7837be23,b,72,7,0 4a90fedf,b,84,7,0 8465b23e,b,88,7,0 100,b,0,3,0 597d9568,d,96,0,b dfce07ce,0,112,0,0
P 9a3abe6f 0 0 48 5ed7e924,7,16,0,0 bbb49060,5,20,0,0 ffac8c7c,5,24,0,0 dfc99750,c,32,3,0 8109c821,6,40,0,0 b0977a1c,0,44,0,0
P 32c902b7 0 0 80 41ffe34a,c,12,0,4f8379ba 8558b866,c,24,4,0 4b38a799,b,32,7,0 1166164,9,48,0,0 4fbb9cf3,7,64,0,0 ed44458e,7,68,0,0 129853f7,5,72,0,0 5b12990f,0,76,0,0 aaa2fe61,0,77,0,0
P 5ff00ea5 0 0 40 41ffe34a,c,12,0,4f8379ba 8558b866,c,24,4,0 bd8b46c,7,32,0,0
P df880d8c 0 0 72 62c78f64,5,8,0,0 41ffe34a,c,20,0,4f8379ba 8558b866,c,32,4,0 4ca9c70f,b,40,7,0 294ccbf7,b,48,7,0 4ef3f61f,6,56,0,0 6df6c4e3,b,64,7,0
P b47fc55d 0 0 104 62c78f64,5,8,0,0 41ffe34a,c,20,0,4f8379ba 8558b866,c,32,4,0 4ca9c70f,b,40,7,0 294ccbf7,b,48,7,0 4ef3f61f,6,56,0,0 b1c34a7e,b,64,7,0 c99a3a65,b,68,7,0 7837be23,b,72,7,0 4a90fedf,b,84,7,0 8465b23e,b,88,7,0 f7fe08c7,6,96,0,0
P d47cf77 0 0 80 41ffe34a,c,12,0,4f8379ba 8558b866,c,24,4,0 3dfc198a,a,32,0,0 22ca45b4,9,48,0,0 33b52a22,5,64,0,0 eaa4cb67,4,68,0,0
P 94061376 0 0 40 41ffe34a,c,12,0,4f8379ba 8558b866,c,24,4,0 c74b449,0,32,0,0
P 227ae821 0 0 80 62c78f64,5,8,0,0 41ffe34a,c,20,0,4f8379ba 8558b866,c,32,4,0 4ca9c70f,b,40,7,0 294ccbf7,b,48,7,0 8735d0ff,9,64,0,0
P 6521e8f3 0 0 64 62c78f64,5,8,0,0 41ffe34a,c,20,0,4f8379ba 8558b866,c,32,4,0 4ca9c70f,b,40,7,0 294ccbf7,b,48,7,0 6df6c4e3,b,56,7,0
P 22564d9c 0 0 64 62c78f64,5,8,0,0 41ffe34a,c,20,0,4f8379ba 8558b866,c,32,4,0 4ca9c70f,b,40,7,0 294ccbf7,b,48,7,0 a64ba814,6,56,0,0
P d4d63992 0 0 80 41ffe34a,c,12,0,4f8379ba 8558b866,c,24,4,0 6d629b08,9,32,0,0 13b2281c,a,48,0,0 27476c14,7,64,0,0 fce2509e,7,68,0,0 c77e23cf,6,72,1,0 8692e296,7,76,0,0
P a960f0dd 0 0 48 62c78f64,5,8,0,0 41ffe34a,c,20,0,4f8379ba 8558b866,c,32,4,0 4ca9c70f,b,40,7,0
P 36bb71d3 0 0 72 41ffe34a,c,12,0,4f8379ba 8558b866,c,24,4,0 62c78f64,5,32,0,0 f278a59d,5,40,0,0 49bdc0f0,5,44,0,0 5ff0db96,5,48,0,0 84a4495c,5,52,0,0 a3c41d37,5,56,0,0 2d1e0949,5,60,0,0 923f7e0e,5,64,0,0 e4877684,7,68,0,0
P 2139d1ca 0 0 32 acec22be,b,8,8,0 f4e53011,b,16,3,0
P 121dcabe 0 0 48 41ffe34a,c,12,0,4f8379ba 8558b866,c,24,4,0 bd8b46c,7,32,0,0 e953fd29,6,40,1,0
P d9dad243 0 0 48 41ffe34a,c,12,0,4f8379ba 8558b866,c,24,4,0 33b52a22,5,32,0,0 eaa4cb67,4,36,0,0 2bc93e83,b,40,7,0
P f535ced6 0 0 56 41ffe34a,c,12,0,4f8379ba 8558b866,c,24,4,0 62c78f64,5,32,0,0 100,5,0,0,0 30879da6,d,40,0,3
P 3af5852b 0 0 80 62c78f64,5,8,0,0 41ffe34a,c,20,0,4f8379ba 8558b866,c,32,4,0 4ca9c70f,b,40,7,0 6d629b08,9,48,0,0 12ce4b36,7,64,0,0
P 93a68a2f 0 0 96 100,c,0,0,c25b3923 b52cae23,d,0,0,0 100,c,0,0,59869c63 f78afb23,d,16,0,2 100,c,0,0,d0ad6e62 2bda143f,d,32,0,4 100,c,0,0,c11f3ee1 dd4c5ccc,d,48,0,6 100,c,0,0,5a564e50 d2611c99,d,64,0,8 100,c,0,0,2c325290 38767a8f,d,80,0,a
P c25b3923 0 0 56 acec22be,b,0,7,0 100,b,0,7,0 c496e4a8,d,8,0,1 100,e,0,0,471bca5b 4b621302,f,24,0,200003 100,b,0,7,0 977c7282,d,32,0,5 f9cac411,6,48,0,0
P 59869c63 0 0 132 69004b2,e,0,0,c9e9a69a 277dcae0,b,4,0,400000 64dd3030,b,68,0,400000
P c11f3ee1 0 0 24 31af439f,b,0,7,0 100,e,0,0,6452a05b 6452a05b,f,4,0,200001 100,b,0,7,0 8fb42ae6,d,8,0,3
P 5a564e50 0 0 24 ac445064,b,0,7,0 100,e,0,0,6452a05b 6452a05b,f,4,0,200001 100,b,0,7,0 8fb42ae6,d,8,0,3
P 2c325290 0 0 24 acec22be,b,0,7,0 100,b,0,7,0 c496e4a8,d,8,0,1
P d98bb561 0 0 96 100,c,0,3,0 f17e7f28,d,8,0,0 100,c,0,3,0 18a3b1b,d,24,0,2 e6e17f14,b,40,7,0 100,b,0,7,0 3c6f8844,d,48,0,5 100,c,0,0,d9826a6f 69adf93,d,64,0,7 100,c,0,0,46ad6dff 65e9d4eb,d,80,0,9
P d9826a6f 0 0 40 a99c4651,b,8,3,0 33ec6b5,b,24,3,0
P 46ad6dff 0 0 336 acec22be,b,0,0,400000 bf74dfa7,7,64,0,0 67d26872,6,68,0,0 6c1523e4,6,72,0,0 d9ef8236,9,80,0,0 e78aa618,9,96,0,0 d61872ff,9,112,0,0 82e8c5de,7,128,0,0 d810651,b,136,0,400000 b543c7c0,b,200,0,400000 92cdf72a,b,264,3,0 7ac2cc6d,b,280,3,0 94e45a8e,b,296,3,0 100,c,0,0,7609ab1a ca3d3e3,d,312,0,d
P 7609ab1a 0 0 216 3d43c5d0,b,0,0,400000 4d7e742b,b,64,0,400000 5c15b4c6,b,128,0,400000 bb4cdfbf,7,192,0,0 80ff5dea,7,196,0,0 100,c,0,0,cc76a96c c3d51350,d,200,0,5
P cc76a96c 0 0 160 1f897cb9,6,0,0,0 db2290b8,9,16,0,0 65fab1ea,a,32,0,0 29d7f7b0,6,48,0,0 c0097997,7,52,0,0 5f6709a3,7,56,0,0 ccb4d20a,0,60,0,0 967ef874,b,61,0,400000 5d68ba61,7,128,0,0 cd86f6e4,7,132,0,0 d52db495,0,136,0,0 4dba91cf,2,137,0,0 16bf8e7,2,138,0,0 84a07fb2,2,139,0,0 4063c8f9,9,144,0,0
P 3a26e5e1 0 0 96 e6e17f14,b,8,7,0 d8950703,9,16,0,0 52d24328,a,32,0,0 727cee59,b,48,3,0 1f897cb9,5,64,0,0 29d7f7b0,5,68,0,0 50032cdc,7,72,0,0 dc732774,5,76,0,0 67d26872,5,80,0,0 e953fd29,6,84,1,0
P 82d6fc83 0 0 176 bf74dfa7,7,8,0,0 67d26872,6,12,0,0 6c1523e4,6,16,0,0 d9ef8236,9,32,0,0 e78aa618,9,48,0,0 d61872ff,9,64,0,0 82e8c5de,7,80,0,0 ad5d5b4c,7,84,0,0 e6e17f14,b,88,3,0 75d215a1,b,104,3,0 19471791,b,120,3,0 fc1fb6fb,b,136,3,0 d3c717fc,b,152,7,0 100,c,0,3,0 f17e7f28,d,160,0,d
P d0ad6e62 0 0 12 31af439f,b,0,7,0 ac445064,b,4,7,0 fb5297f9,b,8,7,0
P d3593fa6 0 0 304 e6e17f14,b,8,7,0 a99c4651,b,12,7,0 67d26872,6,16,0,0 6a675035,6,20,0,0 dd22821f,9,32,0,0 a22ea335,9,48,0,0 1c75bcf1,9,64,0,0 6d074437,9,80,0,0 100,c,0,3,0 ccab9307,d,96,0,8 100,c,0,0,163022a5 aeff8d15,d,112,0,a 100,c,0,0,3a282e1d ed70c614,d,128,0,c 100,c,0,0,a36c4ead 7f1998dd,d,144,0,e 100,b,0,7,0 38999564,d,160,0,10 100,c,0,0,674f9350 af9c3bd9,d,176,0,12 100,c,0,0,6ee83bdf c200ab4c,d,192,0,14 100,c,0,0,87ac4538 4f0ed451,d,208,0,16 e433d77d,c,224,0,b7206e4a
P 163022a5 0 0 8 e6e17f14,b,0,7,0 d89231bd,6,4,0,0
P 3a282e1d 0 0 16 2dcd2b8,3,0,0,0 3575b7dd,3,2,0,0 5f380b61,3,4,0,0 dea62962,3,6,0,0 aa25e6e5,3,8,0,0 a03aee0,3,10,0,0 cfbd1f29,3,12,0,0 508815c1,3,14,0,0
P a36c4ead 0 0 64 78e9a1bf,14,0,0,0 bff5efeb,14,16,0,0 9199755b,6,32,0,0 100,2,0,0,0 72ea9ef,d,40,6,200003 32e6ab8b,4,48,0,0 8b566566,4,50,0,0
P 674f9350 0 0 64 e6e17f14,b,8,7,0 672d4771,9,16,0,0 98474238,9,32,0,0 afb02915,7,48,0,0 13d14fa4,7,52,0,0 2543dc07,6,56,0,0 16af8fb2,6,60,0,0
P 6ee83bdf 0 0 80 1166164,9,16,0,0 2bd275d1,7,32,0,0 3a6112d6,7,36,0,0 76f0293,7,40,0,0 bd4e0111,b,44,7,0 67d26872,6,48,0,0 90e9116e,6,52,0,0 169cdaa7,6,56,0,0 55378bf6,5,60,0,0 4acb771e,5,64,0,0 701d41c1,5,68,0,0 66782e77,5,72,0,0
P 87ac4538 0 0 136 100,c,0,0,e2cbcfd4 34df9828,d,8,0,0 100,7,0,0,0 cc6806e8,d,24,0,2 100,7,0,0,0 2bb342ba,d,40,0,4 100,6,0,0,0 b983bbe6,d,56,0,6 100,6,0,0,0 3e818018,d,72,0,8 100,2,0,0,0 455c3938,d,88,0,a 100,2,0,0,0 bc76acc0,d,104,0,c 100,2,0,0,0 88a2b1fb,d,120,0,e
P b7206e4a 0 0 72 68c27e33,6,0,0,0 67d26872,6,4,0,0 e6e17f14,b,8,3,0 76350055,b,24,3,0 8c060170,b,40,3,0 f678e23,b,56,3,0
P ce501483 0 0 128 a023a02c,b,8,7,0 67d26872,6,12,0,0 9a7b6e6d,6,16,0,0 1166164,9,32,0,0 77dd4010,a,48,0,0 9ca32637,7,64,0,0 10fb7c42,7,68,0,0 d89231bd,5,72,0,0 bf74dfa7,7,76,0,0 6c8f1715,e,80,0,4b5acc2f a687ac89,6,84,0,0 2691f019,e,88,0,26a60207 100,c,0,3,0 f17e7f28,d,96,0,c 18c1d587,5,112,0,0 23c0e543,5,116,0,0 3c852527,6,120,0,0 a04ea80f,6,124,0,0
P 793441f4 0 0 48 100,c,0,0,e2cbcfd4 1166164,d,8,0,0 100,6,0,0,0 b987d32,d,24,0,2 dd11304b,4,40,0,0 7a5c560d,4,42,0,0
P de5db4c2 0 0 32 100,c,0,0,811c03cf b7e5d57c,d,0,0,0 100,c,0,0,771e3577 44159989,d,16,0,2
P 811c03cf 0 0 40 df6b30ef,6,0,0,0 3f480757,5,4,0,0 baf48c55,5,8,0,0 36d7020,6,12,0,0 3d535eda,5,16,0,0 100,c,0,0,f6624ef9 bef8bc2c,d,24,0,5
P f6624ef9 0 0 16 6c0eb7bf,6,0,0,0 b4e6530e,7,4,0,0 e3674005,6,8,0,0 1c4929eb,0,12,0,0 3f33caad,0,13,0,0
P 771e3577 0 0 24 6098a50e,6,0,0,0 100,c,0,0,892cf74f d27114dc,d,8,0,1
P 892cf74f 0 0 8 a23cde7b,6,0,0,0 40a50f77,5,4,0,0
P 840c3a8d 0 0 64 acec22be,b,8,7,0 c325dc99,7,16,0,0 67e67022,7,20,0,0 4f35f436,7,24,0,0 c141569a,7,28,0,0 37eba23a,7,32,0,0 4e89440a,7,36,0,0 12212f41,6,40,0,0 b94fe609,7,44,0,0 a19aadbe,7,48,0,0 393cd5b4,7,52,0,0 dc25fe5e,6,56,0,0
P 83cbb1ef 0 0 16 5a1a83ab,b,8,7,0 18c18266,7,12,0,0
P 8d6fd954 0 0 24 26da36ad,0,8,0,0 f82ed670,7,12,0,0 2b9554b3,7,16,0,0 3f82207f,7,20,0,0
P 8de5a20f 0 0 40 acec22be,b,8,7,0 82c3352e,7,16,0,0 b26e54d8,7,20,0,0 f0ef8540,7,24,0,0 b72c5e85,7,28,0,0 1a68c028,7,32,0,0
P dbdf9591 0 0 32 acec22be,b,8,7,0 753786db,0,16,0,0 8f6f489a,b,24,7,0
P 27aa0b83 0 0 24 100,c,0,0,bc01ad85 fdd5395e,d,8,0,0
P bc01ad85 0 0 32 936fd5cd,a,16,0,0
P d5aa62b4 0 0 80 acec22be,b,8,7,0 8ebb0e50,7,16,0,0 c8c298b5,7,20,0,0 93b2ca77,7,24,0,0 c94049af,b,28,7,0 291224f4,b,32,7,0 8cc00e4,7,36,0,0 c0788a0,7,40,0,0 f08b3e33,7,44,0,0 b6521526,b,48,7,0 9dede434,b,52,7,0 ff477a91,7,56,0,0 39cf3b2f,7,60,0,0 7fbeffb3,7,64,0,0 44834c27,b,68,7,0 31cde133,b,72,7,0
P ad5be411 0 0 48 acec22be,b,8,7,0 7703095,c,16,0,df771251
P 3796f001 0 0 56 100,b,0,2,0 fddded14,d,8,0,0 100,b,0,2,0 dcd9e691,d,24,0,2 100,b,0,2,0 d50750e1,d,40,0,4
PE 157c285e 1 1d632ba1,-1 309c82aa,0 39c783d1,1 2b95e772,2 d2dcb601,3 bdba8bbd,4 f0c9f1db,5 e1285298,6 db3abbe,7 ff6d0f31,8 32887567,9
PE 2070c98c 1 3225c16,0 86502b86,1 ef239f17,2 93a496b0,3 1a1387c7,4 2b879e4e,5 ba87043b,6 69103b2b,7 9be2b916,8 f7d1b42f,9 b101372a,10 620dce68,11 50f76581,12
PE 7b21d8f4 1 1d632ba1,0 8a2e37f4,1 321c81b1,2 e9c379e5,3
PE e665ca48 1 12d1b7a3,0 d716a57d,1 8e336d48,2 8a14ee21,3
PE 8ce79df3 1 3e90c7a3,0 d64193c6,1 7afb5d3b,2 16adad17,3 245c773d,4 87a8977f,5 787e89fe,6 45031a1f,7 d2c1a7c5,8 8a831749,9 3629afbd,10 41060965,11 458967ad,12 efc2bca1,13 43b56485,14 3176c008,15 2841ad9e,16 15fc0913,17 f06d1646,18 1de8991,19 284cbf66,20 2804aff6,21 9195183b,22 1ea9782b,23 4f476f80,24 c82d303f,25 fec39d73,26 ecfdf9e0,27 af81c574,28 a09827a1,29 92cf0c0f,30 a372acf2,31 e48131ca,32 1eada626,33 a2679102,34 cb357f72,35 9360c58,36 8c52d14b,37 95046981,38 6018ec6,39 c6bfce76,40 79126fde,41 c36a407c,42 8b24de10,43 63e0f1fc,44 ec8b6940,45 e9a12813,46 9e5750c4,47 fc0963df,48 72701f3d,49
PE d8b78c18 1 1d632ba1,-1 d418625e,0 7570e9f7,48 e7a4b1f5,49 8d48fd33,50 e89f6975,51 1d4bd50d,52 659da09b,53 b55e9119,54 80116e55,56 b5a13fd0,57 fee4d256,58 111776bb,59 63571b31,60 7594bfac,61 bf06529a,62 d0ccf627,63 1a618947,64 9afe161a,65 d6838d20,66 e841b09c,67 b228c46b,68 c5ebebf1,69 1f8b1f36,70 31134246,71 e3ae3b42,401 b5d75f91,402 88f005c3,403 9a6528ad,404 a8b74559,405 bb806aeb,406 8cb18d4e,407 9ea3b132,408 720d5806,409 7eb5a55f,410 90f2c9d9,411 a2286c44,412 35df93bc,413 47aa3751,414 828cb15d,417 744614d0,418 65e4f80a,419 583b5cb7,420 4857bcf0,421 3295916c,422 edd787f1,423 15e0d803,424 cb7a433b,425 a2fe7305,426 4fc0bb29,427 a472648b,428 6a657072,429 411f1de6,430 71ea9de,431 5c405428,432 229260c5,433 f9d00f41,434 c2251fec,435 b4d2bda2,436 86116020,437 594e869b,438 6a8ca917,439 5dc70f88,440 6f063206,441 3e435085,442 81840d59,369 afc5e9dc,370 dce14416,371 8b2920a3,372 d85bbb0b,373 ee9ae789,374 33b4f1bc,375 29e6de20,376 9f49c928,377 85e2965a,378 3ac88027,379 5112acbb,380 fa517f3a,381 c87b9b8f,382 961436bd,383 e3c85228,384 60a16ab,385 13d7b246,386 d1892daa,387 1f64495f,388 3cd1843d,389 4afb2090,390 647fd399,391 79b5fe05,392 543ab307,393 a9e95e63,394 a0564b59,395 528f2fcc,396 ae29f7f3,79 4efa9c74,80 ea304a04,29 31f1b0bf,21 3b17c31f,22 8f403980,91 e7acea50,92 ed2acc8f,97 cad607ea,95 6b84fd2,98 7a48b711,96 b356fc4d,93 367d8298,94 ff523403,42 1dbbdcce,43 8c673a77,45 9d597007,44 9f76f44a,46 d206c5bd,47 e7f1360d,30 8924db8a,31 40db2a2f,41 f3757d11,104 2124d86f,105 e57c6127,106 2b646cf2,107 6801c9cc,3 e179bcee,4 98303b0f,5 41628d75,6 6aaa523c,361 54777da8,362 2ecca2be,363 79625ec4,364 d9da40a9,474 302eed55,475 fe6709c6,476 d561b7b8,477 a2f4d2df,478 f5c77883,479 c7399b68,480 66e35ab9,481 74127517,482 7b1d0330,483 99513f98,484 2b8b640a,485 f9fc80ed,486 50172d21,487 1e33495a,488 f86a7dc5,489 c6409972,490 cfc26ec,491 da8f420f,492 81468f7f,493 8f072b00,494 d1c4b07a,495 b05a6da6,496 c43f9500,497 9e074890,498 e7cd5c1b,499 e514ec18,500 badf97ae,501 c8893301,502 a24f6682,503 b10703f1,504 85dcad9d,505 948b4afa,506 6933f454,507 780d91ff,508 4cab3b43,509 5b83d8f4,510 edfbec82,511 403890f6,512 526b355b,513 2499d9b9,514 e1885253,524 a94461cc,525 bb14056b,526 8f19ad77,527 f6d51f82,560 1ae8ebdc,561 696d406a,562 d689204a,563 592cd962,564 ea37bb86,565 44fe0297,566 3d8aab69,567 99637f55,568 3777f871,569 34694c0f,570 18878d65,571 40c607a9,572 c0f830d1,573 c93733bc,574 8df7ff36,575 d6ff59fc,576 d6ff59fc,577 480cce68,578 12196d1c,579 2759f5aa,580 a6b0d61d,581 b58902b2,582 783d7f11,583 ed20384b,584 42e56db3,585 42f2dbb6,586 f232d089,587 ef1c0789,588 8a525f56,589 88a081ff,590 8126fe95,591 943c7a44,592
PE cb7ceff9 1 64a2b72e,0 b2ea68c6,1 44732e48,2 7aa3dfba,3 5cc0cd59,4 6d1ed59c,5 1b4a4d1d,6 61245226,7 ab9c5f36,8 be5268ae,9 a522663a,10
PE 6b07faef 1 3db70f68,0 21e3c656,1 f5fd8d8a,2 6feb1c00,3 b1ae3573,4 11cc37ed,5 26e25700,6 899f9c51,7 c4454510,8 74e9e475,9 177df599,10 f2bc220c,11 6ad5ce4f,12 3a78a27c,13 489fde9c,14
PE e6565afb 1 4df4461,0 cbfb94e3,1 f549021b,2 8631705a,3 914f28b0,4 f8dbb290,5 2ca1d59,6 a7c198f3,7 4a33ab83,8 50f54a62,9 33d82852,10 a173324a,11 1419bffe,12 e186b4b0,13 d0647762,14 b449979f,15 8a6d17b3,16 64d2264c,17 4fdb7e45,18 79b3be43,19 1bfbb1b9,20 6b8e262f,21 132be4b2,22 6b7b528f,23 92b4035,24 554ef2cf,25 e5852fb2,26 2d09ca5f,27 a6853eab,28 4c09ec73,29 8f3dc129,30 90e80e66,31 5af6e761,32 c73dccc8,33 69408e33,34 39152834,35 2d3fdd16,36 368a4fb8,37 e8564f30,38 6c3c9629,39 767392bf,40 84680d66,41 ee0b6e97,42 55282999,43 802faa3e,44 c7e8a68,45 965c991a,46 35ff1619,47 2e38ee36,48 a1041cc3,49 ac334c3f,50 8d8172f4,51 a32869f5,52 663070fe,53 f9558537,54 eb4ddedd,55 dbaf80c3,56 2f816c9b,57 6b9ad4ac,58 2afdb691,59 554b9e4d,60 9992091b,61 194ce9b,62 4018d78f,63 34bc6e60,64 3a9fe8cd,65 ae6728f7,66 bd82a333,67 8fdd7432,68 2cd0e58f,69 289572b0,70 dc70f839,71 81e9901d,72 f5e0a315,73 75deb8be,74 ee357140,75 d150207b,76 c93a0fbf,77 12b7d65a,78 85df8e1c,79 303418ec,80 b3b58b86,81 b047e53d,82 1074d56e,83 62896375,84 fd93e8b,85 fd954d29,86 21f1b53b,87 4edb4e51,88 5dece7a1,89 9a219349,90 48c829f2,91 944c14c4,92 3412a909,93 f4e48104,94 30d86fb0,95 65464e10,96 72564e7e,97 395c9d88,98 373c5e9,99 69a683ff,100 bd56513e,101 d8944885,102 15262ad3,103 a6f8f271,104 c1546e49,105 4876c7f6,106 4deaa4fd,107 646f06c8,108 8066b64c,109 e561ba6b,110 943aeba1,111 257af851,112 aacb7892,113 59ad5bbf,114 9f005352,115 b08eb19b,116 53e5d4e6,117 e9e7e8dd,118 ef0493f7,119 5e8a0090,120 52cbb1ff,121 d9784efe,122 a3be5a69,123 4532f381,124 133d37b5,125 23835299,126 799d2732,127 341198a0,128 243a4cd6,129 17134b66,130 84e9b111,131 9107d3c4,132 49fccd76,133 48f364e9,134 fbe8de2f,135 8470577,136 f9af6eb9,137 f215eb67,138 87562960,139 99134f34,140 9752d225,141 aeeebe28,142 58b3af07,143 6a2ba3f4,144 f6898315,145 c7ea4394,146 662e68ca,147 5f9656ff,148 beec8b1a,149 e0491391,150 9b89716c,151 4e0b6053,152 26ae290e,153 7ecfcae9,154 8a92da2b,155 5767377,156 78557e19,157 f6282075,158 187b845,159 44180923,160 61b37b91,161 f945939b,162 f3122287,163 f7ecbf5,164 77731bc6,165 bcdf954b,166 84cb0151,167 f61877c,168 cffb4426,169 246bf3fe,170 6f3da8d1,171 6737c0e5,172 30fcca21,173 f53935be,174 1651305f,175 a33eca4e,176 9fa1bbaf,177 bce9b136,178 90534326,179 7fe69508,180 85c753df,181 6adef3,182 4cd6375c,183 da94a,184 1dad994,185 145ac698,186 d818f53b,187 203d234,188 a6f20ada,189 ffd53760,190 14c954b8,191 a6d48954,192 15b636d3,193 14e2d61a,194 bc16a905,195 e691f72a,196 47677e14,197 d99371be,198 abccc9ee,199 88aad2d,200
PE 27159db6 1 1e3ba09f,0 51b80ab,1 d5a22418,2 7b8053e,3 8032e499,4 bf0590d0,5 6715003b,6 4ff5bbdb,7 77bc5e79,8 9e1b6f1f,9 43d10074,10
PE a0177817 1 dd4e11a8,-1 520b3f7a,0 9c42d3e8,1 ad997695,2 acd2bf9a,3
PE af653a9a 1 e3be197e,0 fa5c9537,1 21d913bb,2 f8f5ef83,3 11002134,4 f3d90f0,5 8c3ae035,6 d5be569c,7 68d36487,8 685ba2c4,9 29ad2f5,10 f1e0c65e,11 7ac8e1b7,12 bf5d8319,13 5af7d7af,14 94bdefd6,15 f64ac986,16
PE 1656864b 1 cbd500c,0 11ad4a17,1 d74f168b,2
PE 25faa988 1 a3e7e764,0 7d364917,1 530abda,2
PE 77e96bb8 1 31e024c0,-1 7f6ad064,0 d59c5370,1 a39b1eab,2 3a45c90f,3 814de9fd,4
PE c1f3f299 1 b817996d,0 e4209a7f,1 4509cdce,2 a182bc57,3
PE ef50abc9 1 7cba6271,0 433e3bc5,1 d0636f1e,2 20e2e03e,3 1b91af1d,4
PE b497035a 1 4b81e2a,0 44ae688f,1
PE 34f6c554 1 bba4670a,0 5d2af828,1 7d26c055,2 407e18e6,3
PE b636b7b6 1 16dc582c,0 a71c6c68,1 e974706f,2 965086b,3
PE d67b273 1 aedcf964,0 353335a9,1 a294195d,2 b4c0bdb6,3 1e4c68fc,4 316c1c9b,5 a1d9c218,6 9892af8a,7 13f2a64c,8 a88d0699,9 d95d86f3,10 e94b26ce,11 3d034e3d,12 de56bb11,13 f72e7b9e,14 ddee1210,15 76436aec,16 13cfe77d,17 65b3dd2f,18 751a6746,19 2c003e7,20 d318b21d,21 1ac19ec,22 855b091b,23 5fa73db4,24 69a451ae,25 49d7ca83,26 89b73976,27 6f8cd82d,28 5d78308,29 4ebe71b3,30 e0788a20,31
PE 594efef5 1 a0ae0bbd,0 258235f4,1 12ade00c,2 7cf10194,3 d12822bc,4 24746239,5
PE 61432155 1 62351871,0 a97c9583,1 13b82735,2
PE 2bb98246 1 e671d8dc,0 5b80ef0a,1 4e95ad00,2 2aa153d,3
PE 9395154f 1 13ccdc63,0 6accef3d,1 9864d735,2 c864358b,3
PE dc4fde9c 1 1fe9f644,0 a0996a92,1 d5b09b22,2
PE 813b6c49 1 7f80f07,-1 ebb8940d,0 c0744df,1 7242674a,2 1e4507da,3 7265f4dd,4 f654cc69,5 1dbfde73,6
PE c267ef1f 1 a3212a23,0 33124c4b,1 59be8c0b,2 a8f31131,3 16447bcc,4
PE 1ecf3b6a 1 9dad914,0 17015f4d,1 e1449e70,2
PE 9ee5eca0 1 933d7768,0 8fb96299,1 7d5b910e,2 d2c13bd4,3 ce0517cf,4
PE 9cb34eac 1 dd11bec0,0 7f5863df,1 d4ac75b6,2
PE 8cdfb5fc 1 d37e28fd,-1 6160f6b,0 66ccb5a4,17916 2226617d,11816 7b6d3603,53251 f38a2b5f,57597 96c75744,23553 8576b4a3,24816 2c2081ec,24817 a2046dbe,24818 5af60c12,39317 d53f7352,24532 e9521f00,31086 2522fe83,10706 33c10dfa,40269 c2dc2923,28252 4345d193,57005 97b12a21,58866 3bf01d6b,64016 2e2a81e0,64017 fe11f6e1,58867 2134e4dd,64096 125e4730,64097 7c247308,58868 81a54214,64112 5cd6f878,64113 50f91cb2,58869 4c645d13,64064 7f57c2f9,64065 5eb7b82f,58870 5a887abb,64080 88cbd741,64081 c1ecaa77,64729 de41ee26,45509 99ff40a7,61163 b64e2255,18905 cfa104de,26610 c73c80c4,4089 95361cb8,4090 3ac8db2c,26611 96a697a9,4169 fd59e50e,4170 4d1c7fd3,26612 d2361027,4185 d44063e,4186 3332cbfc,26613 c0e400e3,4137 96a9ac6f,4138 44886ea7,26614 bdb37bb6,4153 f60a6c63,4154 a86ed680,58271 f04e5be6,63931 62ad30b9,14201 de9e051c,2108 94d93880,7531 64e8a856,51826 5edcd534,36864 e6d878a9,52301 479977ad,20781 b30e4833,45631 721a22ed,35731 6242d917,5232 1fc8caee,37119 77fe45b3,61007 4bf3bc1e,43810 a224efbe,23639 a95edc2e,6442 b279f68f,60309 6d67971d,28422 ddca0519,41922 6226170f,18212 9e00c864,33399 ffaefcdf,38180 8dcd981b,39126 a7df33e,39638 e6b566ee,36029 ca8c1d6c,6286 3a7b1c6e,838 4c2cbfd1,839 8cd84127,840 9e82e47c,841 713089d8,842 83182da7,843 421c25df,30992 2fe58172,30993 25a66cf4,30994 1338c819,30995 5a225c,30996 f68c0ec0,30997 8fb7434a,6986 a1f5e7c7,6987 704a0470,6988 23dcd685,16351 3b8837d,1805 9d7808c3,39905 74374b76,5956 c4753a7b,6468 5ccc8994,25260 b4a76356,27474 cdd07b65,56604 cf0b2807,12844 25bbb1aa,57717 d4d8a6f0,24806 794a03e0,65245 3a14e418,35502 86ef7cd6,15570 70328671,28462 90562094,13201 9da48ce3,48472 f3c4ac3d,5930 57cc9fa2,44297 6ca9b652,47158 e7059f6c,19729 98a56a6f,43885 f174efbf,2359 3d4a076c,2449 bc50fdbb,19336 7398f143,64744 41648cdb,64745 198abd84,64746 baa782a6,56194 488ecbc1,45733 fa46af32,45734 75e3a66a,45735 9b0bf8b7,48389 820e46bc,48390 bb35b90a,48391 1b20ec20,30929 e2ae184d,33869 2c83817a,4126
PE a5e44 1 69f18a27,-1 8f01c5c5,0 90fc8824,1 e908be0c,2 d2cab3cc,3 466f58a0,4 14d85867,5 d2a1f697,6 bc096f04,7 5e042f03,8 8c60b47a,9 74e508c8,10 a095f903,11 3e171094,12 14dd0af1,13 d8ffae6f,14 7fc7a8ff,15 9f5d42ac,16 eaf9a0fb,17 26905b4f,18 c3cfc3d9,19 f845d564,20 5572eb8f,21 1b26e005,22 b3729681,23 8c8a87d3,24 e7f244c8,25 cae2af96,26 144f7e69,27 18c8c0b5,28 14d82543,29 432ae993,30 433e8086,31 844ce367,32 4429946b,33 e4ba7e97,34 3932c7e,35 5c7ce084,36 f1429e1d,37 849aecd9,38 b45e52ce,39 fefe507,40 e656b3cf,41 7678d628,42 dead0a49,43 271ac7f7,44 e7f50298,45 65f5f9b3,46 f7f0edc9,47 e9322bdb,48 63a54f1c,49 2910757a,50 284e6b78,51 56a12dcc,52 57c1510d,53 7d479361,54 86688324,55 6fcb1a93,56 9c918f39,57 f2648776,58 b119aeb2,59 cb0761fd,60 df384b84,61 bffeca9c,62 92ecf006,63 87342208,64 93721847,65 a61fe47a,66 6fcb8aae,67 34d5743,68
PE 2b545ab0 1 8d94f5bb,0 3a5765ee,1 1492f191,2 a21fd309,3 3ee521df,4
PE 5f56c3da 1 5c2e4de9,0
PE 38ffb219 1 9c2c7fce,0 ac0f3ac7,1 84e7ac4c,2 bfc9e093,3 5b17f255,4 17493efd,5
PE 4a55ce69 1 76e88b83,0 ef00fbb2,1 44c2650,2 de4e336e,3 446c1c7b,4 349ba637,5 173c3ded,6 17c0b71a,7 c98f1ab8,8 34c1f11c,9 29859094,10
PE a5d84583 1 b9d72d30,0 15925c61,1 63c5cba1,2
PE caec3ee2 1 265e5869,0 68a3350e,1 bbb029a6,2 743c7fa9,3 7b1b9d68,4 4a7d7d59,5 b50b86b9,6 77ca5c5f,7 da267213,8 efe56403,9 f33fbf07,10 ba2e24ef,11 6404fc12,12 4c0838a5,13 617fb452,14 87ac81a3,15 1d6dc5a1,16 3dd79ad9,17 45507806,18 2c1362d5,19 2862e051,20 67b1c549,21 aec66b2d,22 60180457,23 25853fb1,24 d277418d,25 6974258d,26 6c450963,27 cd9b626e,28
PE 7f5c19ff 1 99d2102a,0 f269f8d8,1 daa66ff0,2
PE 1ea25d4e 1 b170b415,0 3c8d029f,1 6c0c24d5,2 3e532abc,3 bf565074,4 a37934a5,5 7bed12df,6 f9012bad,7
PE a11d7ca8 1 995eb5bf,0 cfffc3a0,1 a526c694,2 e4d595fc,3 42d4e45,4
PE e9b5f3e5 1 b8b75e54,0 e31a36f4,1 6c03d7c5,2 7c17df11,3 aba18982,4 e86c75d6,5 fa7c12a6,6 72bc8bbd,7 8eb7230f,8 a071134d,9 e17012aa,10 3ed9f3a1,11 c0ac286e,12 c2cff53c,13 953bf20,14 24648923,15 3d7c92e7,16 6c528246,17 b51fedd2,18 ccab4610,19 c02bf4a7,20 e1666b56,21 2b6b998b,22 aaff48ba,23 ca5aa3b2,24 5dbc9e97,25 f7410a5f,26
PE fab6f340 1 b8399694,0 2a957b52,1 d3164c4d,2 cbdbd35c,3 e19efee2,4 b2111fc7,5 7c9153cd,6 2e4e3748,7 470e68c8,8 7690e085,9 7f1f9dfc,10 57020141,11 2de25158,12 148d3df9,13 9b679e60,14
PE 35c3d8a5 1 4582a12f,0 35a11b0e,1
PE d261d19d 1 b074224,0 9f82ee3b,1 fc11cd9b,2 3c4fce8c,3 e13c2b84,4 b1d0cea2,5 3defddd3,6 c7942fa9,7 e9bf811a,8 d93bb5ba,9 973a6e30,10 dbf8dd52,11
PE e7d67d78 1 8e57cc56,0 4e0aa744,1 8f971d0f,2 53c34af3,3 bdb9c13b,4
PE 9f7a5650 1 6341b8bb,0 27a3f4c1,1 6d8f0a15,2 5530aa7c,3 13fa169e,4 76f5545e,5 11f362ae,6 a2946cbb,7 80679e37,8 c0c2a4dd,9 b4fed7bb,10
PE ae1269b3 1 e2478dee,0 631b34bd,1 2c1ec5f0,2 3f96a1a0,3 29a24548,4 7c691dab,5
PE ac939fcf 1 7066efae,0 a2415a07,1 42b76ce3,2
PE ecfbae0 1 ffb98e1f,0 39048bd1,1
PE b79414f0 1 1194fcef,0 368929ed,1 4e8de87f,2 a9d08e90,3 f83778ee,4 ab1fe032,5 262db812,6 d0b7d6e1,7 d89ff93e,8 a0e0b53,9 479525b0,10 fa798296,11 3abe064f,12 8c041ba0,13 49886924,14 452884ca,15 b2aa996e,16 f7ef0b72,17 28ffbd9e,18 80f5aec,19 47547b72,20
PE 61babf2f 1 aa8f5a74,0 1d4d7830,1
PE 5ceff047 1 f4b9d330,0 e3db0243,1 2cf4adb9,2 c9d2b711,3 21f3ba2f,4 3347354d,5 ca39c11d,6 67c11f6e,7 b235a623,8
PE 399d84b9 1 74678b40,0 90a2c738,1 260e649d,2 f31f938d,3 a1a2b3e8,4
PE 1b1af0aa 1 a17322ed,0 ed800c3b,1 8539bf22,2
PE 731d54bc 1 dd3a0995,0 3ac7d170,1 6d459ab4,2 163de83b,3 95f5a561,4 589386e2,5
PE f11533f5 1 2f79ed9,0 3ff50562,1 e8da29e9,2 4253aed5,3 5f0a5d91,4
PE ee89b448 1 fca3d63b,0
PE 59d8eea1 1 619b1b40,0 1c8caf94,1 363dfab,2 44b2ae2b,3 d3c22fbc,4 566d3f1f,5 ac0ddf80,6
PE 3e8f9836 1 5f64575f,0 ee5e9b5b,1 c1c43bc3,2
PE 34b4a664 1 1c6c1df7,-1 451af524,0 2986ab03,1 adf45cf6,2 dcfd492a,3 c20348d4,4 a67e51a2,5 891ef1d1,6 5aa4d585,7 e01d3a0e,8 3eaf3c2a,9 d870de38,10 8da34b66,11 36e4e25a,12
PE d127f6e9 1 20316255,0 67b4e2e5,1 8f8e2d33,2 91cfb073,3 e3c91277,4 c91989e0,5 f7e02e33,6 97df7af3,7 67109956,8 7549b5c8,9 c2b2d09d,10 886c6570,11 7a647202,12 7772ef1,13 e8c7ff41,14 1d1cb8f4,15 755055f9,16 37e7ff67,17 43005317,18 143570b7,19 69efa71,20
PE fe25433b 1 2671d94,0 86ef0d68,1 72af5176,2
PE e27bd161 1 4745ceba,-1 5ffcb123,0 7ebf2bd3,1 5877fdd5,2 44941d4f,3 6aff79a6,4 840d1897,5 8c4b5bca,6
PE 6bde35c8 1 b7372233,0 ad642959,1 e2c73101,2
PE 34f327b9 1 8b8ad4fb,0 1ced44a3,1 5443aa5f,2 74f7c69c,3
PE 7a85c224 1 b3aa6588,0 54123ce4,1 5be28a0f,2 10a913d9,3
PE c91bb44a 1 811370cb,0 6d5c1f11,1 9df92d30,2 fc79cfab,3
PE ee7e5096 1 53fc0010,0 958801e9,1 3d17318d,2 7b336940,3
PE 354fb73b 1 3a9376ef,0 1bfd09ac,1 ea95bfa4,2 98c4f989,3 dffc7003,4 4b380c99,5 8c69b18a,6 8050c2a0,7
PE f98bebee 1 bd58d7e,0 9b22e1c8,1 797375a8,2 21942c4,3 67478945,4 9434a001,5 df58aa24,6 23cc861c,7 be25b878,8
PE a77304c3 1 5758fd59,0 34ac7b18,1 103c017,2 eeb3704d,3 7e2adb4c,4 8c740caa,5 4e5b1e10,6 3a2c5699,7 2a62555d,8
PE 4098b7c1 1 5799cf7e,0 9e5021d1,1 abf5c832,2
PE 7b1fa471 1 f0c66b00,0 13c7a8bb,1
PE 68b21b94 1 60731d70,0 136a626f,1 4356041d,2 a5f39069,3 beaafe71,4 9ed1f3c7,5
PE beff3185 1 ba3eae1e,0 64176477,1 6fcd43dd,2
PE ff842f1b 1 ed97d585,0 93185ea7,1 12ea92c7,2 ad76c606,3
PE f4161d51 1 1ea465e5,0 e0364be3,1
PE 5da4244 1 b739fbea,0 f480df92,1 687fb186,2 dd451680,3 cf9da0e0,4 4717fdad,5 f8c8462a,6 c5a1ea76,7 b3a7b937,8 3a73ccfe,9 f752bee5,10 4787e50f,11 63d80e8c,12 85005b57,13 728be755,14 59d6d658,15 a355af0d,16 41ebc986,17 f795767a,18 e5bed7a2,19 f7e279f3,20
PE d500c082 1 6e403d5a,0 f89d0fb4,1 20c7590c,2
PE 29be262a 1 c1bbd038,0 8a5f2d90,1 9c33a285,2
PE ecbc740e 1 434d84f3,0 feab3a5c,1 a8f4f9b,2
PE 3817d55e 1 c37a552e,0 83e68a42,1 efc70d2a,2 54fa088e,3 3915a963,4 e2361616,5 a8f4e639,6 6fd9f15c,7 29a2eeb5,8 e91d34c4,9 dd96d27e,10 c808e512,11
PE 471bca5b 1 b493a9dc,0 c968cfb,1
PE c9e9a69a 1 e6b7eb79,0 74980d3b,1 1c43e8ec,2 ab34caad,3
PE 6452a05b 1 21569096,0
PE 4b5acc2f 1 c2485bbc,0 8e22c856,1 983c176c,2 12cd0c94,3 81046901,4 7d934f41,5 6f5d45b3,6
PE 26a60207 1 73d556cb,0 ee09c197,1 1ebb6975,2 13a5b7d4,3
